query_name,raw_smiles,parent_smiles,inchi_key,chembl_id,match_method,n_candidates,n_fragments,stripped_frags,status,warning,cardiotox_label,DICT_Concern
HYALURONIC ACID,,,,CHEMBL5314376,exact_pref_name_match,20,0,[],no_structure, | No canonical_smiles in ChEMBL response,0,no
Olanzapine pamoate,Cc1cc2c(s1)Nc1ccccc1N=C2N1CCN(C)CC1.O.O=C(O)c1cc2ccccc2c(Cc2c(O)c(C(=O)O)cc3ccccc23)c1O,O=C(O)c1cc2ccccc2c(Cc2c(O)c(C(=O)O)cc3ccccc23)c1O,WLJNZVDCPSBLRP-UHFFFAOYSA-N,CHEMBL3989694,exact_pref_name_match,20,3,"['Cc1cc2c(s1)Nc1ccccc1N=C2N1CCN(C)CC1', 'O']",success,,1,less
Trimethobenzamide Hydrochloride,COc1cc(C(=O)NCc2ccc(OCCN(C)C)cc2)cc(OC)c1OC.Cl,COc1cc(C(=O)NCc2ccc(OCCN(C)C)cc2)cc(OC)c1OC,FEZBIKUBAYAZIU-UHFFFAOYSA-N,CHEMBL1200887,exact_pref_name_match,20,2,['Cl'],success,,0,no
PENICILLIN G BENZATHINE,CC1(C)S[C@@H]2[C@H](NC(=O)Cc3ccccc3)C(=O)N2[C@H]1C(=O)O.CC1(C)S[C@@H]2[C@H](NC(=O)Cc3ccccc3)C(=O)N2[C@H]1C(=O)O.O.O.O.O.c1ccc(CNCCNCc2ccccc2)cc1,CC1(C)S[C@@H]2[C@H](NC(=O)Cc3ccccc3)C(=O)N2[C@H]1C(=O)O,JGSARLDLIJGVTE-MBNYWOFBSA-N,CHEMBL3989515,exact_pref_name_match,20,7,"['CC1(C)S[C@@H]2[C@H](NC(=O)Cc3ccccc3)C(=O)N2[C@H]1C(=O)O', 'c1ccc(CNCCNCc2ccccc2)cc1', 'O', 'O', 'O', 'O']",success,,1,less
paliperidone palmitate,CCCCCCCCCCCCCCCC(=O)OC1CCCn2c1nc(C)c(CCN1CCC(c3noc4cc(F)ccc34)CC1)c2=O,CCCCCCCCCCCCCCCC(=O)OC1CCCn2c1nc(C)c(CCN1CCC(c3noc4cc(F)ccc34)CC1)c2=O,VOMKSBFLAZZBOW-UHFFFAOYSA-N,CHEMBL2107360,exact_pref_name_match,20,1,[],success,,1,most
TESTOSTERONE UNDECANOATE,CCCCCCCCCCC(=O)O[C@H]1CC[C@H]2[C@@H]3CCC4=CC(=O)CC[C@]4(C)[C@H]3CC[C@]12C,CCCCCCCCCCC(=O)O[C@H]1CC[C@H]2[C@@H]3CCC4=CC(=O)CC[C@]4(C)[C@H]3CC[C@]12C,UDSFVOAUHKGBEK-CNQKSJKFSA-N,CHEMBL2107067,exact_pref_name_match,20,1,[],success,,1,most
aripiprazole lauroxil,CCCCCCCCCCCC(=O)OCN1C(=O)CCc2ccc(OCCCCN3CCN(c4cccc(Cl)c4Cl)CC3)cc21,CCCCCCCCCCCC(=O)OCN1C(=O)CCc2ccc(OCCCCN3CCN(c4cccc(Cl)c4Cl)CC3)cc21,DDINXHAORAAYAD-UHFFFAOYSA-N,CHEMBL2219425,exact_pref_name_match,4,1,[],success,,1,less
PASIREOTIDE,NCCCC[C@@H]1NC(=O)[C@@H](Cc2c[nH]c3ccccc23)NC(=O)[C@H](c2ccccc2)NC(=O)[C@@H]2C[C@@H](OC(=O)NCCN)CN2C(=O)[C@H](Cc2ccccc2)NC(=O)[C@H](Cc2ccc(OCc3ccccc3)cc2)NC1=O,NCCCC[C@@H]1NC(=O)[C@@H](Cc2c[nH]c3ccccc23)NC(=O)[C@H](c2ccccc2)NC(=O)[C@@H]2C[C@@H](OC(=O)NCCN)CN2C(=O)[C@H](Cc2ccccc2)NC(=O)[C@H](Cc2ccc(OCc3ccccc3)cc2)NC1=O,VMZMNAABQBOLAK-DBILLSOUSA-N,CHEMBL3349607,exact_pref_name_match,4,1,[],success,,1,most
triptorelin,CC(C)C[C@H](NC(=O)[C@@H](Cc1c[nH]c2ccccc12)NC(=O)[C@H](Cc1ccc(O)cc1)NC(=O)[C@H](CO)NC(=O)[C@H](Cc1c[nH]c2ccccc12)NC(=O)[C@H](Cc1c[nH]cn1)NC(=O)[C@@H]1CCC(=O)N1)C(=O)N[C@@H](CCCNC(=N)N)C(=O)N1CCC[C@H]1C(=O)NCC(N)=O,CC(C)C[C@H](NC(=O)[C@@H](Cc1c[nH]c2ccccc12)NC(=O)[C@H](Cc1ccc(O)cc1)NC(=O)[C@H](CO)NC(=O)[C@H](Cc1c[nH]c2ccccc12)NC(=O)[C@H](Cc1c[nH]cn1)NC(=O)[C@@H]1CCC(=O)N1)C(=O)N[C@@H](CCCNC(=N)N)C(=O)N1CCC[C@H]1C(=O)NCC(N)=O,VXKHXGOKWPXYNA-PGBVPBMZSA-N,CHEMBL1201334,exact_pref_name_match,4,1,[],success,,1,less
naltrexone,,,,,,0,0,[],api_error,API request failed after all retries,1,less
CABOTEGRAVIR SODIUM,,,,,,0,0,[],api_error,API request failed after all retries,0,no
Fulvestrant,C[C@]12CC[C@@H]3c4ccc(O)cc4C[C@@H](CCCCCCCCC[S@+]([O-])CCCC(F)(F)C(F)(F)F)[C@H]3[C@@H]1CC[C@@H]2O,C[C@]12CC[C@@H]3c4ccc(O)cc4C[C@@H](CCCCCCCCC[S@+]([O-])CCCC(F)(F)C(F)(F)F)[C@H]3[C@@H]1CC[C@@H]2O,VWUXBMIQPBEWFH-GXZKXCMSSA-N,,,0,0,[],api_error,API request failed after all retries,0,no
Dimercaprol,,,,,,0,0,[],api_error,API request failed after all retries,1,less
TRIPTORELIN PAMOATE,CC(C)C[C@H](NC(=O)[C@@H](Cc1c[nH]c2ccccc12)NC(=O)[C@H](Cc1ccc(O)cc1)NC(=O)[C@H](CO)NC(=O)[C@H](Cc1c[nH]c2ccccc12)NC(=O)[C@H](Cc1c[nH]cn1)NC(=O)[C@@H]1CCC(=O)N1)C(=O)N[C@@H](CCCNC(=N)N)C(=O)N1CCC[C@H]1C(=O)NCC(N)=O.O=C(O)c1cc2ccccc2c(Cc2c(O)c(C(=O)O)cc3ccccc23)c1O,CC(C)C[C@H](NC(=O)[C@@H](Cc1c[nH]c2ccccc12)NC(=O)[C@H](Cc1ccc(O)cc1)NC(=O)[C@H](CO)NC(=O)[C@H](Cc1c[nH]c2ccccc12)NC(=O)[C@H](Cc1c[nH]cn1)NC(=O)[C@@H]1CCC(=O)N1)C(=O)N[C@@H](CCCNC(=N)N)C(=O)N1CCC[C@H]1C(=O)NCC(N)=O,VXKHXGOKWPXYNA-PGBVPBMZSA-N,CHEMBL1200554,exact_pref_name_match,20,2,['O=C(O)c1cc2ccccc2c(Cc2c(O)c(C(=O)O)cc3ccccc23)c1O'],success,,1,most
CARBOPROST TROMETHAMINE,CCCCC[C@](C)(O)/C=C/[C@@H]1[C@@H](C/C=C\CCCC(=O)O)[C@@H](O)C[C@H]1O.NC(CO)(CO)CO,CCCCC[C@](C)(O)/C=C/[C@@H]1[C@@H](C/C=C\CCCC(=O)O)[C@@H](O)C[C@H]1O,DLJKPYFALUEJCK-IIELGFQLSA-N,CHEMBL1237105,exact_pref_name_match,20,2,['NC(CO)(CO)CO'],success,,1,less
HYDROXOCOBALAMIN ACETATE,,,,CHEMBL2103737,fallback_highest_score,20,0,[],no_structure,No exact pref_name match; chose highest score (41.0) among 20 candidates | No canonical_smiles in ChEMBL response,0,no
Cyanocobalamin,CC1=CC2=C(C=C1C)N(C=N2)[C@@H]3[C@@H]([C@@H]([C@H](O3)CO)OP(=O)([O-])O[C@H](C)CNC(=O)CCC4(C)C([C@@H]5N4[Co+]678(N9=C1C(=CC1=N6C(=CC1=N7C(=C5)C(C)(C)CC(=O)N)C(C)(CC(=O)N)C1CC(=O)N)C(C)(C)[C@@H]1CCC(=O)N)N1=C(N82)C=C(C)C=C1C)C)C(C)(CC(=O)N)C1CC(=O)N)O,,RIZLXBDCUGOHMW-PXFOKSAYSA-L,,,0,0,[],api_error,API request failed after all retries,1,less
ESTRADIOL VALERATE,,,,,,0,0,[],api_error,API request failed after all retries,1,most
TESTOSTERONE CYPIONATE,,,,,,0,0,[],api_error,API request failed after all retries,1,most
STREPTOMYCIN SULFATE,,,,,,0,0,[],api_error,API request failed after all retries,0,no
MEDROXYPROGESTERONE ACETATE,,,,,,0,0,[],api_error,API request failed after all retries,1,less
HALOPERIDOL DECANOATE,CCCCCCCCCC(=O)OC1(c2ccc(Cl)cc2)CCN(CCCC(=O)c2ccc(F)cc2)CC1,CCCCCCCCCC(=O)OC1(c2ccc(Cl)cc2)CCN(CCCC(=O)c2ccc(F)cc2)CC1,GUTXTARXLVFHDK-UHFFFAOYSA-N,CHEMBL1200986,exact_pref_name_match,20,1,[],success,,1,most
ESTRADIOL CYPIONATE,,,,,,0,0,[],api_error,API request failed after all retries,1,most
Haloperidol Lactate,,,,,,0,0,[],api_error,API request failed after all retries,1,most
ZIPRASIDONE MESYLATE,CS(=O)(=O)O.O.O.O.O=C1Cc2cc(CCN3CCN(c4nsc5ccccc45)CC3)c(Cl)cc2N1,O=C1Cc2cc(CCN3CCN(c4nsc5ccccc45)CC3)c(Cl)cc2N1,MVWVFYHBGMAFLY-UHFFFAOYSA-N,CHEMBL3989833,exact_pref_name_match,20,5,"['CS(=O)(=O)O', 'O', 'O', 'O']",success,,1,less
PENICILLIN G PROCAINE,,,,,,0,0,[],api_error,API request failed after all retries,0,no
BLEOMYCIN SULFATE,,,,,,0,0,[],api_error,API request failed after all retries,1,less
POLYMYXIN B SULFATE,,,,CHEMBL5314355,exact_pref_name_match,20,0,[],no_structure, | No canonical_smiles in ChEMBL response,0,no
"ESTROGENS, CONJUGATED",,,,,,0,0,[],api_error,API request failed after all retries,1,less
capreomycin sulfate,,,,,,0,0,[],api_error,API request failed after all retries,0,no
IRON DEXTRAN,,,,,,0,0,[],api_error,API request failed after all retries,1,less
HYDROCORTISONE SODIUM SUCCINATE,,,,,,0,0,[],api_error,API request failed after all retries,1,less
EDETATE CALCIUM DISODIUM,,,,,,0,0,[],api_error,API request failed after all retries,1,less
OXYTOCIN,,,,,,0,0,[],api_error,API request failed after all retries,1,less
PENICILLIN G SODIUM,CC1(C)S[C@@H]2[C@H](NC(=O)Cc3ccccc3)C(=O)N2[C@H]1C(=O)[O-].[Na+],CC1(C)S[C@@H]2[C@H](NC(=O)Cc3ccccc3)C(=O)N2[C@H]1C(=O)[O-],JGSARLDLIJGVTE-MBNYWOFBSA-M,CHEMBL1126,exact_pref_name_match,20,2,['[Na+]'],success,,1,less
Phentolamine Mesylate,CS(=O)(=O)O.Cc1ccc(N(CC2=NCCN2)c2cccc(O)c2)cc1,Cc1ccc(N(CC2=NCCN2)c2cccc(O)c2)cc1,MRBDMNSDAVCSSF-UHFFFAOYSA-N,CHEMBL1200873,exact_pref_name_match,20,2,['CS(=O)(=O)O'],success,,1,most
Colistimethate Sodium,,,,CHEMBL1201441,exact_pref_name_match,20,0,[],no_structure, | No canonical_smiles in ChEMBL response,0,no
Orphenadrine Citrate,Cc1ccccc1C(OCCN(C)C)c1ccccc1.O=C(O)CC(O)(CC(=O)O)C(=O)O,Cc1ccccc1C(OCCN(C)C)c1ccccc1,QVYRGXJJSLMXQH-UHFFFAOYSA-N,CHEMBL1200395,exact_pref_name_match,20,2,['O=C(O)CC(O)(CC(=O)O)C(=O)O'],success,,1,less
Midazolam Hydrochloride,,,,,,0,0,[],api_error,API request failed after all retries,1,most
METOCLOPRAMIDE HYDROCHLORIDE,,,,,,0,0,[],api_error,API request failed after all retries,1,less
PENICILLIN G POTASSIUM,CC1(C)S[C@@H]2[C@H](NC(=O)Cc3ccccc3)C(=O)N2[C@H]1C(=O)[O-].[K+],CC1(C)S[C@@H]2[C@H](NC(=O)Cc3ccccc3)C(=O)N2[C@H]1C(=O)[O-],JGSARLDLIJGVTE-MBNYWOFBSA-M,CHEMBL1223,exact_pref_name_match,20,2,['[K+]'],success,,1,less
PENTAMIDINE ISETHIONATE,N=C(N)c1ccc(OCCCCCOc2ccc(C(=N)N)cc2)cc1.O=S(=O)(O)CCO.O=S(=O)(O)CCO,N=C(N)c1ccc(OCCCCCOc2ccc(C(=N)N)cc2)cc1,XDRYMKDFEDOLFX-UHFFFAOYSA-N,CHEMBL361506,exact_pref_name_match,20,3,"['O=S(=O)(O)CCO', 'O=S(=O)(O)CCO']",success,,1,less
DIPHENHYDRAMINE HYDROCHLORIDE,,,,,,0,0,[],api_error,API request failed after all retries,1,less
PROCAINAMIDE HYDROCHLORIDE,CCN(CC)CCNC(=O)c1ccc(N)cc1.Cl,CCN(CC)CCNC(=O)c1ccc(N)cc1,REQCZEXYDRLIBE-UHFFFAOYSA-N,CHEMBL605,exact_pref_name_match,20,2,['Cl'],success,,1,most
LEUCOVORIN CALCIUM,,,,,,0,0,[],api_error,API request failed after all retries,0,no
cefuroxime sodium,,,,,,0,0,[],api_error,API request failed after all retries,0,no
PROCHLORPERAZINE EDISYLATE,,,,,,0,0,[],api_error,API request failed after all retries,1,less
CEFAZOLIN SODIUM,Cc1nnc(SCC2=C(C(=O)[O-])N3C(=O)[C@@H](NC(=O)Cn4cnnn4)[C@H]3SC2)s1.[Na+],Cc1nnc(SCC2=C(C(=O)[O-])N3C(=O)[C@@H](NC(=O)Cn4cnnn4)[C@H]3SC2)s1,MLYYVTUWGNIJIB-BXKDBHETSA-M,CHEMBL1200523,exact_pref_name_match,20,2,['[Na+]'],success,,0,no
DROPERIDOL,O=C(CCCN1CC=C(n2c(=O)[nH]c3ccccc32)CC1)c1ccc(F)cc1,O=C(CCCN1CC=C(n2c(=O)[nH]c3ccccc32)CC1)c1ccc(F)cc1,RMEDXOLNCUSCGS-UHFFFAOYSA-N,CHEMBL1108,exact_pref_name_match,1,1,[],success,,1,most
KETAMINE HYDROCHLORIDE,CNC1(c2ccccc2Cl)CCCCC1=O.Cl,CNC1(c2ccccc2Cl)CCCCC1=O,YQEZLKZALYSWHR-UHFFFAOYSA-N,CHEMBL1714,exact_pref_name_match,20,2,['Cl'],success,,1,less
ONDANSETRON HYDROCHLORIDE,Cc1nccn1CC1CCc2c(c3ccccc3n2C)C1=O.Cl.O.O,Cc1nccn1CC1CCc2c(c3ccccc3n2C)C1=O,FELGMEQIXOGIFQ-UHFFFAOYSA-N,CHEMBL3186492,exact_pref_name_match,20,4,"['Cl', 'O', 'O']",success,,1,most
Pentobarbital Sodium,CCCC(C)C1(CC)C(=O)N=C([O-])NC1=O.[Na+],CCCC(C)C1(CC)C(=O)N=C([O-])NC1=O,WEXRUCMBJFQVBZ-UHFFFAOYSA-M,CHEMBL971,exact_pref_name_match,20,2,['[Na+]'],success,,1,less
AMIKACIN SULFATE,NCC[C@H](O)C(=O)N[C@@H]1C[C@H](N)[C@@H](O[C@H]2O[C@H](CN)[C@@H](O)[C@H](O)[C@H]2O)[C@H](O)[C@H]1O[C@H]1O[C@H](CO)[C@@H](O)[C@H](N)[C@H]1O.O=S(=O)(O)O.O=S(=O)(O)O,NCC[C@H](O)C(=O)N[C@@H]1C[C@H](N)[C@@H](O[C@H]2O[C@H](CN)[C@@H](O)[C@H](O)[C@H]2O)[C@H](O)[C@H]1O[C@H]1O[C@H](CO)[C@@H](O)[C@H](N)[C@H]1O,LKCWBDHBTVXHDL-RMDFUYIESA-N,CHEMBL4208954,exact_pref_name_match,20,3,"['O=S(=O)(O)O', 'O=S(=O)(O)O']",success,,0,no
THIAMINE HYDROCHLORIDE,Cc1ncc(C[n+]2csc(CCO)c2C)c(N)n1.Cl.[Cl-],Cc1ncc(C[n+]2csc(CCO)c2C)c(N)n1,JZRWCGZRTZMZEH-UHFFFAOYSA-N,CHEMBL1200941,exact_pref_name_match,20,3,"['Cl', '[Cl-]']",success,,0,no
METHYLPREDNISOLONE SODIUM SUCCINATE,C[C@H]1C[C@@H]2[C@H]([C@@H](O)C[C@@]3(C)[C@H]2CC[C@]3(O)C(=O)COC(=O)CCC(=O)[O-])[C@@]2(C)C=CC(=O)C=C12.[Na+],C[C@H]1C[C@@H]2[C@H]([C@@H](O)C[C@@]3(C)[C@H]2CC[C@]3(O)C(=O)COC(=O)CCC(=O)[O-])[C@@]2(C)C=CC(=O)C=C12,IMBXEJJVJRTNOW-XYMSELFBSA-M,CHEMBL1201081,exact_pref_name_match,20,2,['[Na+]'],success,,1,less
DIMENHYDRINATE,CN(C)CCOC(c1ccccc1)c1ccccc1.Cn1c(=O)c2[nH]c(Cl)nc2n(C)c1=O,CN(C)CCOC(c1ccccc1)c1ccccc1,ZZVUWRFHKOJYTH-UHFFFAOYSA-N,CHEMBL1200406,exact_pref_name_match,2,2,['Cn1c(=O)c2[nH]c(Cl)nc2n(C)c1=O'],success,,1,less
Methylergonovine Maleate,CC[C@@H](CO)NC(=O)[C@@H]1C=C2c3cccc4[nH]cc(c34)C[C@H]2N(C)C1.O=C(O)/C=C\C(=O)O,CC[C@@H](CO)NC(=O)[C@@H]1C=C2c3cccc4[nH]cc(c34)C[C@H]2N(C)C1,UNBRKDKAWYKMIV-QWQRMKEZSA-N,CHEMBL1200843,exact_pref_name_match,20,2,['O=C(O)/C=C\\C(=O)O'],success,,1,less
SUCCINYLCHOLINE CHLORIDE,C[N+](C)(C)CCOC(=O)CCC(=O)OCC[N+](C)(C)C.[Cl-].[Cl-],C[N+](C)(C)CCOC(=O)CCC(=O)OCC[N+](C)(C)C,AXOIZCJOOAYSMI-UHFFFAOYSA-N,CHEMBL983,exact_pref_name_match,20,3,"['[Cl-]', '[Cl-]']",success,,1,most
Tobramycin Sulfate,NC[C@H]1O[C@H](O[C@H]2[C@H](O)[C@@H](O[C@H]3O[C@H](CO)[C@@H](O)[C@H](N)[C@H]3O)[C@H](N)C[C@@H]2N)[C@H](N)C[C@@H]1O.NC[C@H]1O[C@H](O[C@H]2[C@H](O)[C@@H](O[C@H]3O[C@H](CO)[C@@H](O)[C@H](N)[C@H]3O)[C@H](N)C[C@@H]2N)[C@H](N)C[C@@H]1O.O=S(=O)(O)O.O=S(=O)(O)O.O=S(=O)(O)O.O=S(=O)(O)O.O=S(=O)(O)O,NC[C@H]1O[C@H](O[C@H]2[C@H](O)[C@@H](O[C@H]3O[C@H](CO)[C@@H](O)[C@H](N)[C@H]3O)[C@H](N)C[C@@H]2N)[C@H](N)C[C@@H]1O,NLVFBUXFDBBNBW-PBSUHMDJSA-N,CHEMBL3989564,exact_pref_name_match,20,7,"['NC[C@H]1O[C@H](O[C@H]2[C@H](O)[C@@H](O[C@H]3O[C@H](CO)[C@@H](O)[C@H](N)[C@H]3O)[C@H](N)C[C@@H]2N)[C@H](N)C[C@@H]1O', 'O=S(=O)(O)O', 'O=S(=O)(O)O', 'O=S(=O)(O)O', 'O=S(=O)(O)O', 'O=S(=O)(O)O']",success,,0,no
AZTREONAM,C[C@H]1[C@H](NC(=O)/C(=N\OC(C)(C)C(=O)O)c2csc(N)n2)C(=O)N1S(=O)(=O)O,C[C@H]1[C@H](NC(=O)/C(=N\OC(C)(C)C(=O)O)c2csc(N)n2)C(=O)N1S(=O)(=O)O,WZPBZJONDBGPKJ-VEHQQRBSSA-N,CHEMBL158,exact_pref_name_match,3,1,[],success,,1,less
OXACILLIN SODIUM,Cc1onc(-c2ccccc2)c1C(=O)N[C@@H]1C(=O)N2[C@@H]1SC(C)(C)[C@@H]2C(=O)[O-].O.[Na+],Cc1onc(-c2ccccc2)c1C(=O)N[C@@H]1C(=O)N2[C@@H]1SC(C)(C)[C@@H]2C(=O)[O-],UWYHMGVUTGAWSP-JKIFEVAISA-M,CHEMBL3989567,exact_pref_name_match,20,3,"['O', '[Na+]']",success,,1,less
Hydralazine Hydrochloride,Cl.NNc1nncc2ccccc12,NNc1nncc2ccccc12,RPTUSVTUFVMDQK-UHFFFAOYSA-N,CHEMBL542541,exact_pref_name_match,20,2,['Cl'],success,,1,most
colistimethate,,,,CHEMBL6067483,exact_pref_name_match,4,0,[],no_structure, | No canonical_smiles in ChEMBL response,0,no
SUCCINYLCHOLINE CHLORIDE DIHYDRATE,C[N+](C)(C)CCOC(=O)CCC(=O)OCC[N+](C)(C)C.[Cl-].[Cl-],C[N+](C)(C)CCOC(=O)CCC(=O)OCC[N+](C)(C)C,AXOIZCJOOAYSMI-UHFFFAOYSA-N,CHEMBL983,fallback_highest_score,20,3,"['[Cl-]', '[Cl-]']",success,No exact pref_name match; chose highest score (52.0) among 20 candidates,1,most
FOSPHENYTOIN SODIUM,O=C1NC(c2ccccc2)(c2ccccc2)C(=O)N1COP(=O)([O-])[O-].[Na+].[Na+],O=C1NC(c2ccccc2)(c2ccccc2)C(=O)N1COP(=O)([O-])[O-],XWLUWCNOOVRFPX-UHFFFAOYSA-L,CHEMBL919,exact_pref_name_match,20,3,"['[Na+]', '[Na+]']",success,,1,most
PYRIDOXINE HYDROCHLORIDE,Cc1ncc(CO)c(CO)c1O.Cl,Cc1ncc(CO)c(CO)c1O,LXNHXLLTXMVWPM-UHFFFAOYSA-N,CHEMBL1200756,exact_pref_name_match,20,2,['Cl'],success,,0,no
CEFOTETAN,CO[C@@]1(NC(=O)C2SC(=C(C(N)=O)C(=O)O)S2)C(=O)N2C(C(=O)O)=C(CSc3nnnn3C)CS[C@@H]21,CO[C@@]1(NC(=O)C2SC(=C(C(N)=O)C(=O)O)S2)C(=O)N2C(C(=O)O)=C(CSc3nnnn3C)CS[C@@H]21,SRZNHPXWXCNNDU-RHBCBLIFSA-N,CHEMBL474579,exact_pref_name_match,2,1,[],success,,0,no
ERTAPENEM SODIUM,C[C@@H](O)[C@H]1C(=O)N2C(C(=O)[O-])=C(S[C@@H]3CN[C@H](C(=O)Nc4cccc(C(=O)O)c4)C3)[C@H](C)[C@H]12.[Na+],C[C@@H](O)[C@H]1C(=O)N2C(C(=O)[O-])=C(S[C@@H]3CN[C@H](C(=O)Nc4cccc(C(=O)O)c4)C3)[C@H](C)[C@H]12,JUZNIMUFDBIJCM-ANEDZVCMSA-M,CHEMBL1232,exact_pref_name_match,20,2,['[Na+]'],success,,1,less
bumetanide,CCCCNc1cc(C(=O)O)cc(S(N)(=O)=O)c1Oc1ccccc1,CCCCNc1cc(C(=O)O)cc(S(N)(=O)=O)c1Oc1ccccc1,MAEIEVLCKWDQJH-UHFFFAOYSA-N,CHEMBL1072,exact_pref_name_match,1,1,[],success,,1,less
CEFOTETAN DISODIUM,,,,,,0,0,[],api_error,API request failed after all retries,0,no
edrophonium chloride,CC[N+](C)(C)c1cccc(O)c1.[Cl-],CC[N+](C)(C)c1cccc(O)c1,VWLHWLSRQJQWRG-UHFFFAOYSA-O,CHEMBL1128,exact_pref_name_match,20,2,['[Cl-]'],success,,1,most
Piperacillin Sodium,CCN1CCN(C(=O)N[C@@H](C(=O)N[C@@H]2C(=O)N3[C@@H]2SC(C)(C)[C@@H]3C(=O)[O-])c2ccccc2)C(=O)C1=O.[Na+],CCN1CCN(C(=O)N[C@@H](C(=O)N[C@@H]2C(=O)N3[C@@H]2SC(C)(C)[C@@H]3C(=O)[O-])c2ccccc2)C(=O)C1=O,IVBHGBMCVLDMKU-GXNBUGAJSA-M,CHEMBL1200820,exact_pref_name_match,20,2,['[Na+]'],success,,0,no
ceftizoxime sodium,,,,,,0,0,[],api_error,API request failed after all retries,0,no
Cosyntropin,CSCC[C@H](NC(=O)[C@H](CO)NC(=O)[C@H](Cc1ccc(O)cc1)NC(=O)[C@@H](N)CO)C(=O)N[C@@H](CCC(=O)O)C(=O)N[C@@H](Cc1c[nH]cn1)C(=O)N[C@@H](Cc1ccccc1)C(=O)N[C@@H](CCCNC(=N)N)C(=O)N[C@@H](Cc1c[nH]c2ccccc12)C(=O)NCC(=O)N[C@@H](CCCCN)C(=O)N1CCC[C@H]1C(=O)N[C@H](C(=O)NCC(=O)N[C@@H](CCCCN)C(=O)N[C@@H](CCCCN)C(=O)N[C@@H](CCCNC(=N)N)C(=O)N[C@@H](CCCNC(=N)N)C(=O)N1CCC[C@H]1C(=O)N[C@H](C(=O)N[C@@H](CCCCN)C(=O)N[C@H](C(=O)N[C@@H](Cc1ccc(O)cc1)C(=O)N1CCC[C@H]1C(=O)O)C(C)C)C(C)C)C(C)C,CSCC[C@H](NC(=O)[C@H](CO)NC(=O)[C@H](Cc1ccc(O)cc1)NC(=O)[C@@H](N)CO)C(=O)N[C@@H](CCC(=O)O)C(=O)N[C@@H](Cc1c[nH]cn1)C(=O)N[C@@H](Cc1ccccc1)C(=O)N[C@@H](CCCNC(=N)N)C(=O)N[C@@H](Cc1c[nH]c2ccccc12)C(=O)NCC(=O)N[C@@H](CCCCN)C(=O)N1CCC[C@H]1C(=O)N[C@H](C(=O)NCC(=O)N[C@@H](CCCCN)C(=O)N[C@@H](CCCCN)C(=O)N[C@@H](CCCNC(=N)N)C(=O)N[C@@H](CCCNC(=N)N)C(=O)N1CCC[C@H]1C(=O)N[C@H](C(=O)N[C@@H](CCCCN)C(=O)N[C@H](C(=O)N[C@@H](Cc1ccc(O)cc1)C(=O)N1CCC[C@H]1C(=O)O)C(C)C)C(C)C)C(C)C,ZOEFCCMDUURGSE-SQKVDDBVSA-N,CHEMBL2103784,exact_pref_name_match,1,1,[],success,,1,less
METHOHEXITAL SODIUM,C=CCC1(C(C)C#CCC)C(=O)N=C([O-])N(C)C1=O.[Na+],C=CCC1(C(C)C#CCC)C(=O)N=C([O-])N(C)C1=O,NZXKDOXHBHYTKP-UHFFFAOYSA-M,CHEMBL30219,exact_pref_name_match,20,2,['[Na+]'],success,,1,less
MEPERIDINE HYDROCHLORIDE,CCOC(=O)C1(c2ccccc2)CCN(C)CC1.Cl,CCOC(=O)C1(c2ccccc2)CCN(C)CC1,XADCESSVHJOZHK-UHFFFAOYSA-N,CHEMBL1701,exact_pref_name_match,20,2,['Cl'],success,,1,less
PRALIDOXIME CHLORIDE,C[n+]1ccccc1/C=N/O.[Cl-],C[n+]1ccccc1/C=N/O,JBKPUQTUERUYQE-UHFFFAOYSA-O,CHEMBL748,exact_pref_name_match,20,2,['[Cl-]'],success,,1,less
Nalbuphine Hydrochloride,Cl.Oc1ccc2c3c1O[C@H]1[C@@H](O)CC[C@@]4(O)[C@@H](C2)N(CC2CCC2)CC[C@]314,Oc1ccc2c3c1O[C@H]1[C@@H](O)CC[C@@]4(O)[C@@H](C2)N(CC2CCC2)CC[C@]314,NETZHAKZCGBWSS-CEDHKZHLSA-N,CHEMBL1201132,exact_pref_name_match,20,2,['Cl'],success,,1,less
DEFEROXAMINE MESYLATE,,,,,,0,0,[],api_error,API request failed after all retries,1,less
Hydromorphone Hydrochloride,CN1CC[C@]23c4c5ccc(O)c4O[C@H]2C(=O)CC[C@H]3[C@H]1C5.Cl,CN1CC[C@]23c4c5ccc(O)c4O[C@H]2C(=O)CC[C@H]3[C@H]1C5,WVLOADHCBXTIJK-YNHQPCIGSA-N,CHEMBL1237055,exact_pref_name_match,20,2,['Cl'],success,,1,less
WATER,O,O,XLYOFNOQVPJJNP-UHFFFAOYSA-N,CHEMBL1098659,exact_pref_name_match,20,1,[],success,,0,no
nalmefene hydrochloride,,,,,,0,0,[],api_error,API request failed after all retries,1,less
CORTICOTROPIN,,,,CHEMBL1201610,exact_pref_name_match,20,0,[],no_structure, | No canonical_smiles in ChEMBL response,1,less
CALCITONIN SALMON,CC(C)C[C@H](NC(=O)[C@H](CCCCN)NC(=O)CNC(=O)[C@H](CC(C)C)NC(=O)[C@@H](NC(=O)[C@@H]1CSSC[C@H](N)C(=O)N[C@@H](CO)C(=O)N[C@@H](CC(N)=O)C(=O)N[C@@H](CC(C)C)C(=O)N[C@@H](CO)C(=O)N[C@@H]([C@@H](C)O)C(=O)N1)C(C)C)C(=O)N[C@@H](CO)C(=O)N[C@@H](CCC(N)=O)C(=O)N[C@@H](CCC(=O)O)C(=O)N[C@@H](CC(C)C)C(=O)N[C@@H](Cc1c[nH]cn1)C(=O)N[C@@H](CCCCN)C(=O)N[C@@H](CC(C)C)C(=O)N[C@@H](CCC(N)=O)C(=O)N[C@H](C(=O)N[C@@H](Cc1ccc(O)cc1)C(=O)N1CCC[C@H]1C(=O)N[C@@H](CCCNC(=N)N)C(=O)N[C@H](C(=O)N[C@@H](CC(N)=O)C(=O)N[C@H](C(=O)NCC(=O)N[C@@H](CO)C(=O)NCC(=O)N[C@H](C(=O)N1CCC[C@H]1C(N)=O)[C@@H](C)O)[C@@H](C)O)[C@@H](C)O)[C@@H](C)O,CC(C)C[C@H](NC(=O)[C@H](CCCCN)NC(=O)CNC(=O)[C@H](CC(C)C)NC(=O)[C@@H](NC(=O)[C@@H]1CSSC[C@H](N)C(=O)N[C@@H](CO)C(=O)N[C@@H](CC(N)=O)C(=O)N[C@@H](CC(C)C)C(=O)N[C@@H](CO)C(=O)N[C@@H]([C@@H](C)O)C(=O)N1)C(C)C)C(=O)N[C@@H](CO)C(=O)N[C@@H](CCC(N)=O)C(=O)N[C@@H](CCC(=O)O)C(=O)N[C@@H](CC(C)C)C(=O)N[C@@H](Cc1c[nH]cn1)C(=O)N[C@@H](CCCCN)C(=O)N[C@@H](CC(C)C)C(=O)N[C@@H](CCC(N)=O)C(=O)N[C@H](C(=O)N[C@@H](Cc1ccc(O)cc1)C(=O)N1CCC[C@H]1C(=O)N[C@@H](CCCNC(=N)N)C(=O)N[C@H](C(=O)N[C@@H](CC(N)=O)C(=O)N[C@H](C(=O)NCC(=O)N[C@@H](CO)C(=O)NCC(=O)N[C@H](C(=O)N1CCC[C@H]1C(N)=O)[C@@H](C)O)[C@@H](C)O)[C@@H](C)O)[C@@H](C)O,BBBFJLBPOGFECG-VJVYQDLKSA-N,CHEMBL3989767,exact_pref_name_match,20,1,[],success,,1,less
HYDROXYPROGESTERONE CAPROATE,,,,,,0,0,[],api_error,API request failed after all retries,1,less
FLUPHENAZINE DECANOATE,,,,,,0,0,[],api_error,API request failed after all retries,1,most
LEUPROLIDE ACETATE,,,,,,0,0,[],api_error,API request failed after all retries,1,less
ACETYLCHOLINE CHLORIDE,,,,,,0,0,[],api_error,API request failed after all retries,1,less
BRILLIANT BLUE G,,,,,,0,0,[],api_error,API request failed after all retries,0,no
TRYPAN BLUE,,,,,,0,0,[],api_error,API request failed after all retries,0,no
TALC,,,,,,0,0,[],api_error,API request failed after all retries,1,less
Procaine Hydrochloride,,,,,,0,0,[],api_error,API request failed after all retries,1,less
ziconotide acetate,,,,,,0,0,[],api_error,API request failed after all retries,1,less
Indium In-111 Pentetate Disodium,,,,CHEMBL2107480,fallback_highest_score,20,0,[],no_structure,No exact pref_name match; chose highest score (116.0) among 20 candidates | No canonical_smiles in ChEMBL response,0,no
Nusinersen,,,,CHEMBL3301572,exact_pref_name_match,2,0,[],no_structure, | No canonical_smiles in ChEMBL response,0,no
Iohexol,CC(=O)N(CC(O)CO)c1c(I)c(C(=O)NCC(O)CO)c(I)c(C(=O)NCC(O)CO)c1I,CC(=O)N(CC(O)CO)c1c(I)c(C(=O)NCC(O)CO)c(I)c(C(=O)NCC(O)CO)c1I,NTHXOOBQLCIOLC-UHFFFAOYSA-N,CHEMBL1200455,exact_pref_name_match,3,1,[],success,,1,most
cytarabine,Nc1ccn([C@@H]2O[C@H](CO)[C@@H](O)[C@@H]2O)c(=O)n1,Nc1ccn([C@@H]2O[C@H](CO)[C@@H](O)[C@@H]2O)c(=O)n1,UHDGCWIWMRVCDJ-CCXZUQQUSA-N,CHEMBL803,exact_pref_name_match,20,1,[],success,,1,less
COPPER,,,,,,0,0,[],api_error,API request failed after all retries,0,no
IOTHALAMATE MEGLUMINE,,,,,,0,0,[],api_error,API request failed after all retries,1,most
IOPAMIDOL,C[C@H](O)C(=O)Nc1c(I)c(C(=O)NC(CO)CO)c(I)c(C(=O)NC(CO)CO)c1I,C[C@H](O)C(=O)Nc1c(I)c(C(=O)NC(CO)CO)c(I)c(C(=O)NC(CO)CO)c1I,XQZXYNRDCRIARQ-LURJTMIESA-N,CHEMBL1200932,exact_pref_name_match,2,1,[],success,,1,most
Iodixanol,CC(=O)N(CC(O)CN(C(C)=O)c1c(I)c(C(=O)NCC(O)CO)c(I)c(C(=O)NCC(O)CO)c1I)c1c(I)c(C(=O)NCC(O)CO)c(I)c(C(=O)NCC(O)CO)c1I,CC(=O)N(CC(O)CN(C(C)=O)c1c(I)c(C(=O)NCC(O)CO)c(I)c(C(=O)NCC(O)CO)c1I)c1c(I)c(C(=O)NCC(O)CO)c(I)c(C(=O)NCC(O)CO)c1I,NBQNWMBBSKPBAY-UHFFFAOYSA-N,CHEMBL1200507,exact_pref_name_match,3,1,[],success,,1,most
ALPROSTADIL,CCCCC[C@H](O)/C=C/[C@H]1[C@H](O)CC(=O)[C@@H]1CCCCCCC(=O)O,CCCCC[C@H](O)/C=C/[C@H]1[C@H](O)CC(=O)[C@@H]1CCCCCCC(=O)O,GMVPRGQOIOIIMI-DWKJAMRDSA-N,CHEMBL495,exact_pref_name_match,2,1,[],success,,1,less
CYSTEINE HYDROCHLORIDE,Cl.N[C@@H](CS)C(=O)O,N[C@@H](CS)C(=O)O,XUJNEKJLAYXESH-REOHCLBHSA-N,CHEMBL1200630,exact_pref_name_match,20,2,['Cl'],success,,0,no
GALLIUM GA-68 GOZETOTIDE,O=C([O-])CN(CCN(CC(=O)[O-])Cc1cc(CCC(=O)NCCCCCC(=O)NCCCC[C@H](NC(=O)N[C@@H](CCC(=O)O)C(=O)O)C(=O)O)ccc1[O-])Cc1cc(CCC(=O)O)ccc1[O-].[68Ga+3].[OH3+],O=C([O-])CN(CCN(CC(=O)[O-])Cc1cc(CCC(=O)NCCCCCC(=O)NCCCC[C@H](NC(=O)N[C@@H](CCC(=O)O)C(=O)O)C(=O)O)ccc1[O-])Cc1cc(CCC(=O)O)ccc1[O-],QJUIUFGOTBRHKP-LQJZCPKCSA-J,CHEMBL5095039,fallback_highest_score,20,3,"['[68Ga+3]', '[OH3+]']",success,No exact pref_name match; chose highest score (118.0) among 20 candidates,0,no
Etomidate,CCOC(=O)c1cncn1[C@H](C)c1ccccc1,CCOC(=O)c1cncn1[C@H](C)c1ccccc1,NPUKDXXFDDZOKR-LLVKDONJSA-N,CHEMBL681,exact_pref_name_match,17,1,[],success,,1,less
"VASOPRESSIN, UNSPECIFIED",,,,CHEMBL4297943,fallback_highest_score,20,0,[],no_structure,No exact pref_name match; chose highest score (32.0) among 20 candidates | No canonical_smiles in ChEMBL response,1,less
EDOTREOTIDE GALLIUM GA-68,,,,CHEMBL4297340,exact_pref_name_match,20,0,[],no_structure, | No canonical_smiles in ChEMBL response,0,no
PORFIMER SODIUM,,,,,,0,0,[],api_error,API request failed after all retries,1,less
casimersen,,,,CHEMBL4297566,exact_pref_name_match,1,0,[],no_structure, | No canonical_smiles in ChEMBL response,0,no
TECHNETIUM TC-99M MEDRONATE,,,,CHEMBL1200931,fallback_highest_score,20,0,[],no_structure,No exact pref_name match; chose highest score (113.0) among 20 candidates | No canonical_smiles in ChEMBL response,0,no
fosdenopterin hydrobromide,Br.Nc1nc(=O)c2c([nH]1)N[C@@H]1O[C@@H]3COP(=O)(O)O[C@@H]3C(O)(O)[C@@H]1N2.O.O,Nc1nc(=O)c2c([nH]1)N[C@@H]1O[C@@H]3COP(=O)(O)O[C@@H]3C(O)(O)[C@@H]1N2,CZAKJJUNKNPTTO-AJFJRRQVSA-N,CHEMBL4594300,exact_pref_name_match,20,4,"['Br', 'O', 'O']",success,,0,no
patisiran sodium,,,,CHEMBL4297536,exact_pref_name_match,20,0,[],no_structure, | No canonical_smiles in ChEMBL response,1,less
ERAVACYCLINE DIHYDROCHLORIDE,CN(C)[C@@H]1C(O)=C(C(N)=O)C(=O)[C@@]2(O)C(O)=C3C(=O)c4c(O)c(NC(=O)CN5CCCC5)cc(F)c4C[C@H]3C[C@@H]12.Cl.Cl,CN(C)[C@@H]1C(O)=C(C(N)=O)C(=O)[C@@]2(O)C(O)=C3C(=O)c4c(O)c(NC(=O)CN5CCCC5)cc(F)c4C[C@H]3C[C@@H]12,HLFSMUUOKPBTSM-ISIOAQNYSA-N,CHEMBL2219414,exact_pref_name_match,20,3,"['Cl', 'Cl']",success,,1,less
COPANLISIB,,,,,,0,0,[],api_error,API request failed after all retries,1,less
GALLIUM NITRATE,,,,CHEMBL1200983,exact_pref_name_match,20,0,[],no_structure, | No canonical_smiles in ChEMBL response,1,less
oritavancin diphosphate,CN[C@H](CC(C)C)C(=O)N[C@H]1C(=O)N[C@@H](CC(N)=O)C(=O)N[C@H]2C(=O)N[C@H]3C(=O)N[C@H](C(=O)N[C@H](C(=O)O)c4cc(O)cc(O)c4-c4cc3ccc4O)[C@H](O[C@H]3C[C@](C)(N)[C@@H](O)[C@H](C)O3)c3ccc(c(Cl)c3)Oc3cc2cc(c3O[C@@H]2O[C@H](CO)[C@@H](O)[C@H](O)[C@H]2O[C@H]2C[C@](C)(NCc3ccc(-c4ccc(Cl)cc4)cc3)[C@@H](O)[C@H](C)O2)Oc2ccc(cc2Cl)[C@H]1O.O=P(O)(O)O.O=P(O)(O)O,CN[C@H](CC(C)C)C(=O)N[C@H]1C(=O)N[C@@H](CC(N)=O)C(=O)N[C@H]2C(=O)N[C@H]3C(=O)N[C@H](C(=O)N[C@H](C(=O)O)c4cc(O)cc(O)c4-c4cc3ccc4O)[C@H](O[C@H]3C[C@](C)(N)[C@@H](O)[C@H](C)O3)c3ccc(c(Cl)c3)Oc3cc2cc(c3O[C@@H]2O[C@H](CO)[C@@H](O)[C@H](O)[C@H]2O[C@H]2C[C@](C)(NCc3ccc(-c4ccc(Cl)cc4)cc3)[C@@H](O)[C@H](C)O2)Oc2ccc(cc2Cl)[C@H]1O,VHFGEBVPHAGQPI-LXKZPTCJSA-N,CHEMBL3989766,exact_pref_name_match,20,3,"['O=P(O)(O)O', 'O=P(O)(O)O']",success,,1,less
FERRIC PYROPHOSPHATE CITRATE,,,,,,0,0,[],api_error,API request failed after all retries,1,less
Ephedrine Sulfate,,,,,,0,0,[],api_error,API request failed after all retries,1,less
Cefiderocol sulfate tosylate,,,,,,0,0,[],api_error,API request failed after all retries,1,less
FLORBETABEN F-18,,,,,,0,0,[],api_error,API request failed after all retries,0,no
FLUOROESTRADIOL F-18,C[C@]12CC[C@@H]3c4ccc(O)cc4CC[C@H]3[C@@H]1C[C@@H]([18F])[C@@H]2O,C[C@]12CC[C@@H]3c4ccc(O)cc4CC[C@H]3[C@@H]1C[C@@H]([18F])[C@@H]2O,KDLLNMRYZGUVMA-ZYMZXAKXSA-N,CHEMBL4594261,exact_pref_name_match,20,1,[],success,,0,no
Flortaucipir F-18,[18F]c1ccc(-c2ccc3c(c2)[nH]c2ccncc23)cn1,[18F]c1ccc(-c2ccc3c(c2)[nH]c2ccncc23)cn1,GETAAWDSFUCLBS-SJPDSGJFSA-N,CHEMBL3545253,fallback_highest_score,20,1,[],success,No exact pref_name match; chose highest score (65.0) among 20 candidates,0,no
viltolarsen,,,,CHEMBL4298062,exact_pref_name_match,1,0,[],no_structure, | No canonical_smiles in ChEMBL response,1,less
BREXANOLONE,CC(=O)[C@H]1CC[C@H]2[C@@H]3CC[C@H]4C[C@H](O)CC[C@]4(C)[C@H]3CC[C@]12C,CC(=O)[C@H]1CC[C@H]2[C@@H]3CC[C@H]4C[C@H](O)CC[C@]4(C)[C@H]3CC[C@]12C,AURFZBICLPNKBZ-SYBPFIFISA-N,CHEMBL207538,exact_pref_name_match,2,1,[],success,,1,less
CUPRIC CHLORIDE,,,,CHEMBL444436,exact_pref_name_match,20,0,[],no_structure, | No canonical_smiles in ChEMBL response,0,no
RADIUM RA-223 DICHLORIDE,,,,,,0,0,[],api_error,API request failed after all retries,0,no
GADOPENTETATE DIMEGLUMINE,,,,,,0,0,[],api_error,API request failed after all retries,1,less
peramivir,,,,,,0,0,[],api_error,API request failed after all retries,0,no
MANGANESE CHLORIDE,,,,CHEMBL5314371,exact_pref_name_match,20,0,[],no_structure, | No canonical_smiles in ChEMBL response,0,no
IOBENGUANE I-131,N=C(N)NCc1cccc([131I])c1,N=C(N)NCc1cccc([131I])c1,PDWUPXJEEYOOTR-JRGAVVOBSA-N,CHEMBL1615779,fallback_highest_score,20,1,[],success,No exact pref_name match; chose highest score (69.0) among 20 candidates,1,less
Hydroxocobalamin,,,,CHEMBL2103737,exact_pref_name_match,2,0,[],no_structure, | No canonical_smiles in ChEMBL response,1,less
cisplatin,,,,CHEMBL11359,exact_pref_name_match,16,0,[],no_structure, | No canonical_smiles in ChEMBL response,1,less
ORITAVANCIN,CN[C@H](CC(C)C)C(=O)N[C@H]1C(=O)N[C@@H](CC(N)=O)C(=O)N[C@H]2C(=O)N[C@H]3C(=O)N[C@H](C(=O)N[C@H](C(=O)O)c4cc(O)cc(O)c4-c4cc3ccc4O)[C@H](O[C@H]3C[C@](C)(N)[C@@H](O)[C@H](C)O3)c3ccc(c(Cl)c3)Oc3cc2cc(c3O[C@@H]2O[C@H](CO)[C@@H](O)[C@H](O)[C@H]2O[C@H]2C[C@](C)(NCc3ccc(-c4ccc(Cl)cc4)cc3)[C@@H](O)[C@H](C)O2)Oc2ccc(cc2Cl)[C@H]1O,CN[C@H](CC(C)C)C(=O)N[C@H]1C(=O)N[C@@H](CC(N)=O)C(=O)N[C@H]2C(=O)N[C@H]3C(=O)N[C@H](C(=O)N[C@H](C(=O)O)c4cc(O)cc(O)c4-c4cc3ccc4O)[C@H](O[C@H]3C[C@](C)(N)[C@@H](O)[C@H](C)O3)c3ccc(c(Cl)c3)Oc3cc2cc(c3O[C@@H]2O[C@H](CO)[C@@H](O)[C@H](O)[C@H]2O[C@H]2C[C@](C)(NCc3ccc(-c4ccc(Cl)cc4)cc3)[C@@H](O)[C@H](C)O2)Oc2ccc(cc2Cl)[C@H]1O,VHFGEBVPHAGQPI-LXKZPTCJSA-N,CHEMBL1688530,exact_pref_name_match,2,1,[],success,,1,less
ASCORBIC ACID,,,,,,0,0,[],api_error,API request failed after all retries,0,no
DOXAPRAM HYDROCHLORIDE,CCN1CC(CCN2CCOCC2)C(c2ccccc2)(c2ccccc2)C1=O.Cl.O,CCN1CC(CCN2CCOCC2)C(c2ccccc2)(c2ccccc2)C1=O,XFDJYSQDBULQSI-UHFFFAOYSA-N,CHEMBL3989519,exact_pref_name_match,20,3,"['Cl', 'O']",success,,1,most
DAPTOMYCIN,CCCCCCCCCC(=O)N[C@@H](Cc1c[nH]c2ccccc12)C(=O)N[C@@H](CC(N)=O)C(=O)N[C@@H](CC(=O)O)C(=O)N[C@@H]1C(=O)NCC(=O)N[C@@H](CCCN)C(=O)N[C@@H](CC(=O)O)C(=O)N[C@H](C)C(=O)N[C@@H](CC(=O)O)C(=O)NCC(=O)N[C@H](CO)C(=O)N[C@@H]([C@H](C)CC(=O)O)C(=O)N[C@@H](CC(=O)c2ccccc2N)C(=O)O[C@@H]1C,CCCCCCCCCC(=O)N[C@@H](Cc1c[nH]c2ccccc12)C(=O)N[C@@H](CC(N)=O)C(=O)N[C@@H](CC(=O)O)C(=O)N[C@@H]1C(=O)NCC(=O)N[C@@H](CCCN)C(=O)N[C@@H](CC(=O)O)C(=O)N[C@H](C)C(=O)N[C@@H](CC(=O)O)C(=O)NCC(=O)N[C@H](CO)C(=O)N[C@@H]([C@H](C)CC(=O)O)C(=O)N[C@@H](CC(=O)c2ccccc2N)C(=O)O[C@@H]1C,DOAKLVKFURWEDJ-RWDRXURGSA-N,CHEMBL387675,exact_pref_name_match,20,1,[],success,,1,less
EPHEDRINE HYDROCHLORIDE,,,,,,0,0,[],api_error,API request failed after all retries,1,less
COPPER OXODOTREOTIDE CU-64,,,,,,0,0,[],api_error,API request failed after all retries,0,no
DOTATATE,,,,,,0,0,[],api_error,API request failed after all retries,0,no
OLICERIDINE,,,,,,0,0,[],api_error,API request failed after all retries,1,most
POTASSIUM ACETATE,,,,,,0,0,[],api_error,API request failed after all retries,1,most
CALCIUM CHLORIDE,,,,,,0,0,[],api_error,API request failed after all retries,0,no
CHOLINE C-11,,,,,,0,0,[],api_error,API request failed after all retries,0,no
AMIFOSTINE,,,,,,0,0,[],api_error,API request failed after all retries,1,most
Sodium Nitrite,,,,,,0,0,[],api_error,API request failed after all retries,1,most
ANGIOTENSIN II,,,,,,0,0,[],api_error,API request failed after all retries,1,less
Sincalide,,,,,,0,0,[],api_error,API request failed after all retries,1,less
PLAZOMICIN,,,,,,0,0,[],api_error,API request failed after all retries,1,less
DEFIBROTIDE SODIUM,,,,,,0,0,[],api_error,API request failed after all retries,1,less
Flutemetamol F-18,,,,,,0,0,[],api_error,API request failed after all retries,1,less
CHROMIC CHLORIDE,,,,,,0,0,[],api_error,API request failed after all retries,0,no
IXABEPILONE,C/C(=C\c1csc(C)n1)[C@@H]1C[C@@H]2O[C@]2(C)CCC[C@H](C)[C@H](O)[C@@H](C)C(=O)C(C)(C)[C@@H](O)CC(=O)N1,C/C(=C\c1csc(C)n1)[C@@H]1C[C@@H]2O[C@]2(C)CCC[C@H](C)[C@H](O)[C@@H](C)C(=O)C(C)(C)[C@@H](O)CC(=O)N1,FABUFPQFXZVHFB-PVYNADRNSA-N,,,0,0,[],api_error,API request failed after all retries,1,most
ARGATROBAN,CC1CNc2c(cccc2S(=O)(=O)N[C@@H](CCCNC(=N)N)C(=O)N2CC[C@@H](C)C[C@@H]2C(=O)O)C1,CC1CNc2c(cccc2S(=O)(=O)N[C@@H](CCCNC(=N)N)C(=O)N2CC[C@@H](C)C[C@@H]2C(=O)O)C1,KXNPVXPOPUZYGB-IOVMHBDKSA-N,CHEMBL1166,exact_pref_name_match,16,1,[],success,,1,less
indocyanine green,CC1(C)C(/C=C/C=C/C=C/C=C2\N(CCCCS(=O)(=O)[O-])c3ccc4ccccc4c3C2(C)C)=[N+](CCCCS(=O)(=O)[O-])c2ccc3ccccc3c21.[Na+],CC1(C)C(/C=C/C=C/C=C/C=C2\N(CCCCS(=O)(=O)[O-])c3ccc4ccccc4c3C2(C)C)=[N+](CCCCS(=O)(=O)[O-])c2ccc3ccccc3c21,BDBMLMBYCXNVMC-UHFFFAOYSA-M,CHEMBL1646,exact_pref_name_match,20,2,['[Na+]'],success,,0,no
Trabectedin,COc1cc2c(cc1O)CCN[C@]21CS[C@@H]2c3c(OC(C)=O)c(C)c4c(c3[C@H](COC1=O)N1[C@@H]2[C@H]2c3c(cc(C)c(OC)c3O)C[C@@H]([C@@H]1O)N2C)OCO4,COc1cc2c(cc1O)CCN[C@]21CS[C@@H]2c3c(OC(C)=O)c(C)c4c(c3[C@H](COC1=O)N1[C@@H]2[C@H]2c3c(cc(C)c(OC)c3O)C[C@@H]([C@@H]1O)N2C)OCO4,PKVRCIRHQMSYJX-AIFWHQITSA-N,CHEMBL450449,exact_pref_name_match,3,1,[],success,,1,most
Sodium Thiosulfate,O.O.O.O.O.O=S([O-])([O-])=S.[Na+].[Na+],O=S([O-])([O-])=S,DHCDFWKWKRSZHF-UHFFFAOYSA-L,CHEMBL2096650,exact_pref_name_match,20,8,"['O', 'O', 'O', 'O', 'O', '[Na+]', '[Na+]']",success,,1,less
GADOXETATE DISODIUM,,,,CHEMBL2103740,exact_pref_name_match,20,0,[],no_structure, | No canonical_smiles in ChEMBL response,1,less
FENOLDOPAM MESYLATE,CS(=O)(=O)O.Oc1ccc(C2CNCCc3c2cc(O)c(O)c3Cl)cc1,Oc1ccc(C2CNCCc3c2cc(O)c(O)c3Cl)cc1,TVURRHSHRRELCG-UHFFFAOYSA-N,CHEMBL1026,exact_pref_name_match,20,2,['CS(=O)(=O)O'],success,,1,less
OXIDRONATE DISODIUM,,,,CHEMBL1200415,fallback_highest_score,20,0,[],no_structure,No exact pref_name match; chose highest score (32.0) among 20 candidates | No canonical_smiles in ChEMBL response,0,no
SELENIUM,[Se],[Se],BUGBHKTXTAQXES-UHFFFAOYSA-N,CHEMBL6068503,exact_pref_name_match,11,1,[],success,,0,no
IRON SUCROSE,,,,CHEMBL1200823,exact_pref_name_match,20,0,[],no_structure, | No canonical_smiles in ChEMBL response,1,less
ARGININE HYDROCHLORIDE,Cl.N=C(N)NCCC[C@H](N)C(=O)O,N=C(N)NCCC[C@H](N)C(=O)O,ODKSFYDXXFIFQN-BYPYZUCNSA-N,CHEMBL1200381,exact_pref_name_match,20,2,['Cl'],success,,0,no
BELINOSTAT,O=C(/C=C/c1cccc(S(=O)(=O)Nc2ccccc2)c1)NO,O=C(/C=C/c1cccc(S(=O)(=O)Nc2ccccc2)c1)NO,NCNRHFGMJRPRSK-MDZDMXLPSA-N,CHEMBL408513,exact_pref_name_match,2,1,[],success,,1,less
RUBIDIUM CHLORIDE RB-82,[82Rb+].[Cl-],[82Rb+],NCCSSGKUIKYAJD-OIOBTWANSA-N,CHEMBL1200727,fallback_highest_score,20,2,['[Cl-]'],success,No exact pref_name match; chose highest score (102.0) among 20 candidates,1,most
SUGAMMADEX SODIUM,O=C([O-])CCSC[C@H]1O[C@@H]2O[C@H]3[C@H](O)[C@@H](O)[C@@H](O[C@H]4[C@H](O)[C@@H](O)[C@@H](O[C@H]5[C@H](O)[C@@H](O)[C@@H](O[C@H]6[C@H](O)[C@@H](O)[C@@H](O[C@H]7[C@H](O)[C@@H](O)[C@@H](O[C@H]8[C@H](O)[C@@H](O)[C@@H](O[C@H]9[C@H](O)C(O)[C@@H](O[C@H]1[C@H](O)[C@H]2O)O[C@@H]9CSCCC(=O)[O-])O[C@@H]8CSCCC(=O)[O-])O[C@@H]7CSCCC(=O)[O-])O[C@@H]6CSCCC(=O)[O-])O[C@@H]5CSCCC(=O)[O-])O[C@@H]4CSCCC(=O)[O-])O[C@@H]3CSCCC(=O)[O-].[Na+].[Na+].[Na+].[Na+].[Na+].[Na+].[Na+].[Na+],O=C([O-])CCSC[C@H]1O[C@@H]2O[C@H]3[C@H](O)[C@@H](O)[C@@H](O[C@H]4[C@H](O)[C@@H](O)[C@@H](O[C@H]5[C@H](O)[C@@H](O)[C@@H](O[C@H]6[C@H](O)[C@@H](O)[C@@H](O[C@H]7[C@H](O)[C@@H](O)[C@@H](O[C@H]8[C@H](O)[C@@H](O)[C@@H](O[C@H]9[C@H](O)C(O)[C@@H](O[C@H]1[C@H](O)[C@H]2O)O[C@@H]9CSCCC(=O)[O-])O[C@@H]8CSCCC(=O)[O-])O[C@@H]7CSCCC(=O)[O-])O[C@@H]6CSCCC(=O)[O-])O[C@@H]5CSCCC(=O)[O-])O[C@@H]4CSCCC(=O)[O-])O[C@@H]3CSCCC(=O)[O-],WHRODDIHRRDWEW-ZWYCLXBASA-F,CHEMBL2107374,exact_pref_name_match,20,9,"['[Na+]', '[Na+]', '[Na+]', '[Na+]', '[Na+]', '[Na+]', '[Na+]', '[Na+]']",success,,1,most
epoprostenol,CCCCC[C@H](O)/C=C/[C@@H]1[C@H]2C/C(=C/CCCC(=O)O)O[C@H]2C[C@H]1O,CCCCC[C@H](O)/C=C/[C@@H]1[C@H]2C/C(=C/CCCC(=O)O)O[C@H]2C[C@H]1O,KAQKFAOMNZTLHT-OZUDYXHBSA-N,CHEMBL1139,exact_pref_name_match,2,1,[],success,,1,less
CALCIUM GLUCONATE MONOHYDRATE,O=C([O-])[C@H](O)[C@@H](O)[C@H](O)[C@H](O)CO.O=C([O-])[C@H](O)[C@@H](O)[C@H](O)[C@H](O)CO.[Ca+2],O=C([O-])[C@H](O)[C@@H](O)[C@H](O)[C@H](O)CO,RGHNJXZEOKUKBD-SQOUGZDYSA-M,CHEMBL2106119,fallback_highest_score,20,3,"['O=C([O-])[C@H](O)[C@@H](O)[C@H](O)[C@H](O)CO', '[Ca+2]']",success,No exact pref_name match; chose highest score (65.0) among 20 candidates,1,most
PERFLUTREN,FC(F)(F)C(F)(F)C(F)(F)F,FC(F)(F)C(F)(F)C(F)(F)F,QYSGYZVSCZSLHT-UHFFFAOYSA-N,CHEMBL1663,exact_pref_name_match,2,1,[],success,,1,most
SODIUM FERRIC GLUCONATE COMPLEX,,,,CHEMBL1201494,exact_pref_name_match,20,0,[],no_structure, | No canonical_smiles in ChEMBL response,1,less
BICISATE DIHYDROCHLORIDE,,,,CHEMBL1237111,fallback_highest_score,20,0,[],no_structure,No exact pref_name match; chose highest score (34.0) among 20 candidates | No canonical_smiles in ChEMBL response,1,less
ERIBULIN MESYLATE,C=C1C[C@@H]2CC[C@@]34C[C@H]5O[C@H]6[C@@H](O3)[C@H]3O[C@H](CC[C@@H]3O[C@H]6[C@H]5O4)CC(=O)C[C@@H]3[C@@H](OC)[C@@H](C[C@H](O)CN)O[C@H]3C[C@H]3O[C@@H](CC[C@@H]1O2)C[C@@H](C)C3=C.CS(=O)(=O)O,C=C1C[C@@H]2CC[C@@]34C[C@H]5O[C@H]6[C@@H](O3)[C@H]3O[C@H](CC[C@@H]3O[C@H]6[C@H]5O4)CC(=O)C[C@@H]3[C@@H](OC)[C@@H](C[C@H](O)CN)O[C@H]3C[C@H]3O[C@@H](CC[C@@H]1O2)C[C@@H](C)C3=C,UFNVPOGXISZXJD-JBQZKEIOSA-N,CHEMBL1683544,exact_pref_name_match,20,2,['CS(=O)(=O)O'],success,,1,most
FERRIC DERISOMALTOSE,,,,CHEMBL4298187,exact_pref_name_match,20,0,[],no_structure, | No canonical_smiles in ChEMBL response,1,less
LUTETIUM OXODOTREOTIDE LU-177,,,,CHEMBL4297545,exact_pref_name_match,20,0,[],no_structure, | No canonical_smiles in ChEMBL response,1,less
PRALATREXATE,C#CCC(Cc1cnc2nc(N)nc(N)c2n1)c1ccc(C(=O)N[C@@H](CCC(=O)O)C(=O)O)cc1,C#CCC(Cc1cnc2nc(N)nc(N)c2n1)c1ccc(C(=O)N[C@@H](CCC(=O)O)C(=O)O)cc1,OGSBUKJUDHAQEA-WMCAAGNKSA-N,CHEMBL1201746,exact_pref_name_match,1,1,[],success,,1,less
GALLIUM CHLORIDE GA-67,,,,CHEMBL1200994,fallback_highest_score,20,0,[],no_structure,No exact pref_name match; chose highest score (84.0) among 20 candidates | No canonical_smiles in ChEMBL response,0,no
SECRETIN HUMAN,,,,CHEMBL1201488,fallback_highest_score,20,0,[],no_structure,No exact pref_name match; chose highest score (60.0) among 20 candidates | No canonical_smiles in ChEMBL response,0,no
Pemetrexed disodium heptahydrate,Nc1nc2[nH]cc(CCc3ccc(C(=O)N[C@@H](CCC(=O)[O-])C(=O)[O-])cc3)c2c(=O)[nH]1.[Na+].[Na+],Nc1nc2[nH]cc(CCc3ccc(C(=O)N[C@@H](CCC(=O)[O-])C(=O)[O-])cc3)c2c(=O)[nH]1,WBXPDJSOTKVWSJ-ZDUSSCGKSA-L,CHEMBL2360464,fallback_highest_score,20,3,"['[Na+]', '[Na+]']",success,No exact pref_name match; chose highest score (62.0) among 20 candidates,1,less
IBUTILIDE FUMARATE,CCCCCCCN(CC)CCCC(O)c1ccc(NS(C)(=O)=O)cc1.CCCCCCCN(CC)CCCC(O)c1ccc(NS(C)(=O)=O)cc1.O=C(O)/C=C/C(=O)O,CCCCCCCN(CC)CCCC(O)c1ccc(NS(C)(=O)=O)cc1,ALOBUEHUHMBRLE-UHFFFAOYSA-N,CHEMBL2355456,exact_pref_name_match,20,3,"['CCCCCCCN(CC)CCCC(O)c1ccc(NS(C)(=O)=O)cc1', 'O=C(O)/C=C/C(=O)O']",success,,1,most
ANIDULAFUNGIN,CCCCCOc1ccc(-c2ccc(-c3ccc(C(=O)N[C@H]4C[C@@H](O)[C@@H](O)NC(=O)[C@@H]5[C@@H](O)[C@@H](C)CN5C(=O)[C@H]([C@@H](C)O)NC(=O)[C@H]([C@H](O)[C@@H](O)c5ccc(O)cc5)NC(=O)[C@@H]5C[C@@H](O)CN5C(=O)[C@H]([C@@H](C)O)NC4=O)cc3)cc2)cc1,CCCCCOc1ccc(-c2ccc(-c3ccc(C(=O)N[C@H]4C[C@@H](O)[C@@H](O)NC(=O)[C@@H]5[C@@H](O)[C@@H](C)CN5C(=O)[C@H]([C@@H](C)O)NC(=O)[C@H]([C@H](O)[C@@H](O)c5ccc(O)cc5)NC(=O)[C@@H]5C[C@@H](O)CN5C(=O)[C@H]([C@@H](C)O)NC4=O)cc3)cc2)cc1,JHVAMHSQVVQIOT-MFAJLEFUSA-N,CHEMBL264241,exact_pref_name_match,4,1,[],success,,1,less
GOZETOTIDE,O=C(O)CCc1ccc(O)c(CN(CCN(CC(=O)O)Cc2cc(CCC(=O)NCCCCCC(=O)NCCCC[C@H](NC(=O)N[C@@H](CCC(=O)O)C(=O)O)C(=O)O)ccc2O)CC(=O)O)c1,O=C(O)CCc1ccc(O)c(CN(CCN(CC(=O)O)Cc2cc(CCC(=O)NCCCCCC(=O)NCCCC[C@H](NC(=O)N[C@@H](CCC(=O)O)C(=O)O)C(=O)O)ccc2O)CC(=O)O)c1,QJUIUFGOTBRHKP-LQJZCPKCSA-N,CHEMBL3578202,exact_pref_name_match,3,1,[],success,,0,no
BENDAMUSTINE HYDROCHLORIDE,Cl.Cn1c(CCCC(=O)O)nc2cc(N(CCCl)CCCl)ccc21,Cn1c(CCCC(=O)O)nc2cc(N(CCCl)CCCl)ccc21,YTKUWDBFDASYHO-UHFFFAOYSA-N,CHEMBL1201734,exact_pref_name_match,20,2,['Cl'],success,,1,less
foscarnet sodium,O=C([O-])P(=O)([O-])[O-].[Na+].[Na+].[Na+],O=C([O-])P(=O)([O-])[O-],ZJAOAACCNHFJAH-UHFFFAOYSA-K,CHEMBL754,exact_pref_name_match,20,4,"['[Na+]', '[Na+]', '[Na+]']",success,,1,most
ZINC SULFATE,O=S(=O)([O-])[O-].[Zn+2],O=S(=O)([O-])[O-],QAOWNCQODCNURD-UHFFFAOYSA-L,CHEMBL1200929,exact_pref_name_match,20,2,['[Zn+2]'],success,,0,no
HETASTARCH,,,,CHEMBL2108448,exact_pref_name_match,1,0,[],no_structure, | No canonical_smiles in ChEMBL response,1,less
gadodiamide,,,,CHEMBL1200346,exact_pref_name_match,3,0,[],no_structure, | No canonical_smiles in ChEMBL response,1,less
Amisulpride,CCN1CCCC1CNC(=O)c1cc(S(=O)(=O)CC)c(N)cc1OC,CCN1CCCC1CNC(=O)c1cc(S(=O)(=O)CC)c(N)cc1OC,NTJOBXMMWNYJFB-UHFFFAOYSA-N,CHEMBL243712,exact_pref_name_match,2,1,[],success,,1,most
MEBROFENIN,Cc1cc(C)c(NC(=O)CN(CC(=O)O)CC(=O)O)c(C)c1Br,Cc1cc(C)c(NC(=O)CN(CC(=O)O)CC(=O)O)c(C)c1Br,MHPZZZZLAQGTHT-UHFFFAOYSA-N,CHEMBL1605443,exact_pref_name_match,3,1,[],success,,0,no
CEFTAROLINE FOSAMIL,CCO/N=C(\C(=O)N[C@@H]1C(=O)N2C(C(=O)[O-])=C(Sc3nc(-c4cc[n+](C)cc4)cs3)CS[C@H]12)c1nsc(NP(=O)(O)O)n1,CCO/N=C(\C(=O)N[C@@H]1C(=O)N2C(C(=O)[O-])=C(Sc3nc(-c4cc[n+](C)cc4)cs3)CS[C@H]12)c1nsc(NP(=O)(O)O)n1,ZCCUWMICIWSJIX-NQJJCJBVSA-N,CHEMBL501122,exact_pref_name_match,6,1,[],success,,1,less
DOPAMINE HYDROCHLORIDE,Cl.NCCc1ccc(O)c(O)c1,NCCc1ccc(O)c(O)c1,VYFYYTLLBUKUHU-UHFFFAOYSA-N,CHEMBL1557,exact_pref_name_match,20,2,['Cl'],success,,1,most
conivaptan hydrochloride,Cc1nc2c([nH]1)-c1ccccc1N(C(=O)c1ccc(NC(=O)c3ccccc3-c3ccccc3)cc1)CC2.Cl,Cc1nc2c([nH]1)-c1ccccc1N(C(=O)c1ccc(NC(=O)c3ccccc3-c3ccccc3)cc1)CC2,IKENVDNFQMCRTR-UHFFFAOYSA-N,CHEMBL1201108,exact_pref_name_match,20,2,['Cl'],success,,1,less
SAMARIUM SM-153 LEXIDRONAM PENTASODIUM,,,,CHEMBL2096660,fallback_highest_score,20,0,[],no_structure,No exact pref_name match; chose highest score (145.0) among 20 candidates | No canonical_smiles in ChEMBL response,1,less
CARFILZOMIB,CC(C)C[C@H](NC(=O)[C@H](CCc1ccccc1)NC(=O)CN1CCOCC1)C(=O)N[C@@H](Cc1ccccc1)C(=O)N[C@@H](CC(C)C)C(=O)[C@@]1(C)CO1,CC(C)C[C@H](NC(=O)[C@H](CCc1ccccc1)NC(=O)CN1CCOCC1)C(=O)N[C@@H](Cc1ccccc1)C(=O)N[C@@H](CC(C)C)C(=O)[C@@]1(C)CO1,BLMPQMFVWMYDKT-NZTKNTHTSA-N,CHEMBL451887,exact_pref_name_match,2,1,[],success,,1,most
ETELCALCETIDE HYDROCHLORIDE,CC(=O)N[C@H](CSSC[C@H](N)C(=O)O)C(=O)N[C@H](C)C(=O)N[C@H](CCCNC(=N)N)C(=O)N[C@H](CCCNC(=N)N)C(=O)N[C@H](CCCNC(=N)N)C(=O)N[C@H](C)C(=O)N[C@H](CCCNC(=N)N)C(N)=O.Cl,CC(=O)N[C@H](CSSC[C@H](N)C(=O)O)C(=O)N[C@H](C)C(=O)N[C@H](CCCNC(=N)N)C(=O)N[C@H](CCCNC(=N)N)C(=O)N[C@H](CCCNC(=N)N)C(=O)N[C@H](C)C(=O)N[C@H](CCCNC(=N)N)C(N)=O,ANIAZGVDEUQPRI-ZJQCGQFWSA-N,CHEMBL3545183,exact_pref_name_match,20,2,['Cl'],success,,1,most
FLORBETAPIR F-18,CNc1ccc(/C=C/c2ccc(OCCOCCOCC[18F])nc2)cc1,CNc1ccc(/C=C/c2ccc(OCCOCCOCC[18F])nc2)cc1,YNDIAUKFXKEXSV-CRYLGTRXSA-N,CHEMBL1774461,fallback_highest_score,20,1,[],success,No exact pref_name match; chose highest score (45.0) among 20 candidates,1,less
CYCLOPHOSPHAMIDE ANHYDROUS,O=P1(N(CCCl)CCCl)NCCCO1,O=P1(N(CCCl)CCCl)NCCCO1,CMSMOCZEIVJLDB-UHFFFAOYSA-N,CHEMBL88,exact_pref_name_match,20,1,[],success,,1,most
VANCOMYCIN,CN[C@H](CC(C)C)C(=O)N[C@H]1C(=O)N[C@@H](CC(N)=O)C(=O)N[C@H]2C(=O)N[C@H]3C(=O)N[C@H](C(=O)N[C@H](C(=O)O)c4cc(O)cc(O)c4-c4cc3ccc4O)[C@H](O)c3ccc(c(Cl)c3)Oc3cc2cc(c3O[C@@H]2O[C@H](CO)[C@@H](O)[C@H](O)[C@H]2O[C@H]2C[C@](C)(N)[C@H](O)[C@H](C)O2)Oc2ccc(cc2Cl)[C@H]1O,CN[C@H](CC(C)C)C(=O)N[C@H]1C(=O)N[C@@H](CC(N)=O)C(=O)N[C@H]2C(=O)N[C@H]3C(=O)N[C@H](C(=O)N[C@H](C(=O)O)c4cc(O)cc(O)c4-c4cc3ccc4O)[C@H](O)c3ccc(c(Cl)c3)Oc3cc2cc(c3O[C@@H]2O[C@H](CO)[C@@H](O)[C@H](O)[C@H]2O[C@H]2C[C@](C)(N)[C@H](O)[C@H](C)O2)Oc2ccc(cc2Cl)[C@H]1O,MYPYJXKWCTUITO-LYRMYLQWSA-N,CHEMBL262777,exact_pref_name_match,20,1,[],success,,1,less
TIROFIBAN HYDROCHLORIDE,CCCCS(=O)(=O)N[C@@H](Cc1ccc(OCCCCC2CCNCC2)cc1)C(=O)O.Cl.O,CCCCS(=O)(=O)N[C@@H](Cc1ccc(OCCCCC2CCNCC2)cc1)C(=O)O,COKMIXFXJJXBQG-NRFANRHFSA-N,CHEMBL3189072,exact_pref_name_match,20,3,"['Cl', 'O']",success,,1,less
CANGRELOR,CSCCNc1nc(SCCC(F)(F)F)nc2c1ncn2[C@@H]1O[C@H](COP(=O)(O)OP(=O)(O)C(Cl)(Cl)P(=O)(O)O)[C@@H](O)[C@H]1O,CSCCNc1nc(SCCC(F)(F)F)nc2c1ncn2[C@@H]1O[C@H](COP(=O)(O)OP(=O)(O)C(Cl)(Cl)P(=O)(O)O)[C@@H](O)[C@H]1O,PAEBIVWUMLRPSK-IDTAVKCVSA-N,CHEMBL334966,exact_pref_name_match,2,1,[],success,,0,no
FERRIC CARBOXYMALTOSE,,,,CHEMBL2108597,exact_pref_name_match,20,0,[],no_structure, | No canonical_smiles in ChEMBL response,1,less
TEMSIROLIMUS,CO[C@H]1C[C@@H]2CC[C@@H](C)[C@@](O)(O2)C(=O)C(=O)N2CCCC[C@H]2C(=O)O[C@H]([C@H](C)C[C@@H]2CC[C@@H](OC(=O)C(C)(CO)CO)[C@H](OC)C2)CC(=O)[C@H](C)/C=C(\C)[C@@H](O)[C@@H](OC)C(=O)[C@H](C)C[C@H](C)/C=C/C=C/C=C/1C,CO[C@H]1C[C@@H]2CC[C@@H](C)[C@@](O)(O2)C(=O)C(=O)N2CCCC[C@H]2C(=O)O[C@H]([C@H](C)C[C@@H]2CC[C@@H](OC(=O)C(C)(CO)CO)[C@H](OC)C2)CC(=O)[C@H](C)/C=C(\C)[C@@H](O)[C@@H](OC)C(=O)[C@H](C)C[C@H](C)/C=C/C=C/C=C/1C,CBPNZQVSJQDFBE-FUXHJELOSA-N,CHEMBL1201182,exact_pref_name_match,1,1,[],success,,1,less
STREPTOZOCIN,CN(N=O)C(=O)N[C@@H](C=O)[C@@H](O)[C@H](O)[C@H](O)CO,CN(N=O)C(=O)N[C@@H](C=O)[C@@H](O)[C@H](O)[C@H](O)CO,AGRCPNMCOXLKFO-BDVNFPICSA-N,CHEMBL1977579,exact_pref_name_match,2,1,[],success,,0,no
Remifentanil Hydrochloride,CCC(=O)N(c1ccccc1)C1(C(=O)OC)CCN(CCC(=O)OC)CC1.Cl,CCC(=O)N(c1ccccc1)C1(C(=O)OC)CCN(CCC(=O)OC)CC1,ZTVQQQVZCWLTDF-UHFFFAOYSA-N,CHEMBL1201120,exact_pref_name_match,20,2,['Cl'],success,,1,less
LEVOLEUCOVORIN DISODIUM,Nc1nc(=O)c2c([nH]1)NC[C@H](CNc1ccc(C(=O)N[C@@H](CCC(=O)O)C(=O)O)cc1)N2C=O,Nc1nc(=O)c2c([nH]1)NC[C@H](CNc1ccc(C(=O)N[C@@H](CCC(=O)O)C(=O)O)cc1)N2C=O,VVIAGPKUTFNRDU-STQMWFEESA-N,CHEMBL1908841,fallback_highest_score,20,1,[],success,No exact pref_name match; chose highest score (36.0) among 20 candidates,0,no
TECHNETIUM TC-99M PYROPHOSPHATE,,,,CHEMBL1200333,fallback_highest_score,20,0,[],no_structure,No exact pref_name match; chose highest score (102.0) among 20 candidates | No canonical_smiles in ChEMBL response,0,no
INDIUM CHLORIDE IN-111,,,,CHEMBL1201078,fallback_highest_score,20,0,[],no_structure,No exact pref_name match; chose highest score (79.0) among 20 candidates | No canonical_smiles in ChEMBL response,0,no
etoposide phosphate,COc1cc([C@@H]2c3cc4c(cc3[C@@H](O[C@@H]3O[C@@H]5CO[C@@H](C)O[C@H]5[C@H](O)[C@H]3O)[C@H]3COC(=O)[C@H]23)OCO4)cc(OC)c1OP(=O)(O)O,COc1cc([C@@H]2c3cc4c(cc3[C@@H](O[C@@H]3O[C@@H]5CO[C@@H](C)O[C@H]5[C@H](O)[C@H]3O)[C@H]3COC(=O)[C@H]23)OCO4)cc(OC)c1OP(=O)(O)O,LIQODXNTTZAGID-OCBXBXKTSA-N,CHEMBL1200645,exact_pref_name_match,20,1,[],success,,0,no
GALLIUM CITRATE GA-67,,,,CHEMBL1200994,fallback_highest_score,20,0,[],no_structure,No exact pref_name match; chose highest score (111.0) among 20 candidates | No canonical_smiles in ChEMBL response,0,no
PAFOLACIANINE SODIUM,CC1(C)C(/C=C/C2=C(Oc3ccc(C[C@H](NC(=O)c4ccc(NCc5cnc6nc(N)[nH]c(=O)c6n5)cc4)C(=O)[O-])cc3)/C(=C/C=C3\N(CCCCS(=O)(=O)[O-])c4ccc(S(=O)(=O)[O-])cc4C3(C)C)CCC2)=[N+](CCCCS(=O)(=O)[O-])c2ccc(S(=O)(=O)[O-])cc21.[Na+].[Na+].[Na+].[Na+],CC1(C)C(/C=C/C2=C(Oc3ccc(C[C@H](NC(=O)c4ccc(NCc5cnc6nc(N)[nH]c(=O)c6n5)cc4)C(=O)[O-])cc3)C(=C/C=C3\N(CCCCS(=O)(=O)[O-])c4ccc(S(=O)(=O)[O-])cc4C3(C)C)/CCC2)=[N+](CCCCS(=O)(=O)[O-])c2ccc(S(=O)(=O)[O-])cc21,PDXNSXLPXJFETD-DYVQZXGMSA-J,CHEMBL4594383,exact_pref_name_match,20,5,"['[Na+]', '[Na+]', '[Na+]', '[Na+]']",success,,0,no
trilaciclib dihydrochloride,CN1CCN(c2ccc(Nc3ncc4cc5n(c4n3)C3(CCCCC3)CNC5=O)nc2)CC1.Cl.Cl,CN1CCN(c2ccc(Nc3ncc4cc5n(c4n3)C3(CCCCC3)CNC5=O)nc2)CC1,PDGKHKMBHVFCMG-UHFFFAOYSA-N,CHEMBL4650272,exact_pref_name_match,20,3,"['Cl', 'Cl']",success,,0,no
gadobenate dimeglumine,,,,CHEMBL1200571,exact_pref_name_match,6,0,[],no_structure, | No canonical_smiles in ChEMBL response,1,most
ioflupane I-123,COC(=O)[C@H]1[C@@H](c2ccc([123I])cc2)C[C@@H]2CC[C@H]1N2CCCF,COC(=O)[C@H]1[C@@H](c2ccc([123I])cc2)C[C@@H]2CC[C@H]1N2CCCF,HXWLAJVUJSVENX-HFIFKADTSA-N,CHEMBL3989517,fallback_highest_score,20,1,[],success,No exact pref_name match; chose highest score (71.0) among 20 candidates,0,no
Tetrofosmin,CCOCCP(CCOCC)CCP(CCOCC)CCOCC,CCOCCP(CCOCC)CCP(CCOCC)CCOCC,QCWJONLQSHEGEJ-UHFFFAOYSA-N,CHEMBL1615784,exact_pref_name_match,3,1,[],success,,1,less
TECHNETIUM TC-99M EXAMETAZIME,,,,CHEMBL2107074,fallback_highest_score,20,0,[],no_structure,No exact pref_name match; chose highest score (113.0) among 20 candidates | No canonical_smiles in ChEMBL response,1,less
PENTOSTATIN,OC[C@H]1O[C@@H](n2cnc3c2N=CNC[C@H]3O)C[C@@H]1O,OC[C@H]1O[C@@H](n2cnc3c2N=CNC[C@H]3O)C[C@@H]1O,FPVKHBSQESCIEP-JQCXWYLXSA-N,CHEMBL1580,exact_pref_name_match,5,1,[],success,,1,less
PIFLUFOLASTAT F-18,O=C(O)CC[C@H](NC(=O)N[C@@H](CCCCNC(=O)c1ccc([18F])nc1)C(=O)O)C(=O)O,O=C(O)CC[C@H](NC(=O)N[C@@H](CCCCNC(=O)c1ccc([18F])nc1)C(=O)O)C(=O)O,OLWVRJUNLXQDSP-MVBOSPHXSA-N,CHEMBL4297334,fallback_highest_score,20,1,[],success,No exact pref_name match; chose highest score (43.0) among 20 candidates,0,no
Fluciclovine F-18,N[C@]1(C(=O)O)C[C@@H]([18F])C1,N[C@]1(C(=O)O)C[C@@H]([18F])C1,NTEDWGYJNHZKQW-DGMDOPGDSA-N,CHEMBL254468,fallback_highest_score,20,1,[],success,No exact pref_name match; chose highest score (40.0) among 20 candidates,0,no
ACETAMINOPHEN,CC(=O)Nc1ccc(O)cc1,CC(=O)Nc1ccc(O)cc1,RZVAJINKPMORJF-UHFFFAOYSA-N,CHEMBL112,exact_pref_name_match,13,1,[],success,,1,less
melphalan flufenamide hydrochloride,CCOC(=O)[C@H](Cc1ccc(F)cc1)NC(=O)[C@@H](N)Cc1ccc(N(CCCl)CCCl)cc1.Cl,CCOC(=O)[C@H](Cc1ccc(F)cc1)NC(=O)[C@@H](N)Cc1ccc(N(CCCl)CCCl)cc1,YQZNKYXGZSVEHI-VXKWHMMOSA-N,CHEMBL4297403,exact_pref_name_match,20,2,['Cl'],success,,0,no
DALBAVANCIN HYDROCHLORIDE,CN[C@H]1C(=O)N[C@@H]2Cc3ccc(cc3)Oc3cc4cc(c3O[C@@H]3O[C@H](C(=O)O)[C@@H](O)[C@H](O)[C@H]3NC(=O)CCCCCCCCC(C)C)Oc3ccc(cc3Cl)[C@@H](O)[C@@H]3NC(=O)[C@H](NC(=O)[C@@H]4NC(=O)[C@@H](NC2=O)c2cc(cc(O)c2Cl)Oc2cc1ccc2O)c1ccc(O)c(c1)-c1c(O[C@H]2O[C@H](CO)[C@@H](O)[C@H](O)[C@@H]2O)cc(O)cc1[C@@H](C(=O)NCCCN(C)C)NC3=O.Cl,CN[C@H]1C(=O)N[C@@H]2Cc3ccc(cc3)Oc3cc4cc(c3O[C@@H]3O[C@H](C(=O)O)[C@@H](O)[C@H](O)[C@H]3NC(=O)CCCCCCCCC(C)C)Oc3ccc(cc3Cl)[C@@H](O)[C@@H]3NC(=O)[C@H](NC(=O)[C@@H]4NC(=O)[C@@H](NC2=O)c2cc(cc(O)c2Cl)Oc2cc1ccc2O)c1ccc(O)c(c1)-c1c(O[C@H]2O[C@H](CO)[C@@H](O)[C@H](O)[C@@H]2O)cc(O)cc1[C@@H](C(=O)NCCCN(C)C)NC3=O,KGPGQDLTDHGEGT-SZUNQUCBSA-N,CHEMBL3301650,exact_pref_name_match,20,2,['Cl'],success,,0,no
IOTHALAMATE SODIUM I-125,CNC(=O)c1c(I)c(NC(C)=O)c([125I])c(C(=O)[O-])c1[125I].[Na+],CNC(=O)c1c(I)c(NC(C)=O)c([125I])c(C(=O)[O-])c1[125I],UXIGWFXRQKWHHA-RZILPFQRSA-M,CHEMBL2106318,fallback_highest_score,20,2,['[Na+]'],success,No exact pref_name match; chose highest score (82.0) among 20 candidates,0,no
REGADENOSON,CNC(=O)c1cnn(-c2nc(N)c3ncn([C@@H]4O[C@H](CO)[C@@H](O)[C@H]4O)c3n2)c1.O,CNC(=O)c1cnn(-c2nc(N)c3ncn([C@@H]4O[C@H](CO)[C@@H](O)[C@H]4O)c3n2)c1,LZPZPHGJDAGEJZ-AKAIJSEGSA-N,CHEMBL3989695,exact_pref_name_match,3,2,['O'],success,,1,most
LURBINECTEDIN,COc1ccc2[nH]c3c(c2c1)CCN[C@]31CS[C@@H]2c3c(OC(C)=O)c(C)c4c(c3[C@H](COC1=O)N1[C@@H]2[C@H]2c3c(cc(C)c(OC)c3O)C[C@@H]([C@@H]1O)N2C)OCO4,COc1ccc2[nH]c3c(c2c1)CCN[C@]31CS[C@@H]2c3c(OC(C)=O)c(C)c4c(c3[C@H](COC1=O)N1[C@@H]2[C@H]2c3c(cc(C)c(OC)c3O)C[C@@H]([C@@H]1O)N2C)OCO4,YDDMIZRDDREKEP-HWTBNCOESA-N,CHEMBL4297516,exact_pref_name_match,2,1,[],success,,0,no
FLUORODOPA F-18,N[C@@H](Cc1cc(O)c(O)cc1[18F])C(=O)O,N[C@@H](Cc1cc(O)c(O)cc1[18F])C(=O)O,PAXWQORCRCBOCU-RPDRGXCHSA-N,CHEMBL3400972,fallback_highest_score,20,1,[],success,No exact pref_name match; chose highest score (62.0) among 20 candidates,0,no
remimazolam besylate,COC(=O)CC[C@@H]1N=C(c2ccccn2)c2cc(Br)ccc2-n2c(C)cnc21.O=S(=O)(O)c1ccccc1,COC(=O)CC[C@@H]1N=C(c2ccccn2)c2cc(Br)ccc2-n2c(C)cnc21,CYHWMBVXXDIZNZ-KRWDZBQOSA-N,CHEMBL4594301,exact_pref_name_match,20,2,['O=S(=O)(O)c1ccccc1'],success,,1,most
PEMETREXED MONOHYDRATE,Nc1nc2[nH]cc(CCc3ccc(C(=O)N[C@@H](CCC(=O)O)C(=O)O)cc3)c2c(=O)[nH]1.O,Nc1nc2[nH]cc(CCc3ccc(C(=O)N[C@@H](CCC(=O)O)C(=O)O)cc3)c2c(=O)[nH]1,WBXPDJSOTKVWSJ-ZDUSSCGKSA-N,CHEMBL5315053,exact_pref_name_match,20,2,['O'],success,,1,less
EPIRUBICIN HYDROCHLORIDE,COc1cccc2c1C(=O)c1c(O)c3c(c(O)c1C2=O)C[C@@](O)(C(=O)CO)C[C@@H]3O[C@H]1C[C@H](N)[C@@H](O)[C@H](C)O1.Cl,COc1cccc2c1C(=O)c1c(O)c3c(c(O)c1C2=O)C[C@@](O)(C(=O)CO)C[C@@H]3O[C@H]1C[C@H](N)[C@@H](O)[C@H](C)O1,AOJJSUZBOXZQNB-VTZDEGQISA-N,CHEMBL1200981,exact_pref_name_match,20,2,['Cl'],success,,1,most
SODIUM CITRATE,O=C([O-])CC(O)(CC(=O)[O-])C(=O)[O-].[Na+].[Na+].[Na+],O=C([O-])CC(O)(CC(=O)[O-])C(=O)[O-],KRKNYBCHXYNGOX-UHFFFAOYSA-K,CHEMBL1355,exact_pref_name_match,20,4,"['[Na+]', '[Na+]', '[Na+]']",success,,0,no
STANNOUS CHLORIDE,,,,CHEMBL2297930,exact_pref_name_match,20,0,[],no_structure, | No canonical_smiles in ChEMBL response,0,no
GADOBUTROL,,,,CHEMBL2218860,exact_pref_name_match,1,0,[],no_structure, | No canonical_smiles in ChEMBL response,1,less
CLEVIDIPINE,CCCC(=O)OCOC(=O)C1=C(C)NC(C)=C(C(=O)OC)C1c1cccc(Cl)c1Cl,CCCC(=O)OCOC(=O)C1=C(C)NC(C)=C(C(=O)OC)C1c1cccc(Cl)c1Cl,KPBZROQVTHLCDU-UHFFFAOYSA-N,CHEMBL1237132,exact_pref_name_match,1,1,[],success,,1,less
Alfentanil Hydrochloride,CCC(=O)N(c1ccccc1)C1(COC)CCN(CCn2nnn(CC)c2=O)CC1.Cl,CCC(=O)N(c1ccccc1)C1(COC)CCN(CCn2nnn(CC)c2=O)CC1,IDBPHNDTYPBSNI-UHFFFAOYSA-N,CHEMBL1200531,exact_pref_name_match,20,2,['Cl'],success,,1,less
DEXMEDETOMIDINE HYDROCHLORIDE,Cc1cccc([C@H](C)c2c[nH]cn2)c1C.Cl,Cc1cccc([C@H](C)c2c[nH]cn2)c1C,CUHVIMMYOGQXCV-NSHDSACASA-N,CHEMBL2106195,exact_pref_name_match,20,2,['Cl'],success,,1,most
VERTEPORFIN,,,,CHEMBL5314346,exact_pref_name_match,2,0,[],no_structure, | No canonical_smiles in ChEMBL response,1,less
DIFELIKEFALIN ACETATE,CC(=O)O.CC(C)C[C@@H](NC(=O)[C@@H](Cc1ccccc1)NC(=O)[C@H](N)Cc1ccccc1)C(=O)N[C@H](CCCCN)C(=O)N1CCC(N)(C(=O)O)CC1,CC(C)C[C@@H](NC(=O)[C@@H](Cc1ccccc1)NC(=O)[C@H](N)Cc1ccccc1)C(=O)N[C@H](CCCCN)C(=O)N1CCC(N)(C(=O)O)CC1,FWMNVWWHGCHHJJ-SKKKGAJSSA-N,CHEMBL5315123,exact_pref_name_match,20,2,['CC(=O)O'],success,,1,less
POLIDOCANOL,,,,CHEMBL6067961,exact_pref_name_match,2,0,[],no_structure, | No canonical_smiles in ChEMBL response,1,most
telavancin hydrochloride,CCCCCCCCCCNCCN[C@@]1(C)C[C@H](O[C@H]2[C@H](Oc3c4cc5cc3Oc3ccc(cc3Cl)[C@@H](O)[C@@H](NC(=O)[C@@H](CC(C)C)NC)C(=O)N[C@@H](CC(N)=O)C(=O)N[C@H]5C(=O)N[C@H]3C(=O)N[C@H](C(=O)N[C@H](C(=O)O)c5cc(O)c(CNCP(=O)(O)O)c(O)c5-c5cc3ccc5O)[C@H](O)c3ccc(c(Cl)c3)O4)O[C@H](CO)[C@@H](O)[C@@H]2O)O[C@@H](C)[C@H]1O.Cl,CCCCCCCCCCNCCN[C@@]1(C)C[C@H](O[C@H]2[C@H](Oc3c4cc5cc3Oc3ccc(cc3Cl)[C@@H](O)[C@@H](NC(=O)[C@@H](CC(C)C)NC)C(=O)N[C@@H](CC(N)=O)C(=O)N[C@H]5C(=O)N[C@H]3C(=O)N[C@H](C(=O)N[C@H](C(=O)O)c5cc(O)c(CNCP(=O)(O)O)c(O)c5-c5cc3ccc5O)[C@H](O)c3ccc(c(Cl)c3)O4)O[C@H](CO)[C@@H](O)[C@@H]2O)O[C@@H](C)[C@H]1O,ONUMZHGUFYIKPM-MXNFEBESSA-N,CHEMBL3301680,exact_pref_name_match,20,2,['Cl'],success,,1,most
LEVOTHYROXINE SODIUM ANHYDROUS,N[C@@H](Cc1cc(I)c(Oc2cc(I)c(O)c(I)c2)c(I)c1)C(=O)[O-].O.[Na+],N[C@@H](Cc1cc(I)c(Oc2cc(I)c(O)c(I)c2)c(I)c1)C(=O)[O-],XUIIKFGFIJCVMT-LBPRGKRZSA-M,CHEMBL2103741,fallback_highest_score,20,3,"['O', '[Na+]']",success,No exact pref_name match; chose highest score (56.0) among 20 candidates,1,most
ATROPINE SULFATE,CN1[C@@H]2CC[C@H]1C[C@@H](OC(=O)C(CO)c1ccccc1)C2.O=S(=O)(O)O,CN1[C@@H]2CC[C@H]1C[C@@H](OC(=O)C(CO)c1ccccc1)C2,RKUNBYITZUJHSG-SPUOUPEWSA-N,CHEMBL2146146,exact_pref_name_match,20,2,['O=S(=O)(O)O'],success,,1,less
golodirsen,,,,CHEMBL4297762,exact_pref_name_match,1,0,[],no_structure, | No canonical_smiles in ChEMBL response,1,less
ganciclovir sodium,Nc1nc([O-])c2ncn(COC(CO)CO)c2n1.[Na+],Nc1nc([O-])c2ncn(COC(CO)CO)c2n1,IRSCQMHQWWYFCW-UHFFFAOYSA-M,CHEMBL1200850,exact_pref_name_match,20,2,['[Na+]'],success,,1,less
TROMETHAMINE,NC(CO)(CO)CO,NC(CO)(CO)CO,LENZDBCJOHFCAS-UHFFFAOYSA-N,CHEMBL1200391,exact_pref_name_match,20,1,[],success,,0,no
gadoteridol,,,,CHEMBL1200593,exact_pref_name_match,1,0,[],no_structure, | No canonical_smiles in ChEMBL response,1,less
PROPOFOL,CC(C)c1cccc(C(C)C)c1O,CC(C)c1cccc(C(C)C)c1O,OLBCVFGFOZPWHH-UHFFFAOYSA-N,CHEMBL526,exact_pref_name_match,5,1,[],success,,1,most
LEVOLEUCOVORIN CALCIUM PENTAHYDRATE,Nc1nc(=O)c2c([nH]1)NC[C@H](CNc1ccc(C(=O)N[C@@H](CCC(=O)[O-])C(=O)[O-])cc1)N2C=O.[Ca+2],Nc1nc(=O)c2c([nH]1)NC[C@H](CNc1ccc(C(=O)N[C@@H](CCC(=O)[O-])C(=O)[O-])cc1)N2C=O,VVIAGPKUTFNRDU-STQMWFEESA-L,CHEMBL1908361,fallback_highest_score,20,2,['[Ca+2]'],success,No exact pref_name match; chose highest score (64.0) among 20 candidates,0,no
CASPOFUNGIN ACETATE,CC(=O)O.CC(=O)O.CC[C@H](C)C[C@H](C)CCCCCCCCC(=O)N[C@H]1C[C@@H](O)[C@@H](NCCN)NC(=O)[C@@H]2[C@@H](O)CCN2C(=O)[C@H]([C@H](O)CCN)NC(=O)[C@H]([C@H](O)[C@@H](O)c2ccc(O)cc2)NC(=O)[C@@H]2C[C@@H](O)CN2C(=O)[C@H]([C@@H](C)O)NC1=O,CC[C@H](C)C[C@H](C)CCCCCCCCC(=O)N[C@H]1C[C@@H](O)[C@@H](NCCN)NC(=O)[C@@H]2[C@@H](O)CCN2C(=O)[C@H]([C@H](O)CCN)NC(=O)[C@H]([C@H](O)[C@@H](O)c2ccc(O)cc2)NC(=O)[C@@H]2C[C@@H](O)CN2C(=O)[C@H]([C@@H](C)O)NC1=O,JYIKNQVWKBUSNH-WVDDFWQHSA-N,CHEMBL5314378,exact_pref_name_match,20,3,"['CC(=O)O', 'CC(=O)O']",success,,1,less
ESMOLOL HYDROCHLORIDE,COC(=O)CCc1ccc(OCC(O)CNC(C)C)cc1.Cl,COC(=O)CCc1ccc(OCC(O)CNC(C)C)cc1,AQNDDEOPVVGCPG-UHFFFAOYSA-N,CHEMBL1201115,exact_pref_name_match,20,2,['Cl'],success,,1,most
IFOSFAMIDE,O=P1(NCCCl)OCCCN1CCCl,O=P1(NCCCl)OCCCN1CCCl,HOMGKSMUEGBAAB-UHFFFAOYSA-N,CHEMBL1024,exact_pref_name_match,5,1,[],success,,1,most
DAUNORUBICIN HYDROCHLORIDE,COc1cccc2c1C(=O)c1c(O)c3c(c(O)c1C2=O)C[C@@](O)(C(C)=O)C[C@@H]3O[C@H]1C[C@H](N)[C@H](O)[C@H](C)O1.Cl,COc1cccc2c1C(=O)c1c(O)c3c(c(O)c1C2=O)C[C@@](O)(C(C)=O)C[C@@H]3O[C@H]1C[C@H](N)[C@H](O)[C@H](C)O1,STQGQHZAVUOBTE-VGBVRHCVSA-N,CHEMBL1563,exact_pref_name_match,20,2,['Cl'],success,,1,most
MITOXANTRONE HYDROCHLORIDE,Cl.Cl.O=C1c2c(O)ccc(O)c2C(=O)c2c(NCCNCCO)ccc(NCCNCCO)c21,O=C1c2c(O)ccc(O)c2C(=O)c2c(NCCNCCO)ccc(NCCNCCO)c21,KKZJGLLVHKMTCM-UHFFFAOYSA-N,CHEMBL1417019,exact_pref_name_match,20,3,"['Cl', 'Cl']",success,,1,most
CARMUSTINE,O=NN(CCCl)C(=O)NCCCl,O=NN(CCCl)C(=O)NCCCl,DLGOEMSEDOSKAD-UHFFFAOYSA-N,CHEMBL513,exact_pref_name_match,1,1,[],success,,1,less
GEMCITABINE HYDROCHLORIDE,Cl.Nc1ccn([C@@H]2O[C@H](CO)[C@@H](O)C2(F)F)c(=O)n1,Nc1ccn([C@@H]2O[C@H](CO)[C@@H](O)C2(F)F)c(=O)n1,SDUQYLNIPVEERB-QPPQHZFASA-N,CHEMBL1637,exact_pref_name_match,20,2,['Cl'],success,,1,less
CAFFEINE CITRATE,Cn1c(=O)c2c(ncn2C)n(C)c1=O.O=C(O)CC(O)(CC(=O)O)C(=O)O,Cn1c(=O)c2c(ncn2C)n(C)c1=O,RYYVLZVUVIJVGH-UHFFFAOYSA-N,CHEMBL1200569,exact_pref_name_match,20,2,['O=C(O)CC(O)(CC(=O)O)C(=O)O'],success,,1,most
BIVALIRUDIN,,,,CHEMBL5314348,exact_pref_name_match,2,0,[],no_structure, | No canonical_smiles in ChEMBL response,1,less
VINCRISTINE SULFATE,CC[C@]1(O)C[C@H]2CN(CCc3c([nH]c4ccccc34)[C@@](C(=O)OC)(c3cc4c(cc3OC)N(C=O)[C@H]3[C@@](O)(C(=O)OC)[C@H](OC(C)=O)[C@]5(CC)C=CCN6CC[C@]43[C@@H]65)C2)C1.O=S(=O)(O)O,CC[C@]1(O)C[C@H]2CN(CCc3c([nH]c4ccccc34)[C@@](C(=O)OC)(c3cc4c(cc3OC)N(C=O)[C@H]3[C@@](O)(C(=O)OC)[C@H](OC(C)=O)[C@]5(CC)C=CCN6CC[C@]43[C@@H]65)C2)C1,OGWKCGZFUXNPDA-XQKSVPLYSA-N,CHEMBL501867,exact_pref_name_match,20,2,['O=S(=O)(O)O'],success,,1,less
ARSENIC TRIOXIDE,O=[As][As+](=O)[O-],O=[As][As+](=O)[O-],MOQADKPFYVWPSE-UHFFFAOYSA-N,CHEMBL5483015,exact_pref_name_match,20,1,[],success,,1,most
MICAFUNGIN,CCCCCOc1ccc(-c2cc(-c3ccc(C(=O)N[C@H]4C[C@@H](O)[C@@H](O)NC(=O)[C@@H]5[C@@H](O)[C@@H](C)CN5C(=O)[C@H]([C@H](O)CC(N)=O)NC(=O)[C@H]([C@H](O)[C@@H](O)c5ccc(O)c(OS(=O)(=O)O)c5)NC(=O)[C@@H]5C[C@@H](O)CN5C(=O)[C@H]([C@@H](C)O)NC4=O)cc3)no2)cc1,CCCCCOc1ccc(-c2cc(-c3ccc(C(=O)N[C@H]4C[C@@H](O)[C@@H](O)NC(=O)[C@@H]5[C@@H](O)[C@@H](C)CN5C(=O)[C@H]([C@H](O)CC(N)=O)NC(=O)[C@H]([C@H](O)[C@@H](O)c5ccc(O)c(OS(=O)(=O)O)c5)NC(=O)[C@@H]5C[C@@H](O)CN5C(=O)[C@H]([C@@H](C)O)NC4=O)cc3)no2)cc1,PIEUQSKUWLMALL-YABMTYFHSA-N,CHEMBL457547,exact_pref_name_match,3,1,[],success,,1,less
cefoxitin sodium,CO[C@@]1(NC(=O)Cc2cccs2)C(=O)N2C(C(=O)[O-])=C(COC(N)=O)CS[C@@H]21.[Na+],CO[C@@]1(NC(=O)Cc2cccs2)C(=O)N2C(C(=O)[O-])=C(COC(N)=O)CS[C@@H]21,WZOZEZRFJCJXNZ-ZBFHGGJFSA-M,CHEMBL1200530,exact_pref_name_match,20,2,['[Na+]'],success,,1,less
SODIUM TETRADECYL SULFATE,CCCCC(CC)CCC(CC(C)C)OS(=O)(=O)[O-].[Na+],CCCCC(CC)CCC(CC(C)C)OS(=O)(=O)[O-],GROJOWHVXQYQGN-UHFFFAOYSA-M,CHEMBL1200354,exact_pref_name_match,20,2,['[Na+]'],success,,1,most
paclitaxel,CC(=O)O[C@H]1C(=O)[C@@]2(C)[C@H]([C@H](OC(=O)c3ccccc3)[C@]3(O)C[C@H](OC(=O)[C@H](O)[C@@H](NC(=O)c4ccccc4)c4ccccc4)C(C)=C1C3(C)C)[C@]1(OC(C)=O)CO[C@@H]1C[C@@H]2O,CC(=O)O[C@H]1C(=O)[C@@]2(C)[C@H]([C@H](OC(=O)c3ccccc3)[C@]3(O)C[C@H](OC(=O)[C@H](O)[C@@H](NC(=O)c4ccccc4)c4ccccc4)C(C)=C1C3(C)C)[C@]1(OC(C)=O)CO[C@@H]1C[C@@H]2O,RCINICONZNJXQF-MZXODVADSA-N,CHEMBL428647,exact_pref_name_match,20,1,[],success,,1,less
mesna,O=S(=O)([O-])CCS.[Na+],O=S(=O)([O-])CCS,ZNEWHQLOPFWXOF-UHFFFAOYSA-M,CHEMBL975,exact_pref_name_match,5,2,['[Na+]'],success,,1,less
Eptifibatide,N=C(N)NCCCC[C@@H]1NC(=O)CCSSC[C@@H](C(N)=O)NC(=O)[C@@H]2CCCN2C(=O)[C@H](Cc2c[nH]c3ccccc23)NC(=O)[C@H](CC(=O)O)NC(=O)CNC1=O,N=C(N)NCCCC[C@@H]1NC(=O)CCSSC[C@@H](C(N)=O)NC(=O)[C@@H]2CCCN2C(=O)[C@H](Cc2c[nH]c3ccccc23)NC(=O)[C@H](CC(=O)O)NC(=O)CNC1=O,CZKPOZZJODAYPZ-LROMGURASA-N,CHEMBL1174,exact_pref_name_match,2,1,[],success,,1,less
TETRAKIS(2-METHOXYISOBUTYLISOCYANIDE)COPPER(I) TETRAFLUOROBORATE,,,,CHEMBL12043,fallback_highest_score,20,0,[],no_structure,No exact pref_name match; chose highest score (33.0) among 20 candidates | No canonical_smiles in ChEMBL response,1,most
IBUPROFEN LYSINE,CC(C)Cc1ccc(C(C)C(=O)O)cc1.NCCCC[C@H](N)C(=O)O,CC(C)Cc1ccc(C(C)C(=O)O)cc1,HEFNNWSXXWATRW-UHFFFAOYSA-N,CHEMBL1201141,exact_pref_name_match,20,2,['NCCCC[C@H](N)C(=O)O'],success,,1,less
VINBLASTINE SULFATE,CC[C@]1(O)C[C@@H]2CN(CCc3c([nH]c4ccccc34)[C@@](C(=O)OC)(c3cc4c(cc3OC)N(C)[C@H]3[C@@](O)(C(=O)OC)[C@H](OC(C)=O)[C@]5(CC)C=CCN6CC[C@]43[C@@H]65)C2)C1.O=S(=O)(O)O,CC[C@]1(O)C[C@@H]2CN(CCc3c([nH]c4ccccc34)[C@@](C(=O)OC)(c3cc4c(cc3OC)N(C)[C@H]3[C@@](O)(C(=O)OC)[C@H](OC(C)=O)[C@]5(CC)C=CCN6CC[C@]43[C@@H]65)C2)C1,JXLYSJRDGCGARV-CFWMRBGOSA-N,CHEMBL378544,exact_pref_name_match,20,2,['O=S(=O)(O)O'],success,,1,less
INDIUM IN-111 OXYQUINOLINE,,,,CHEMBL1200452,fallback_highest_score,20,0,[],no_structure,No exact pref_name match; chose highest score (102.0) among 20 candidates | No canonical_smiles in ChEMBL response,0,no
Esomeprazole Sodium,COc1ccc2[n-]c([S@@+]([O-])Cc3ncc(C)c(OC)c3C)nc2c1.[Na+],COc1ccc2[n-]c([S@@+]([O-])Cc3ncc(C)c(OC)c3C)nc2c1,MZXXONIZWOBROX-DEOSSOPVSA-N,CHEMBL1200470,exact_pref_name_match,20,2,['[Na+]'],success,,0,no
gadoterate meglumine,,,,CHEMBL2219415,exact_pref_name_match,20,0,[],no_structure, | No canonical_smiles in ChEMBL response,1,less
Adenosine,Nc1ncnc2c1ncn2[C@@H]1O[C@H](CO)[C@@H](O)[C@H]1O,Nc1ncnc2c1ncn2[C@@H]1O[C@H](CO)[C@@H](O)[C@H]1O,OIRDTQYFTABQOQ-KQYNXXCUSA-N,CHEMBL477,exact_pref_name_match,20,1,[],success,,1,most
NICARDIPINE HYDROCHLORIDE,COC(=O)C1=C(C)NC(C)=C(C(=O)OCCN(C)Cc2ccccc2)C1c1cccc([N+](=O)[O-])c1.Cl,COC(=O)C1=C(C)NC(C)=C(C(=O)OCCN(C)Cc2ccccc2)C1c1cccc([N+](=O)[O-])c1,ZBBHBTPTTSWHBA-UHFFFAOYSA-N,CHEMBL1200326,exact_pref_name_match,20,2,['Cl'],success,,1,most
DEXTRAN 40,,,,CHEMBL2109168,exact_pref_name_match,20,0,[],no_structure, | No canonical_smiles in ChEMBL response,1,most
AZITHROMYCIN MONOHYDRATE,CC[C@H]1OC(=O)[C@H](C)[C@@H](O[C@H]2C[C@@](C)(OC)[C@@H](O)[C@H](C)O2)[C@H](C)[C@@H](O[C@@H]2O[C@H](C)C[C@H](N(C)C)[C@H]2O)[C@](C)(O)C[C@@H](C)CN(C)[C@H](C)[C@@H](O)[C@]1(C)O.O,CC[C@H]1OC(=O)[C@H](C)[C@@H](O[C@H]2C[C@@](C)(OC)[C@@H](O)[C@H](C)O2)[C@H](C)[C@@H](O[C@@H]2O[C@H](C)C[C@H](N(C)C)[C@H]2O)[C@](C)(O)C[C@@H](C)CN(C)[C@H](C)[C@@H](O)[C@]1(C)O,MQTOSJVFKKJCRP-BICOPXKESA-N,CHEMBL1200502,exact_pref_name_match,20,2,['O'],success,,1,most
CIDOFOVIR,Nc1ccn(C[C@@H](CO)OCP(=O)(O)O)c(=O)n1.O.O,Nc1ccn(C[C@@H](CO)OCP(=O)(O)O)c(=O)n1,VWFCHDSQECPREK-LURJTMIESA-N,CHEMBL5314375,exact_pref_name_match,14,3,"['O', 'O']",success,,1,less
AMPICILLIN SODIUM,CC1(C)S[C@@H]2[C@H](NC(=O)[C@H](N)c3ccccc3)C(=O)N2[C@H]1C(=O)[O-].[Na+],CC1(C)S[C@@H]2[C@H](NC(=O)[C@H](N)c3ccccc3)C(=O)N2[C@H]1C(=O)[O-],AVKUERGKIZMTKX-NJBDSQKTSA-M,CHEMBL1200758,exact_pref_name_match,20,2,['[Na+]'],success,,0,no
MICAFUNGIN SODIUM,CCCCCOc1ccc(-c2cc(-c3ccc(C(=O)N[C@H]4C[C@@H](O)[C@@H](O)NC(=O)[C@@H]5[C@@H](O)[C@@H](C)CN5C(=O)[C@H]([C@H](O)CC(N)=O)NC(=O)[C@H]([C@H](O)[C@@H](O)c5ccc(O)c(OS(=O)(=O)[O-])c5)NC(=O)[C@@H]5C[C@@H](O)CN5C(=O)[C@H]([C@@H](C)O)NC4=O)cc3)no2)cc1.[Na+],CCCCCOc1ccc(-c2cc(-c3ccc(C(=O)N[C@H]4C[C@@H](O)[C@@H](O)NC(=O)[C@@H]5[C@@H](O)[C@@H](C)CN5C(=O)[C@H]([C@H](O)CC(N)=O)NC(=O)[C@H]([C@H](O)[C@@H](O)c5ccc(O)c(OS(=O)(=O)[O-])c5)NC(=O)[C@@H]5C[C@@H](O)CN5C(=O)[C@H]([C@@H](C)O)NC4=O)cc3)no2)cc1,PIEUQSKUWLMALL-YABMTYFHSA-M,CHEMBL1237070,exact_pref_name_match,20,2,['[Na+]'],success,,1,less
NOREPINEPHRINE BITARTRATE,NC[C@H](O)c1ccc(O)c(O)c1.O.O=C(O)C(O)C(O)C(=O)O,NC[C@H](O)c1ccc(O)c(O)c1,SFLSHLFXELFNJZ-QMMMGPOBSA-N,CHEMBL1434513,exact_pref_name_match,20,3,"['O=C(O)C(O)C(O)C(=O)O', 'O']",success,,1,less
CEFEPIME HYDROCHLORIDE,CO/N=C(\C(=O)N[C@@H]1C(=O)N2C(C(=O)O)=C(C[N+]3(C)CCCC3)CS[C@H]12)c1csc(N)n1.Cl.O.[Cl-],CO/N=C(\C(=O)N[C@@H]1C(=O)N2C(C(=O)O)=C(C[N+]3(C)CCCC3)CS[C@H]12)c1csc(N)n1,HVFLCNVBZFFHBT-ZKDACBOMSA-O,CHEMBL1200962,exact_pref_name_match,20,4,"['Cl', 'O', '[Cl-]']",success,,0,no
ROCURONIUM BROMIDE,C=CC[N+]1([C@H]2C[C@H]3[C@@H]4CC[C@H]5C[C@H](O)[C@@H](N6CCOCC6)C[C@]5(C)[C@H]4CC[C@]3(C)[C@H]2OC(C)=O)CCCC1.[Br-],C=CC[N+]1([C@H]2C[C@H]3[C@@H]4CC[C@H]5C[C@H](O)[C@@H](N6CCOCC6)C[C@]5(C)[C@H]4CC[C@]3(C)[C@H]2OC(C)=O)CCCC1,YXRDKMPIGHSVRX-OOJCLDBCSA-N,CHEMBL1200648,exact_pref_name_match,20,2,['[Br-]'],success,,1,less
ENALAPRILAT,C[C@H](N[C@@H](CCc1ccccc1)C(=O)O)C(=O)N1CCC[C@H]1C(=O)O.O.O,C[C@H](N[C@@H](CCc1ccccc1)C(=O)O)C(=O)N1CCC[C@H]1C(=O)O,LZFZMUMEGBBDTC-QEJZJMRPSA-N,CHEMBL3989406,exact_pref_name_match,3,3,"['O', 'O']",success,,1,less
Busulfan,CS(=O)(=O)OCCCCOS(C)(=O)=O,CS(=O)(=O)OCCCCOS(C)(=O)=O,COVZYZSDYWQREU-UHFFFAOYSA-N,CHEMBL820,exact_pref_name_match,2,1,[],success,,1,less
Calcitriol,C=C1/C(=C\C=C2/CCC[C@]3(C)[C@@H]([C@H](C)CCCC(C)(C)O)CC[C@@H]23)C[C@@H](O)C[C@@H]1O,C=C1/C(=C\C=C2/CCC[C@]3(C)[C@@H]([C@H](C)CCCC(C)(C)O)CC[C@@H]23)C[C@@H](O)C[C@@H]1O,GMRQFYUYWCNGIN-NKMMMXOESA-N,CHEMBL846,exact_pref_name_match,4,1,[],success,,1,less
MEROPENEM,C[C@@H](O)[C@H]1C(=O)N2C(C(=O)O)=C(S[C@@H]3CN[C@H](C(=O)N(C)C)C3)[C@H](C)[C@H]12,C[C@@H](O)[C@H]1C(=O)N2C(C(=O)O)=C(S[C@@H]3CN[C@H](C(=O)N(C)C)C3)[C@H](C)[C@H]12,DMJNNHOOLUXYBV-PQTSNVLCSA-N,CHEMBL127,exact_pref_name_match,2,1,[],success,,1,less
Clindamycin Phosphate,CCC[C@@H]1C[C@@H](C(=O)N[C@@H]([C@H]2O[C@H](SC)[C@H](OP(=O)(O)O)[C@@H](O)[C@H]2O)[C@H](C)Cl)N(C)C1,CCC[C@@H]1C[C@@H](C(=O)N[C@@H]([C@H]2O[C@H](SC)[C@H](OP(=O)(O)O)[C@@H](O)[C@H]2O)[C@H](C)Cl)N(C)C1,UFUVLHLTWXBHGZ-MGZQPHGTSA-N,CHEMBL3184512,exact_pref_name_match,20,1,[],success,,1,less
Sodium Nitroprusside,,,,CHEMBL136478,exact_pref_name_match,20,0,[],no_structure, | No canonical_smiles in ChEMBL response,1,most
FOSAPREPITANT DIMEGLUMINE,CNC[C@H](O)[C@@H](O)[C@H](O)[C@H](O)CO.CNC[C@H](O)[C@@H](O)[C@H](O)[C@H](O)CO.C[C@@H](O[C@H]1OCCN(Cc2nn(P(=O)(O)O)c(=O)[nH]2)[C@H]1c1ccc(F)cc1)c1cc(C(F)(F)F)cc(C(F)(F)F)c1,C[C@@H](O[C@H]1OCCN(Cc2nn(P(=O)(O)O)c(=O)[nH]2)[C@H]1c1ccc(F)cc1)c1cc(C(F)(F)F)cc(C(F)(F)F)c1,BARDROPHSZEBKC-OITMNORJSA-N,CHEMBL1201782,exact_pref_name_match,7,3,"['CNC[C@H](O)[C@@H](O)[C@H](O)[C@H](O)CO', 'CNC[C@H](O)[C@@H](O)[C@H](O)[C@H](O)CO']",success,,0,no
ROMIDEPSIN,C/C=C1\NC(=O)[C@H]2CSSCC/C=C/[C@H](CC(=O)N[C@H](C(C)C)C(=O)N2)OC(=O)[C@H](C(C)C)NC1=O,C/C=C1\NC(=O)[C@H]2CSSCC/C=C/[C@H](CC(=O)N[C@H](C(C)C)C(=O)N2)OC(=O)[C@H](C(C)C)NC1=O,OHRURASPPZQGQM-GCCNXGTGSA-N,CHEMBL343448,exact_pref_name_match,2,1,[],success,,1,less
FERUMOXYTOL NON-STOICHIOMETRIC MAGNETITE,,,,CHEMBL1201867,fallback_highest_score,20,0,[],no_structure,No exact pref_name match; chose highest score (40.0) among 20 candidates | No canonical_smiles in ChEMBL response,1,less
Aminophylline Dihydrate,Cn1c(=O)c2[nH]cnc2n(C)c1=O.Cn1c(=O)c2[nH]cnc2n(C)c1=O.NCCN,Cn1c(=O)c2[nH]cnc2n(C)c1=O,ZFXYFBGIUFBOJW-UHFFFAOYSA-N,CHEMBL1370561,fallback_highest_score,20,3,"['Cn1c(=O)c2[nH]cnc2n(C)c1=O', 'NCCN']",success,No exact pref_name match; chose highest score (34.0) among 20 candidates,1,less
CARBOPLATIN,,,,CHEMBL1351,exact_pref_name_match,2,0,[],no_structure, | No canonical_smiles in ChEMBL response,1,less
GEMCITABINE,Nc1ccn([C@@H]2O[C@H](CO)[C@@H](O)C2(F)F)c(=O)n1,Nc1ccn([C@@H]2O[C@H](CO)[C@@H](O)C2(F)F)c(=O)n1,SDUQYLNIPVEERB-QPPQHZFASA-N,CHEMBL888,exact_pref_name_match,20,1,[],success,,1,less
AZATHIOPRINE SODIUM,Cn1cnc([N+](=O)[O-])c1Sc1ncnc2nc[n-]c12.[Na+],Cn1cnc([N+](=O)[O-])c1Sc1ncnc2nc[n-]c12,KTAPWKXZMODIJZ-UHFFFAOYSA-N,CHEMBL1200400,exact_pref_name_match,20,2,['[Na+]'],success,,0,no
AMMONIA N-13,[13NH3],[13NH3],QGZKDVFQNNGYKY-BJUDXGSMSA-N,CHEMBL1201189,fallback_highest_score,20,1,[],success,No exact pref_name match; chose highest score (49.0) among 20 candidates,0,no
Betiatide,,,,CHEMBL2109104,exact_pref_name_match,1,0,[],no_structure, | No canonical_smiles in ChEMBL response,1,less
CEFTAZIDIME,CC(C)(O/N=C(\C(=O)N[C@@H]1C(=O)N2C(C(=O)[O-])=C(C[n+]3ccccc3)CS[C@H]12)c1csc(N)n1)C(=O)O,CC(C)(O/N=C(\C(=O)N[C@@H]1C(=O)N2C(C(=O)[O-])=C(C[n+]3ccccc3)CS[C@H]12)c1csc(N)n1)C(=O)O,ORFOPKXBNMVMKC-DWVKKRMSSA-N,CHEMBL44354,exact_pref_name_match,5,1,[],success,,0,no
SODIUM FLUORIDE F-18,[18F-].[Na+],[18F-],KRHYYFGTRYWZRS-BJUDXGSMSA-M,CHEMBL1200744,fallback_highest_score,20,2,['[Na+]'],success,No exact pref_name match; chose highest score (64.0) among 20 candidates,0,no
Milrinone Lactate,CC(O)C(=O)O.Cc1[nH]c(=O)c(C#N)cc1-c1ccncc1,Cc1[nH]c(=O)c(C#N)cc1-c1ccncc1,PZRHRDRVRGEVNW-UHFFFAOYSA-N,CHEMBL1200977,exact_pref_name_match,20,2,['CC(O)C(=O)O'],success,,1,most
NEOSTIGMINE METHYLSULFATE,CN(C)C(=O)Oc1cccc([N+](C)(C)C)c1.COS(=O)(=O)[O-],CN(C)C(=O)Oc1cccc([N+](C)(C)C)c1,ALWKGYPQUAPLQC-UHFFFAOYSA-N,CHEMBL211471,exact_pref_name_match,20,2,['COS(=O)(=O)[O-]'],success,,1,less
AMIODARONE HYDROCHLORIDE,CCCCc1oc2ccccc2c1C(=O)c1cc(I)c(OCCN(CC)CC)c(I)c1.Cl,CCCCc1oc2ccccc2c1C(=O)c1cc(I)c(OCCN(CC)CC)c(I)c1,IYIKLHRQXLHMJQ-UHFFFAOYSA-N,CHEMBL1083993,exact_pref_name_match,20,2,['Cl'],success,,1,less
TECHNETIUM TC-99M SESTAMIBI,,,,CHEMBL6067977,fallback_highest_score,20,0,[],no_structure,No exact pref_name match; chose highest score (116.0) among 20 candidates | No canonical_smiles in ChEMBL response,1,less
ACYCLOVIR SODIUM,Nc1nc([O-])c2ncn(COCCO)c2n1.[Na+],Nc1nc([O-])c2ncn(COCCO)c2n1,MKUXAQIIEYXACX-UHFFFAOYSA-M,CHEMBL1200380,exact_pref_name_match,20,2,['[Na+]'],success,,1,less
PAMIDRONATE DISODIUM,NCCC(O)(P(=O)([O-])O)P(=O)([O-])O.O.O.O.O.O.[Na+].[Na+],NCCC(O)(P(=O)([O-])O)P(=O)([O-])O,WRUUGTRCQOWXEG-UHFFFAOYSA-L,CHEMBL3989401,exact_pref_name_match,20,8,"['O', 'O', 'O', 'O', 'O', '[Na+]', '[Na+]']",success,,1,less
CHLORAMPHENICOL SODIUM SUCCINATE,O=C([O-])CCC(=O)OC[C@@H](NC(=O)C(Cl)Cl)[C@H](O)c1ccc([N+](=O)[O-])cc1.[Na+],O=C([O-])CCC(=O)OC[C@@H](NC(=O)C(Cl)Cl)[C@H](O)c1ccc([N+](=O)[O-])cc1,LIRCDOVJWUGTMW-ZWNOBZJWSA-M,CHEMBL1200729,exact_pref_name_match,20,2,['[Na+]'],success,,0,no
ZINC CHLORIDE,[Cl-].[Cl-].[Zn+2],[Cl-],VEXZGXHMUGYJMC-UHFFFAOYSA-M,CHEMBL1200679,exact_pref_name_match,20,3,"['[Cl-]', '[Zn+2]']",success,,1,less
Fomepizole,Cc1cn[nH]c1,Cc1cn[nH]c1,RIKMMFOAQPJVMX-UHFFFAOYSA-N,CHEMBL1308,exact_pref_name_match,2,1,[],success,,1,less
DOXORUBICIN HYDROCHLORIDE,COc1cccc2c1C(=O)c1c(O)c3c(c(O)c1C2=O)C[C@@](O)(C(=O)CO)C[C@@H]3O[C@H]1C[C@H](N)[C@H](O)[C@H](C)O1.Cl,COc1cccc2c1C(=O)c1c(O)c3c(c(O)c1C2=O)C[C@@](O)(C(=O)CO)C[C@@H]3O[C@H]1C[C@H](N)[C@H](O)[C@H](C)O1,AOJJSUZBOXZQNB-TZSSRYMLSA-N,CHEMBL359744,exact_pref_name_match,20,2,['Cl'],success,,1,most
CISATRACURIUM BESYLATE,COc1ccc(C[C@@H]2c3cc(OC)c(OC)cc3CC[N@+]2(C)CCC(=O)OCCCCCOC(=O)CC[N@@+]2(C)CCc3cc(OC)c(OC)cc3[C@H]2Cc2ccc(OC)c(OC)c2)cc1OC.O=S(=O)([O-])c1ccccc1.O=S(=O)([O-])c1ccccc1,COc1ccc(C[C@@H]2c3cc(OC)c(OC)cc3CC[N@+]2(C)CCC(=O)OCCCCCOC(=O)CC[N@@+]2(C)CCc3cc(OC)c(OC)cc3[C@H]2Cc2ccc(OC)c(OC)c2)cc1OC,YXSLJKQTIDHPOT-LJCJQEJUSA-N,CHEMBL1200641,exact_pref_name_match,20,3,"['O=S(=O)([O-])c1ccccc1', 'O=S(=O)([O-])c1ccccc1']",success,,1,less
AMPHOTERICIN B,C[C@@H]1[C@H](O)[C@@H](C)/C=C/C=C/C=C/C=C/C=C/C=C/C=C/[C@H](O[C@@H]2O[C@H](C)[C@@H](O)[C@H](N)[C@@H]2O)C[C@@H]2O[C@](O)(C[C@@H](O)C[C@@H](O)[C@H](O)CC[C@@H](O)C[C@@H](O)CC(=O)O[C@H]1C)C[C@H](O)[C@H]2C(=O)O,C[C@@H]1[C@H](O)[C@@H](C)/C=C/C=C/C=C/C=C/C=C/C=C/C=C/[C@H](O[C@@H]2O[C@H](C)[C@@H](O)[C@H](N)[C@@H]2O)C[C@@H]2O[C@](O)(C[C@@H](O)C[C@@H](O)[C@H](O)CC[C@@H](O)C[C@@H](O)CC(=O)O[C@H]1C)C[C@H](O)[C@H]2C(=O)O,APKFDSVGJQXUKY-INPOYWNPSA-N,CHEMBL267345,exact_pref_name_match,20,1,[],success,,1,less
TOPOTECAN,CC[C@@]1(O)C(=O)OCc2c1cc1n(c2=O)Cc2cc3c(CN(C)C)c(O)ccc3nc2-1,CC[C@@]1(O)C(=O)OCc2c1cc1n(c2=O)Cc2cc3c(CN(C)C)c(O)ccc3nc2-1,UCFGDBYHRUNTLO-QHCPKHFHSA-N,CHEMBL84,exact_pref_name_match,3,1,[],success,,0,no
DACARBAZINE,CN(C)/N=N/c1[nH]cnc1C(N)=O,CN(C)/N=N/c1[nH]cnc1C(N)=O,FDKXTQMXEQVLRF-ZHACJKMWSA-N,CHEMBL476,exact_pref_name_match,2,1,[],success,,0,no
Levoleucovorin Calcium,Nc1nc(=O)c2c([nH]1)NC[C@H](CNc1ccc(C(=O)N[C@@H](CCC(=O)[O-])C(=O)[O-])cc1)N2C=O.[Ca+2],Nc1nc(=O)c2c([nH]1)NC[C@H](CNc1ccc(C(=O)N[C@@H](CCC(=O)[O-])C(=O)[O-])cc1)N2C=O,VVIAGPKUTFNRDU-STQMWFEESA-L,CHEMBL1908361,exact_pref_name_match,20,2,['[Ca+2]'],success,,0,no
DECITABINE,Nc1ncn([C@H]2C[C@H](O)[C@@H](CO)O2)c(=O)n1,Nc1ncn([C@H]2C[C@H](O)[C@@H](CO)O2)c(=O)n1,XAUDJQYHKZQPEU-KVQBGUIXSA-N,CHEMBL1201129,exact_pref_name_match,4,1,[],success,,1,less
TIGECYCLINE,CN(C)c1cc(NC(=O)CNC(C)(C)C)c(O)c2c1C[C@H]1C[C@H]3[C@H](N(C)C)C(O)=C(C(N)=O)C(=O)[C@@]3(O)C(O)=C1C2=O,CN(C)c1cc(NC(=O)CNC(C)(C)C)c(O)c2c1C[C@H]1C[C@H]3[C@H](N(C)C)C(O)=C(C(N)=O)C(=O)[C@@]3(O)C(O)=C1C2=O,FPZLLRFZJZRHSY-HJYUBDRYSA-N,CHEMBL376140,exact_pref_name_match,1,1,[],success,,0,no
ETOPOSIDE,COc1cc([C@@H]2c3cc4c(cc3[C@@H](O[C@@H]3O[C@@H]5CO[C@@H](C)O[C@H]5[C@H](O)[C@H]3O)[C@H]3COC(=O)[C@H]23)OCO4)cc(OC)c1O,COc1cc([C@@H]2c3cc4c(cc3[C@@H](O[C@@H]3O[C@@H]5CO[C@@H](C)O[C@H]5[C@H](O)[C@H]3O)[C@H]3COC(=O)[C@H]23)OCO4)cc(OC)c1O,VJJPUSNTGOMMGY-MRVIYFEKSA-N,CHEMBL44657,exact_pref_name_match,5,1,[],success,,0,no
DOCETAXEL ANHYDROUS,CC(=O)O[C@@]12CO[C@@H]1C[C@H](O)[C@@]1(C)C(=O)[C@H](O)C3=C(C)[C@@H](OC(=O)[C@H](O)[C@@H](NC(=O)OC(C)(C)C)c4ccccc4)C[C@@](O)([C@@H](OC(=O)c4ccccc4)[C@H]21)C3(C)C,CC(=O)O[C@@]12CO[C@@H]1C[C@H](O)[C@@]1(C)C(=O)[C@H](O)C3=C(C)[C@@H](OC(=O)[C@H](O)[C@@H](NC(=O)OC(C)(C)C)c4ccccc4)C[C@@](O)([C@@H](OC(=O)c4ccccc4)[C@H]21)C3(C)C,ZDZOTLJHXYCWBA-VCVYQWHSSA-N,CHEMBL92,exact_pref_name_match,20,1,[],success,,1,less
Dipyridamole,OCCN(CCO)c1nc(N2CCCCC2)c2nc(N(CCO)CCO)nc(N3CCCCC3)c2n1,OCCN(CCO)c1nc(N2CCCCC2)c2nc(N(CCO)CCO)nc(N3CCCCC3)c2n1,IZEKFCXSFNUWAM-UHFFFAOYSA-N,CHEMBL932,exact_pref_name_match,1,1,[],success,,1,most
TETRADECYL HYDROGEN SULFATE (ESTER),CCCCC(CC)CCC(CC(C)C)OS(=O)(=O)[O-].[Na+],CCCCC(CC)CCC(CC(C)C)OS(=O)(=O)[O-],GROJOWHVXQYQGN-UHFFFAOYSA-M,CHEMBL1200354,fallback_highest_score,20,2,['[Na+]'],success,No exact pref_name match; chose highest score (44.0) among 20 candidates,1,most
NELARABINE,COc1nc(N)nc2c1ncn2[C@@H]1O[C@H](CO)[C@@H](O)[C@@H]1O,COc1nc(N)nc2c1ncn2[C@@H]1O[C@H](CO)[C@@H](O)[C@@H]1O,IXOXBSCIXZEQEQ-UHTZMRCNSA-N,CHEMBL1201112,exact_pref_name_match,1,1,[],success,,0,no
IDARUBICIN HYDROCHLORIDE,CC(=O)[C@]1(O)Cc2c(O)c3c(c(O)c2[C@@H](O[C@H]2C[C@H](N)[C@H](O)[C@H](C)O2)C1)C(=O)c1ccccc1C3=O.Cl,CC(=O)[C@]1(O)Cc2c(O)c3c(c(O)c2[C@@H](O[C@H]2C[C@H](N)[C@H](O)[C@H](C)O2)C1)C(=O)c1ccccc1C3=O,XDXDZDZNSLXDNA-TZNDIEGXSA-N,CHEMBL1200976,exact_pref_name_match,20,2,['Cl'],success,,1,most
VALPROATE SODIUM,CCCC(CCC)C(=O)[O-].[Na+],CCCC(CCC)C(=O)[O-],NIJJYAXOARWZEE-UHFFFAOYSA-M,CHEMBL433,exact_pref_name_match,20,2,['[Na+]'],success,,1,less
STRONTIUM CHLORIDE SR-89,[89Sr+2].[Cl-].[Cl-],[89Sr+2],PWYYWQHXAPXYMF-OUBTZVSYSA-N,CHEMBL1200625,fallback_highest_score,20,3,"['[Cl-]', '[Cl-]']",success,No exact pref_name match; chose highest score (92.0) among 20 candidates,0,no
EPOPROSTENOL SODIUM,CCCCC[C@H](O)/C=C/[C@@H]1[C@H]2C/C(=C/CCCC(=O)[O-])O[C@H]2C[C@H]1O.[Na+],CCCCC[C@H](O)/C=C/[C@@H]1[C@H]2C/C(=C/CCCC(=O)[O-])O[C@H]2C[C@H]1O,KAQKFAOMNZTLHT-OZUDYXHBSA-M,CHEMBL962,exact_pref_name_match,20,2,['[Na+]'],success,,1,less
ACETAZOLAMIDE SODIUM,CC(=O)Nc1nnc(S([NH-])(=O)=O)s1.[Na+],CC(=O)Nc1nnc(S([NH-])(=O)=O)s1,PPCFSEIOYQJRDN-UHFFFAOYSA-M,CHEMBL1200814,exact_pref_name_match,20,2,['[Na+]'],success,,0,no
ALLOPURINOL SODIUM,O=c1[n-]cnc2[nH]ncc12.[Na+],O=c1[n-]cnc2[nH]ncc12,OFCNXPDARWKPPY-UHFFFAOYSA-M,CHEMBL1200477,exact_pref_name_match,20,2,['[Na+]'],success,,1,less
FLUMAZENIL,CCOC(=O)c1ncn2c1CN(C)C(=O)c1cc(F)ccc1-2,CCOC(=O)c1ncn2c1CN(C)C(=O)c1cc(F)ccc1-2,OFBIFZUFASYYRE-UHFFFAOYSA-N,CHEMBL407,exact_pref_name_match,7,1,[],success,,1,most
ATRACURIUM BESYLATE,COc1ccc(CC2c3cc(OC)c(OC)cc3CC[N+]2(C)CCC(=O)OCCCCCOC(=O)CC[N+]2(C)CCc3cc(OC)c(OC)cc3C2Cc2ccc(OC)c(OC)c2)cc1OC.O=S(=O)([O-])c1ccccc1.O=S(=O)([O-])c1ccccc1,COc1ccc(CC2c3cc(OC)c(OC)cc3CC[N+]2(C)CCC(=O)OCCCCCOC(=O)CC[N+]2(C)CCc3cc(OC)c(OC)cc3C2Cc2ccc(OC)c(OC)c2)cc1OC,YXSLJKQTIDHPOT-UHFFFAOYSA-N,CHEMBL1200527,exact_pref_name_match,20,3,"['O=S(=O)([O-])c1ccccc1', 'O=S(=O)([O-])c1ccccc1']",success,,1,less
ERYTHROMYCIN LACTOBIONATE,CC[C@H]1OC(=O)[C@H](C)[C@@H](O[C@H]2C[C@@](C)(OC)[C@@H](O)[C@H](C)O2)[C@H](C)[C@@H](O[C@@H]2O[C@H](C)C[C@H](N(C)C)[C@H]2O)[C@](C)(O)C[C@@H](C)C(=O)[C@H](C)[C@@H](O)[C@]1(C)O.O=C(O)[C@H](O)[C@@H](O)[C@H](O[C@@H]1O[C@H](CO)[C@H](O)[C@H](O)[C@H]1O)[C@H](O)CO,CC[C@H]1OC(=O)[C@H](C)[C@@H](O[C@H]2C[C@@](C)(OC)[C@@H](O)[C@H](C)O2)[C@H](C)[C@@H](O[C@@H]2O[C@H](C)C[C@H](N(C)C)[C@H]2O)[C@](C)(O)C[C@@H](C)C(=O)[C@H](C)[C@@H](O)[C@]1(C)O,ULGZDMOVFRHVEP-RWJQBGPGSA-N,CHEMBL1200506,exact_pref_name_match,20,2,['O=C(O)[C@H](O)[C@@H](O)[C@H](O[C@@H]1O[C@H](CO)[C@H](O)[C@H](O)[C@H]1O)[C@H](O)CO'],success,,1,most
Granisetron Hydrochloride,CN1C2CCCC1CC(NC(=O)c1nn(C)c3ccccc13)C2.Cl,CN1C2CCCC1CC(NC(=O)c1nn(C)c3ccccc13)C2,MFWNKCLOYSRHCJ-UHFFFAOYSA-N,CHEMBL1237080,exact_pref_name_match,20,2,['Cl'],success,,1,most
vinorelbine tartrate,CCC1=C[C@@H]2CN(C1)Cc1c([nH]c3ccccc13)[C@@](C(=O)OC)(c1cc3c(cc1OC)N(C)[C@H]1[C@@](O)(C(=O)OC)[C@H](OC(C)=O)[C@]4(CC)C=CCN5CC[C@]31[C@@H]54)C2.O=C(O)C(O)C(O)C(=O)O.O=C(O)C(O)C(O)C(=O)O,CCC1=C[C@@H]2CN(C1)Cc1c([nH]c3ccccc13)[C@@](C(=O)OC)(c1cc3c(cc1OC)N(C)[C@H]1[C@@](O)(C(=O)OC)[C@H](OC(C)=O)[C@]4(CC)C=CCN5CC[C@]31[C@@H]54)C2,GBABOYUKABKIAF-IELIFDKJSA-N,CHEMBL538943,exact_pref_name_match,20,3,"['O=C(O)C(O)C(O)C(=O)O', 'O=C(O)C(O)C(O)C(=O)O']",success,,1,less
FLUDARABINE PHOSPHATE,Nc1nc(F)nc2c1ncn2[C@@H]1O[C@H](COP(=O)(O)O)[C@@H](O)[C@@H]1O,Nc1nc(F)nc2c1ncn2[C@@H]1O[C@H](COP(=O)(O)O)[C@@H](O)[C@@H]1O,GIUYCYHIANZCFB-FJFJXFQQSA-N,CHEMBL1096882,exact_pref_name_match,20,1,[],success,,1,less
DACTINOMYCIN,Cc1c2oc3c(C)ccc(C(=O)N[C@@H]4C(=O)N[C@H](C(C)C)C(=O)N5CCC[C@H]5C(=O)N(C)CC(=O)N(C)[C@@H](C(C)C)C(=O)O[C@@H]4C)c3nc-2c(C(=O)N[C@@H]2C(=O)N[C@H](C(C)C)C(=O)N3CCC[C@H]3C(=O)N(C)CC(=O)N(C)[C@@H](C(C)C)C(=O)O[C@@H]2C)c(N)c1=O,Cc1c2oc3c(C)ccc(C(=O)N[C@@H]4C(=O)N[C@H](C(C)C)C(=O)N5CCC[C@H]5C(=O)N(C)CC(=O)N(C)[C@@H](C(C)C)C(=O)O[C@@H]4C)c3nc-2c(C(=O)N[C@@H]2C(=O)N[C@H](C(C)C)C(=O)N3CCC[C@H]3C(=O)N(C)CC(=O)N(C)[C@@H](C(C)C)C(=O)O[C@@H]2C)c(N)c1=O,RJURFGZVJUQBHK-IIXSONLDSA-N,CHEMBL1554,exact_pref_name_match,2,1,[],success,,0,no
Fludeoxyglucose F-18,OC[C@H]1OC(O)[C@H]([18F])[C@@H](O)[C@@H]1O,OC[C@H]1OC(O)[C@H]([18F])[C@@H](O)[C@@H]1O,ZCXUVYAZINUVJD-GLCXRVCCSA-N,CHEMBL2030434,fallback_highest_score,20,1,[],success,No exact pref_name match; chose highest score (55.0) among 20 candidates,0,no
DOBUTAMINE HYDROCHLORIDE,CC(CCc1ccc(O)cc1)NCCc1ccc(O)c(O)c1.Cl,CC(CCc1ccc(O)cc1)NCCc1ccc(O)c(O)c1,JRWZLRBJNMZMFE-UHFFFAOYSA-N,CHEMBL1200418,exact_pref_name_match,20,2,['Cl'],success,,1,less
INDOMETHACIN SODIUM,COc1ccc2c(c1)c(CC(=O)[O-])c(C)n2C(=O)c1ccc(Cl)cc1.O.O.O.[Na+],COc1ccc2c(c1)c(CC(=O)[O-])c(C)n2C(=O)c1ccc(Cl)cc1,CGIGDMFJXJATDK-UHFFFAOYSA-M,CHEMBL3989410,exact_pref_name_match,20,5,"['O', 'O', 'O', '[Na+]']",success,,1,less
PROTAMINE SULFATE,,,,CHEMBL1201651,exact_pref_name_match,20,0,[],no_structure, | No canonical_smiles in ChEMBL response,1,most
OXALIPLATIN,,,,CHEMBL414804,exact_pref_name_match,4,0,[],no_structure, | No canonical_smiles in ChEMBL response,1,most
IRINOTECAN HYDROCHLORIDE,CCc1c2c(nc3ccc(OC(=O)N4CCC(N5CCCCC5)CC4)cc13)-c1cc3c(c(=O)n1C2)COC(=O)[C@]3(O)CC.Cl.O.O.O,CCc1c2c(nc3ccc(OC(=O)N4CCC(N5CCCCC5)CC4)cc13)-c1cc3c(c(=O)n1C2)COC(=O)[C@]3(O)CC,UWKQSNNFCGGAFS-XIFFEERXSA-N,CHEMBL3989514,exact_pref_name_match,20,5,"['Cl', 'O', 'O', 'O']",success,,1,less
CEFTRIAXONE SODIUM,CO/N=C(\C(=O)N[C@@H]1C(=O)N2C(C(=O)[O-])=C(CSc3nc(=O)c([O-])nn3C)CS[C@H]12)c1csc(N)n1.CO/N=C(\C(=O)N[C@@H]1C(=O)N2C(C(=O)[O-])=C(CSc3nc(=O)c([O-])nn3C)CS[C@H]12)c1csc(N)n1.O.O.O.O.O.O.O.[Na+].[Na+].[Na+].[Na+],CO/N=C(\C(=O)N[C@@H]1C(=O)N2C(C(=O)[O-])=C(CSc3nc(=O)c([O-])nn3C)CS[C@H]12)c1csc(N)n1,VAAUVRVFOQPIGI-SPQHTLEESA-L,CHEMBL6067656,exact_pref_name_match,20,13,"['CO/N=C(\\C(=O)N[C@@H]1C(=O)N2C(C(=O)[O-])=C(CSc3nc(=O)c([O-])nn3C)CS[C@H]12)c1csc(N)n1', 'O', 'O', 'O', 'O', 'O', 'O', 'O', '[Na+]', '[Na+]', '[Na+]', '[Na+]']",success,,0,no
Diatrizoate Sodium,CC(=O)Nc1c(I)c(NC(C)=O)c(I)c(C(=O)[O-])c1I.[Na+],CC(=O)Nc1c(I)c(NC(C)=O)c(I)c(C(=O)[O-])c1I,YVPYQUNUQOZFHG-UHFFFAOYSA-M,CHEMBL1200581,exact_pref_name_match,20,2,['[Na+]'],success,,1,most
Etesevimab,,,,CHEMBL4650488,exact_pref_name_match,1,0,[],no_structure, | No canonical_smiles in ChEMBL response,1,less
trimetrexate glucuronate,COc1cc(NCc2ccc3nc(N)nc(N)c3c2C)cc(OC)c1OC.O=C(O)[C@H]1O[C@H](O)[C@H](O)[C@@H](O)[C@@H]1O,COc1cc(NCc2ccc3nc(N)nc(N)c3c2C)cc(OC)c1OC,NOYPYLRCIDNJJB-UHFFFAOYSA-N,CHEMBL2218878,exact_pref_name_match,20,2,['O=C(O)[C@H]1O[C@H](O)[C@H](O)[C@@H](O)[C@@H]1O'],success,,0,no
ferumoxides,,,,CHEMBL1201502,exact_pref_name_match,1,0,[],no_structure, | No canonical_smiles in ChEMBL response,1,less
Bamlanivimab,,,,CHEMBL4650379,exact_pref_name_match,1,0,[],no_structure, | No canonical_smiles in ChEMBL response,1,less
TECHNETIUM TC-99M SODIUM PERTECHNETATE,,,,CHEMBL2096641,fallback_highest_score,20,0,[],no_structure,No exact pref_name match; chose highest score (104.0) among 20 candidates | No canonical_smiles in ChEMBL response,0,no
Temozolomide,Cn1nnc2c(C(N)=O)ncn2c1=O,Cn1nnc2c(C(N)=O)ncn2c1=O,BPEGJWRSRHCHSN-UHFFFAOYSA-N,CHEMBL810,exact_pref_name_match,6,1,[],success,,0,no
brivaracetam,CCC[C@@H]1CC(=O)N([C@@H](CC)C(N)=O)C1,CCC[C@@H]1CC(=O)N([C@@H](CC)C(N)=O)C1,MSYKRHVOOPPJKU-BDAKNGLRSA-N,CHEMBL607400,exact_pref_name_match,1,1,[],success,,0,no
tedizolid phosphate,Cn1nnc(-c2ccc(-c3ccc(N4C[C@H](COP(=O)(O)O)OC4=O)cc3F)cn2)n1,Cn1nnc(-c2ccc(-c3ccc(N4C[C@H](COP(=O)(O)O)OC4=O)cc3F)cn2)n1,QCGUSIANLFXSGE-GFCCVEGCSA-N,CHEMBL2105669,exact_pref_name_match,20,1,[],success,,1,less
delafloxacin meglumine,CNC[C@H](O)[C@@H](O)[C@H](O)[C@H](O)CO.Nc1nc(-n2cc(C(=O)O)c(=O)c3cc(F)c(N4CC(O)C4)c(Cl)c32)c(F)cc1F,Nc1nc(-n2cc(C(=O)O)c(=O)c3cc(F)c(N4CC(O)C4)c(Cl)c32)c(F)cc1F,DYDCPNMLZGFQTM-UHFFFAOYSA-N,CHEMBL2105638,exact_pref_name_match,20,2,['CNC[C@H](O)[C@@H](O)[C@H](O)[C@H](O)CO'],success,,1,less
POSACONAZOLE; posaconazole,CC[C@@H]([C@H](C)O)n1ncn(-c2ccc(N3CCN(c4ccc(OC[C@@H]5CO[C@@](Cn6cncn6)(c6ccc(F)cc6F)C5)cc4)CC3)cc2)c1=O,CC[C@@H]([C@H](C)O)n1ncn(-c2ccc(N3CCN(c4ccc(OC[C@@H]5CO[C@@](Cn6cncn6)(c6ccc(F)cc6F)C5)cc4)CC3)cc2)c1=O,RAGOYPUPXAKGKH-XAKZXMRKSA-N,CHEMBL1397,fallback_highest_score,3,1,[],success,No exact pref_name match; chose highest score (80.0) among 3 candidates,1,most
SELEXIPAG,CC(C)N(CCCCOCC(=O)NS(C)(=O)=O)c1cnc(-c2ccccc2)c(-c2ccccc2)n1,CC(C)N(CCCCOCC(=O)NS(C)(=O)=O)c1cnc(-c2ccccc2)c(-c2ccccc2)n1,QXWZQTURMXZVHJ-UHFFFAOYSA-N,CHEMBL238804,exact_pref_name_match,1,1,[],success,,0,no
LACOSAMIDE,COC[C@@H](NC(C)=O)C(=O)NCc1ccccc1,COC[C@@H](NC(C)=O)C(=O)NCc1ccccc1,VPPJLAIAVCUEMN-GFCCVEGCSA-N,CHEMBL58323,exact_pref_name_match,2,1,[],success,,1,most
LETERMOVIR,COc1cccc(N2CCN(C3=Nc4c(F)cccc4[C@H](CC(=O)O)N3c3cc(C(F)(F)F)ccc3OC)CC2)c1,COc1cccc(N2CCN(C3=Nc4c(F)cccc4[C@H](CC(=O)O)N3c3cc(C(F)(F)F)ccc3OC)CC2)c1,FWYSMLBETOMXAG-QHCPKHFHSA-N,CHEMBL1241951,exact_pref_name_match,2,1,[],success,,1,less
omadacycline,CN(C)c1cc(CNCC(C)(C)C)c(O)c2c1C[C@H]1C[C@H]3[C@H](N(C)C)C(O)=C(C(N)=O)C(=O)[C@@]3(O)C(O)=C1C2=O,CN(C)c1cc(CNCC(C)(C)C)c(O)c2c1C[C@H]1C[C@H]3[C@H](N(C)C)C(O)=C(C(N)=O)C(=O)[C@@]3(O)C(O)=C1C2=O,JEECQCWWSTZDCK-IQZGDKDPSA-N,CHEMBL1689772,exact_pref_name_match,5,1,[],success,,1,less
trovafloxacin mesylate,CS(=O)(=O)O.N[C@@H]1[C@H]2CN(c3nc4c(cc3F)c(=O)c(C(=O)O)cn4-c3ccc(F)cc3F)C[C@@H]12,N[C@@H]1[C@H]2CN(c3nc4c(cc3F)c(=O)c(C(=O)O)cn4-c3ccc(F)cc3F)C[C@@H]12,WVPSKSLAZQPAKQ-CDMJZVDBSA-N,CHEMBL1200779,exact_pref_name_match,20,2,['CS(=O)(=O)O'],success,,1,most
TECHNETIUM TC-99M SULFUR COLLOID,,,,CHEMBL1201529,fallback_highest_score,20,0,[],no_structure,No exact pref_name match; chose highest score (140.0) among 20 candidates | No canonical_smiles in ChEMBL response,1,less
HEPARIN SODIUM,,,,CHEMBL1201657,exact_pref_name_match,20,0,[],no_structure, | No canonical_smiles in ChEMBL response,0,no
bortezomib,CC(C)C[C@H](NC(=O)[C@H](Cc1ccccc1)NC(=O)c1cnccn1)B(O)O,CC(C)C[C@H](NC(=O)[C@H](Cc1ccccc1)NC(=O)c1cnccn1)B(O)O,GXJABQQUPOEUTA-RDJZCZTQSA-N,CHEMBL325041,exact_pref_name_match,3,1,[],success,,1,most
AZACITIDINE,Nc1ncn([C@@H]2O[C@H](CO)[C@@H](O)[C@H]2O)c(=O)n1,Nc1ncn([C@@H]2O[C@H](CO)[C@@H](O)[C@H]2O)c(=O)n1,NMUSYJAQQFHJEW-KVTDHHQDSA-N,CHEMBL1489,exact_pref_name_match,3,1,[],success,,1,less
OCTREOTIDE ACETATE,CC(=O)O.C[C@@H](O)[C@@H]1NC(=O)[C@H](CCCCN)NC(=O)[C@@H](Cc2c[nH]c3ccccc23)NC(=O)[C@H](Cc2ccccc2)NC(=O)[C@@H](NC(=O)[C@H](N)Cc2ccccc2)CSSC[C@@H](C(=O)N[C@H](CO)[C@@H](C)O)NC1=O,C[C@@H](O)[C@@H]1NC(=O)[C@H](CCCCN)NC(=O)[C@@H](Cc2c[nH]c3ccccc23)NC(=O)[C@H](Cc2ccccc2)NC(=O)[C@@H](NC(=O)[C@H](N)Cc2ccccc2)CSSC[C@@H](C(=O)N[C@H](CO)[C@@H](C)O)NC1=O,DEQANNDTNATYII-OULOTJBUSA-N,CHEMBL1200480,exact_pref_name_match,20,2,['CC(=O)O'],success,,1,most
Dimethyl Sulfoxide,C[S+](C)[O-],C[S+](C)[O-],IAZDPXIOMUYVGZ-UHFFFAOYSA-N,CHEMBL504,exact_pref_name_match,20,1,[],success,,0,no
HEXAMINOLEVULINATE HYDROCHLORIDE,CCCCCCOC(=O)CCC(=O)CN.Cl,CCCCCCOC(=O)CCC(=O)CN,RYQOILLJDKPETL-UHFFFAOYSA-N,CHEMBL1201785,exact_pref_name_match,20,2,['Cl'],success,,0,no
diatrizoate meglumine,CC(=O)Nc1c(I)c(NC(C)=O)c(I)c(C(=O)O)c1I.CNC[C@H](O)[C@@H](O)[C@H](O)[C@H](O)CO,CC(=O)Nc1c(I)c(NC(C)=O)c(I)c(C(=O)O)c1I,YVPYQUNUQOZFHG-UHFFFAOYSA-N,CHEMBL1200839,exact_pref_name_match,20,2,['CNC[C@H](O)[C@@H](O)[C@H](O)[C@H](O)CO'],success,,0,no
VALRUBICIN,CCCCC(=O)OCC(=O)[C@]1(O)Cc2c(O)c3c(c(O)c2[C@@H](O[C@H]2C[C@H](NC(=O)C(F)(F)F)[C@H](O)[C@H](C)O2)C1)C(=O)c1c(OC)cccc1C3=O,CCCCC(=O)OCC(=O)[C@]1(O)Cc2c(O)c3c(c(O)c2[C@@H](O[C@H]2C[C@H](NC(=O)C(F)(F)F)[C@H](O)[C@H](C)O2)C1)C(=O)c1c(OC)cccc1C3=O,ZOCKGBMQLCSHFP-KQRAQHLDSA-N,CHEMBL1096885,exact_pref_name_match,8,1,[],success,,0,no
ISAVUCONAZONIUM SULFATE,CNCC(=O)OCc1cccnc1N(C)C(=O)OC(C)[n+]1cnn(C[C@](O)(c2cc(F)ccc2F)[C@@H](C)c2nc(-c3ccc(C#N)cc3)cs2)c1.O=S(=O)([O-])O,CNCC(=O)OCc1cccnc1N(C)C(=O)OC(C)[n+]1cnn(C[C@](O)(c2cc(F)ccc2F)[C@@H](C)c2nc(-c3ccc(C#N)cc3)cs2)c1,RSWOJTICKMKTER-QXLBVTBOSA-N,CHEMBL3137333,exact_pref_name_match,20,2,['O=S(=O)([O-])O'],success,,1,less
TIPRANAVIR,CCC[C@@]1(CCc2ccccc2)CC(O)=C([C@H](CC)c2cccc(NS(=O)(=O)c3ccc(C(F)(F)F)cn3)c2)C(=O)O1,CCC[C@@]1(CCc2ccccc2)CC(O)=C([C@H](CC)c2cccc(NS(=O)(=O)c3ccc(C(F)(F)F)cn3)c2)C(=O)O1,SUJUHGSWHZTSEU-FYBSXPHGSA-N,CHEMBL222559,exact_pref_name_match,8,1,[],success,,0,no
METYRAPONE,CC(C)(C(=O)c1cccnc1)c1cccnc1,CC(C)(C(=O)c1cccnc1)c1cccnc1,FJLBFSROUSIWMA-UHFFFAOYSA-N,CHEMBL934,exact_pref_name_match,2,1,[],success,,1,less
GLYCEROL PHENYLBUTYRATE,O=C(CCCc1ccccc1)OCC(COC(=O)CCCc1ccccc1)OC(=O)CCCc1ccccc1,O=C(CCCc1ccccc1)OCC(COC(=O)CCCc1ccccc1)OC(=O)CCCc1ccccc1,ZSDBFLMJVAGKOU-UHFFFAOYSA-N,CHEMBL2105745,exact_pref_name_match,20,1,[],success,,0,no
macitentan,CCCNS(=O)(=O)Nc1ncnc(OCCOc2ncc(Br)cn2)c1-c1ccc(Br)cc1,CCCNS(=O)(=O)Nc1ncnc(OCCOc2ncc(Br)cn2)c1-c1ccc(Br)cc1,JGCMEBMXRHSZKX-UHFFFAOYSA-N,CHEMBL2103873,exact_pref_name_match,2,1,[],success,,1,less
saxagliptin hydrochloride,Cl.N#C[C@@H]1C[C@@H]2C[C@@H]2N1C(=O)[C@@H](N)C12CC3CC(CC(O)(C3)C1)C2,N#C[C@@H]1C[C@@H]2C[C@@H]2N1C(=O)[C@@H](N)C12CC3CC(CC(O)(C3)C1)C2,QGJUIPDUBHWZPV-SGTAVMJGSA-N,CHEMBL1201743,exact_pref_name_match,20,2,['Cl'],success,,1,most
FIDAXOMICIN,CCc1c(Cl)c(O)c(Cl)c(O)c1C(=O)O[C@H]1[C@H](O)[C@H](OC)[C@H](OC/C2=C\C=C\C[C@H](O)/C(C)=C/[C@H](CC)[C@@H](O[C@@H]3OC(C)(C)[C@@H](OC(=O)C(C)C)[C@H](O)[C@@H]3O)/C(C)=C/C(C)=C/C[C@@H]([C@@H](C)O)OC2=O)O[C@@H]1C,CCc1c(Cl)c(O)c(Cl)c(O)c1C(=O)O[C@H]1[C@H](O)[C@H](OC)[C@H](OC/C2=C\C=C\C[C@H](O)/C(C)=C/[C@H](CC)[C@@H](O[C@@H]3OC(C)(C)[C@@H](OC(=O)C(C)C)[C@H](O)[C@@H]3O)/C(C)=C/C(C)=C/C[C@@H]([C@@H](C)O)OC2=O)O[C@@H]1C,ZVGNESXIJDCBKN-UUEYKCAUSA-N,CHEMBL1255800,exact_pref_name_match,3,1,[],success,,0,no
PITOLISANT HYDROCHLORIDE,Cl.Clc1ccc(CCCOCCCN2CCCCC2)cc1,Clc1ccc(CCCOCCCN2CCCCC2)cc1,NNACHAUCXXVJSP-UHFFFAOYSA-N,CHEMBL4164059,exact_pref_name_match,20,2,['Cl'],success,,1,most
SAFINAMIDE MESYLATE,CS(=O)(=O)O.C[C@H](NCc1ccc(OCc2cccc(F)c2)cc1)C(N)=O,C[C@H](NCc1ccc(OCc2cccc(F)c2)cc1)C(N)=O,NEMGRZFTLSKBAP-LBPRGKRZSA-N,CHEMBL48582,exact_pref_name_match,20,2,['CS(=O)(=O)O'],success,,1,less
PEXIDARTINIB HYDROCHLORIDE,Cl.FC(F)(F)c1ccc(CNc2ccc(Cc3c[nH]c4ncc(Cl)cc34)cn2)cn1,FC(F)(F)c1ccc(CNc2ccc(Cc3c[nH]c4ncc(Cl)cc34)cn2)cn1,JGWRKYUXBBNENE-UHFFFAOYSA-N,CHEMBL3989973,exact_pref_name_match,20,2,['Cl'],success,,1,less
VANDETANIB,COc1cc2/c(=N/c3ccc(Br)cc3F)nc[nH]c2cc1OCC1CCN(C)CC1,COc1cc2/c(=N/c3ccc(Br)cc3F)nc[nH]c2cc1OCC1CCN(C)CC1,UHTHHESEBZOYNR-UHFFFAOYSA-N,CHEMBL24828,exact_pref_name_match,4,1,[],success,,1,most
IDELALISIB,CC[C@H](Nc1ncnc2[nH]cnc12)c1nc2cccc(F)c2c(=O)n1-c1ccccc1,CC[C@H](Nc1ncnc2[nH]cnc12)c1nc2cccc(F)c2c(=O)n1-c1ccccc1,IFSDAJWBUCMOAH-HNNXBMFYSA-N,CHEMBL2216870,exact_pref_name_match,6,1,[],success,,0,no
BENZNIDAZOLE,O=C(Cn1ccnc1[N+](=O)[O-])NCc1ccccc1,O=C(Cn1ccnc1[N+](=O)[O-])NCc1ccccc1,CULUWZNBISUWAS-UHFFFAOYSA-N,CHEMBL110,exact_pref_name_match,1,1,[],success,,0,no
OLSALAZINE SODIUM,O=C([O-])c1cc(/N=N/c2ccc(O)c(C(=O)[O-])c2)ccc1O.[Na+].[Na+],O=C([O-])c1cc(/N=N/c2ccc(O)c(C(=O)[O-])c2)ccc1O,QQBDLJCYGRGAKP-FOCLMDBBSA-L,CHEMBL1201013,exact_pref_name_match,20,3,"['[Na+]', '[Na+]']",success,,1,less
OSILODROSTAT PHOSPHATE,N#Cc1ccc([C@H]2CCc3cncn32)c(F)c1.O=P(O)(O)O,N#Cc1ccc([C@H]2CCc3cncn32)c(F)c1,USUZGMWDZDXMDG-CYBMUJFWSA-N,CHEMBL3707393,exact_pref_name_match,20,2,['O=P(O)(O)O'],success,,1,most
anhydrous tacrolimus,C=CC[C@@H]1/C=C(\C)C[C@H](C)C[C@H](OC)[C@H]2O[C@@](O)(C(=O)C(=O)N3CCCC[C@H]3C(=O)O[C@H](/C(C)=C/[C@@H]3CC[C@@H](O)[C@H](OC)C3)[C@H](C)[C@@H](O)CC1=O)[C@H](C)C[C@@H]2OC.O,C=CC[C@@H]1/C=C(\C)C[C@H](C)C[C@H](OC)[C@H]2O[C@@](O)(C(=O)C(=O)N3CCCC[C@H]3C(=O)O[C@H](/C(C)=C/[C@@H]3CC[C@@H](O)[C@H](OC)C3)[C@H](C)[C@@H](O)CC1=O)[C@H](C)C[C@@H]2OC,QJJXYPPXXYFBGM-LFZNUXCKSA-N,CHEMBL3989887,fallback_highest_score,20,2,['O'],success,No exact pref_name match; chose highest score (37.0) among 20 candidates,1,less
OPICAPONE,Cc1c(Cl)c(C)[n+]([O-])c(Cl)c1-c1noc(-c2cc(O)c(O)c([N+](=O)[O-])c2)n1,Cc1c(Cl)c(C)[n+]([O-])c(Cl)c1-c1noc(-c2cc(O)c(O)c([N+](=O)[O-])c2)n1,ASOADIZOVZTJSR-UHFFFAOYSA-N,CHEMBL1089318,exact_pref_name_match,1,1,[],success,,1,less
RIFAPENTINE,CO[C@H]1/C=C/O[C@@]2(C)Oc3c(C)c(O)c4c(O)c(c(/C=N/N5CCN(C6CCCC6)CC5)c(O)c4c3C2=O)NC(=O)/C(C)=C\C=C\[C@H](C)[C@H](O)[C@@H](C)[C@@H](O)[C@@H](C)[C@H](OC(C)=O)[C@@H]1C,CO[C@H]1/C=C/O[C@@]2(C)Oc3c(C)c(O)c4c(O)c(c(/C=N/N5CCN(C6CCCC6)CC5)c(O)c4c3C2=O)NC(=O)/C(C)=C\C=C\[C@H](C)[C@H](O)[C@@H](C)[C@@H](O)[C@@H](C)[C@H](OC(C)=O)[C@@H]1C,WDZCUPBHRAEYDL-GZAUEHORSA-N,CHEMBL1660,exact_pref_name_match,2,1,[],success,,1,less
PROCARBAZINE HYDROCHLORIDE,CNNCc1ccc(C(=O)NC(C)C)cc1.Cl,CNNCc1ccc(C(=O)NC(C)C)cc1,CPTBDICYNRMXFX-UHFFFAOYSA-N,CHEMBL1200410,exact_pref_name_match,20,2,['Cl'],success,,1,less
Amlodipine Benzoate,CCOC(=O)C1=C(COCCN)NC(C)=C(C(=O)OC)C1c1ccccc1Cl.O=C(O)c1ccccc1,CCOC(=O)C1=C(COCCN)NC(C)=C(C(=O)OC)C1c1ccccc1Cl,HTIQEAQVCYTUBX-UHFFFAOYSA-N,CHEMBL4594262,exact_pref_name_match,20,2,['O=C(O)c1ccccc1'],success,,1,most
GEMIFLOXACIN MESYLATE,CO/N=C1\CN(c2nc3c(cc2F)c(=O)c(C(=O)O)cn3C2CC2)CC1CN.CS(=O)(=O)O,CO/N=C1\CN(c2nc3c(cc2F)c(=O)c(C(=O)O)cn3C2CC2)CC1CN,ZRCVYEYHRGVLOC-HYARGMPZSA-N,CHEMBL1200621,exact_pref_name_match,20,2,['CS(=O)(=O)O'],success,,1,most
LOMITAPIDE MESYLATE,CS(=O)(=O)O.O=C(NC1CCN(CCCCC2(C(=O)NCC(F)(F)F)c3ccccc3-c3ccccc32)CC1)c1ccccc1-c1ccc(C(F)(F)F)cc1,O=C(NC1CCN(CCCCC2(C(=O)NCC(F)(F)F)c3ccccc3-c3ccccc32)CC1)c1ccccc1-c1ccc(C(F)(F)F)cc1,MBBCVAKAJPKAKM-UHFFFAOYSA-N,CHEMBL2105662,exact_pref_name_match,20,2,['CS(=O)(=O)O'],success,,1,less
DAROLUTAMIDE,CC(O)c1cc(C(=O)N[C@@H](C)Cn2ccc(-c3ccc(C#N)c(Cl)c3)n2)n[nH]1,CC(O)c1cc(C(=O)N[C@@H](C)Cn2ccc(-c3ccc(C#N)c(Cl)c3)n2)n[nH]1,BLIJXOOIHRSQRB-PXYINDEMSA-N,CHEMBL4297185,exact_pref_name_match,3,1,[],success,,1,less
OLAPARIB,O=C(c1cc(Cc2n[nH]c(=O)c3ccccc23)ccc1F)N1CCN(C(=O)C2CC2)CC1,O=C(c1cc(Cc2n[nH]c(=O)c3ccccc23)ccc1F)N1CCN(C(=O)C2CC2)CC1,FDLYAMZZIXQODN-UHFFFAOYSA-N,CHEMBL521686,exact_pref_name_match,2,1,[],success,,0,no
Urea C-14,N[14C](N)=O,N[14C](N)=O,XSQUKJJJFZCRTK-NJFSPNSNSA-N,CHEMBL2096635,fallback_highest_score,20,1,[],success,No exact pref_name match; chose highest score (44.0) among 20 candidates,0,no
UREA C-13,NC(N)=O,NC(N)=O,XSQUKJJJFZCRTK-UHFFFAOYSA-N,CHEMBL985,fallback_highest_score,20,1,[],success,No exact pref_name match; chose highest score (45.0) among 20 candidates,0,no
SONIDEGIB PHOSPHATE,Cc1c(C(=O)Nc2ccc(N3C[C@@H](C)O[C@@H](C)C3)nc2)cccc1-c1ccc(OC(F)(F)F)cc1.O=P(O)(O)O.O=P(O)(O)O,Cc1c(C(=O)Nc2ccc(N3C[C@@H](C)O[C@@H](C)C3)nc2)cccc1-c1ccc(OC(F)(F)F)cc1,VZZJRYRQSPEMTK-CALCHBBNSA-N,CHEMBL3137317,exact_pref_name_match,20,3,"['O=P(O)(O)O', 'O=P(O)(O)O']",success,,0,no
Tepotinib Hydrochloride,CN1CCC(COc2cnc(-c3cccc(Cn4nc(-c5cccc(C#N)c5)ccc4=O)c3)nc2)CC1.Cl.O,CN1CCC(COc2cnc(-c3cccc(Cn4nc(-c5cccc(C#N)c5)ccc4=O)c3)nc2)CC1,AHYMHWXQRWRBKT-UHFFFAOYSA-N,CHEMBL4594292,exact_pref_name_match,20,3,"['Cl', 'O']",success,,0,no
DICHLORPHENAMIDE,NS(=O)(=O)c1cc(Cl)c(Cl)c(S(N)(=O)=O)c1,NS(=O)(=O)c1cc(Cl)c(Cl)c(S(N)(=O)=O)c1,GJQPMPFPNINLKP-UHFFFAOYSA-N,CHEMBL17,exact_pref_name_match,1,1,[],success,,1,less
ILOPERIDONE,COc1cc(C(C)=O)ccc1OCCCN1CCC(c2noc3cc(F)ccc23)CC1,COc1cc(C(C)=O)ccc1OCCCN1CCC(c2noc3cc(F)ccc23)CC1,XMXHEBAFVSFQEX-UHFFFAOYSA-N,CHEMBL14376,exact_pref_name_match,1,1,[],success,,1,most
ANAGRELIDE HYDROCHLORIDE ANHYDROUS,Cl.O=C1CN2Cc3c(ccc(Cl)c3Cl)N=C2N1,O=C1CN2Cc3c(ccc(Cl)c3Cl)N=C2N1,OTBXOEAOVRKTNQ-UHFFFAOYSA-N,CHEMBL1200759,fallback_highest_score,20,2,['Cl'],success,No exact pref_name match; chose highest score (52.0) among 20 candidates,1,most
maralixibat chloride,CCCCC1(CCCC)CS(=O)(=O)c2ccc(N(C)C)cc2[C@@H](c2ccc(OCc3ccc(C[N+]45CCN(CC4)CC5)cc3)cc2)[C@H]1O.[Cl-],CCCCC1(CCCC)CS(=O)(=O)c2ccc(N(C)C)cc2[C@@H](c2ccc(OCc3ccc(C[N+]45CCN(CC4)CC5)cc3)cc2)[C@H]1O,STPKWKPURVSAJF-LJEWAXOPSA-N,CHEMBL17879,exact_pref_name_match,20,2,['[Cl-]'],success,,0,no
LOFEXIDINE HYDROCHLORIDE,CC(Oc1c(Cl)cccc1Cl)C1=NCCN1.Cl,CC(Oc1c(Cl)cccc1Cl)C1=NCCN1,KSMAGQUYOIHWFS-UHFFFAOYSA-N,CHEMBL1788132,exact_pref_name_match,20,2,['Cl'],success,,1,most
naldemedine tosylate,CC(C)(NC(=O)C1=C(O)[C@@H]2Oc3c(O)ccc4c3[C@@]23CCN(CC2CC2)[C@H](C4)[C@]3(O)C1)c1nc(-c2ccccc2)no1.Cc1ccc(S(=O)(=O)O)cc1,CC(C)(NC(=O)C1=C(O)[C@@H]2Oc3c(O)ccc4c3[C@@]23CCN(CC2CC2)[C@H](C4)[C@]3(O)C1)c1nc(-c2ccccc2)no1,AXQACEQYCPKDMV-RZAWKFBISA-N,CHEMBL3039508,exact_pref_name_match,20,2,['Cc1ccc(S(=O)(=O)O)cc1'],success,,0,no
APREMILAST,CCOc1cc([C@@H](CS(C)(=O)=O)N2C(=O)c3cccc(NC(C)=O)c3C2=O)ccc1OC,CCOc1cc([C@@H](CS(C)(=O)=O)N2C(=O)c3cccc(NC(C)=O)c3C2=O)ccc1OC,IMOZEMNVLZVGJZ-QGZVFWFLSA-N,CHEMBL514800,exact_pref_name_match,2,1,[],success,,0,no
SAQUINAVIR MESYLATE,CC(C)(C)NC(=O)[C@@H]1C[C@@H]2CCCC[C@@H]2CN1C[C@@H](O)[C@H](Cc1ccccc1)NC(=O)[C@H](CC(N)=O)NC(=O)c1ccc2ccccc2n1.CS(=O)(=O)O,CC(C)(C)NC(=O)[C@@H]1C[C@@H]2CCCC[C@@H]2CN1C[C@@H](O)[C@H](Cc1ccccc1)NC(=O)[C@H](CC(N)=O)NC(=O)c1ccc2ccccc2n1,QWAXKHKRTORLEM-UGJKXSETSA-N,CHEMBL282042,exact_pref_name_match,20,2,['CS(=O)(=O)O'],success,,1,most
FEDRATINIB HYDROCHLORIDE,Cc1cnc(Nc2ccc(OCCN3CCCC3)cc2)nc1Nc1cccc(S(=O)(=O)NC(C)(C)C)c1.Cl.Cl.O,Cc1cnc(Nc2ccc(OCCN3CCCC3)cc2)nc1Nc1cccc(S(=O)(=O)NC(C)(C)C)c1,JOOXLOJCABQBSG-UHFFFAOYSA-N,CHEMBL4297216,exact_pref_name_match,20,4,"['Cl', 'Cl', 'O']",success,,1,most
ENASIDENIB MESYLATE,CC(C)(O)CNc1nc(Nc2ccnc(C(F)(F)F)c2)nc(-c2cccc(C(F)(F)F)n2)n1.CS(=O)(=O)O,CC(C)(O)CNc1nc(Nc2ccnc(C(F)(F)F)c2)nc(-c2cccc(C(F)(F)F)n2)n1,DYLUUSLLRIQKOE-UHFFFAOYSA-N,CHEMBL3989931,exact_pref_name_match,20,2,['CS(=O)(=O)O'],success,,1,most
VILAZODONE HYDROCHLORIDE,Cl.N#Cc1ccc2[nH]cc(CCCCN3CCN(c4ccc5oc(C(N)=O)cc5c4)CC3)c2c1,N#Cc1ccc2[nH]cc(CCCCN3CCN(c4ccc5oc(C(N)=O)cc5c4)CC3)c2c1,SGEGOXDYSFKCPT-UHFFFAOYSA-N,CHEMBL1615374,exact_pref_name_match,20,2,['Cl'],success,,1,less
adefovir dipivoxil,CC(C)(C)C(=O)OCOP(=O)(COCCn1cnc2c(N)ncnc21)OCOC(=O)C(C)(C)C,CC(C)(C)C(=O)OCOP(=O)(COCCn1cnc2c(N)ncnc21)OCOC(=O)C(C)(C)C,WOZSCQDILHKSGG-UHFFFAOYSA-N,CHEMBL922,exact_pref_name_match,9,1,[],success,,0,no
DOLASETRON MESYLATE,CS(=O)(=O)O.O.O=C(O[C@@H]1C[C@@H]2C[C@H]3C[C@H](C1)N2CC3=O)c1c[nH]c2ccccc12,O=C(O[C@@H]1C[C@@H]2C[C@H]3C[C@H](C1)N2CC3=O)c1c[nH]c2ccccc12,UKTAZPQNNNJVKR-KJGYPYNMSA-N,CHEMBL2368924,exact_pref_name_match,20,3,"['CS(=O)(=O)O', 'O']",success,,1,most
CAPMATINIB,CNC(=O)c1ccc(-c2cnc3ncc(Cc4ccc5ncccc5c4)n3n2)cc1F,CNC(=O)c1ccc(-c2cnc3ncc(Cc4ccc5ncccc5c4)n3n2)cc1F,LIOLIMKSCNQPLV-UHFFFAOYSA-N,CHEMBL3188267,exact_pref_name_match,3,1,[],success,,0,no
SITAGLIPTIN PHOSPHATE,N[C@@H](CC(=O)N1CCn2c(nnc2C(F)(F)F)C1)Cc1cc(F)c(F)cc1F.O.O=P(O)(O)O,N[C@@H](CC(=O)N1CCn2c(nnc2C(F)(F)F)C1)Cc1cc(F)c(F)cc1F,MFFMDFFZMYYVKS-SECBINFHSA-N,CHEMBL1201174,exact_pref_name_match,20,3,"['O=P(O)(O)O', 'O']",success,,1,most
IVABRADINE HYDROCHLORIDE,COc1cc2c(cc1OC)CC(=O)N(CCCN(C)C[C@H]1Cc3cc(OC)c(OC)cc31)CC2.Cl,COc1cc2c(cc1OC)CC(=O)N(CCCN(C)C[C@H]1Cc3cc(OC)c(OC)cc31)CC2,ACRHBAYQBXXRTO-OAQYLSRUSA-N,CHEMBL2145077,exact_pref_name_match,20,2,['Cl'],success,,1,most
FERRIC FERROCYANIDE,,,,CHEMBL4802224,fallback_highest_score,20,0,[],no_structure,No exact pref_name match; chose highest score (36.0) among 20 candidates | No canonical_smiles in ChEMBL response,0,no
FOSTAMATINIB,COc1cc(Nc2ncc(F)c(Nc3ccc4c(n3)N(COP(=O)(O)O)C(=O)C(C)(C)O4)n2)cc(OC)c1OC,COc1cc(Nc2ncc(F)c(Nc3ccc4c(n3)N(COP(=O)(O)O)C(=O)C(C)(C)O4)n2)cc(OC)c1OC,GKDRMWXFWHEQQT-UHFFFAOYSA-N,CHEMBL2103830,exact_pref_name_match,2,1,[],success,,1,most
NITAZOXANIDE,CC(=O)Oc1ccccc1C(=O)Nc1ncc([N+](=O)[O-])s1,CC(=O)Oc1ccccc1C(=O)Nc1ncc([N+](=O)[O-])s1,YQNQNVDNTFHQSW-UHFFFAOYSA-N,CHEMBL1401,exact_pref_name_match,2,1,[],success,,0,no
LISDEXAMFETAMINE DIMESYLATE,CS(=O)(=O)O.CS(=O)(=O)O.C[C@@H](Cc1ccccc1)NC(=O)[C@@H](N)CCCCN,C[C@@H](Cc1ccccc1)NC(=O)[C@@H](N)CCCCN,VOBHXZCDAVEXEY-JSGCOSHPSA-N,CHEMBL1201178,exact_pref_name_match,20,3,"['CS(=O)(=O)O', 'CS(=O)(=O)O']",success,,1,most
TASIMELTEON,CCC(=O)NC[C@@H]1C[C@H]1c1cccc2c1CCO2,CCC(=O)NC[C@@H]1C[C@H]1c1cccc2c1CCO2,PTOIAAWZLUQTIO-GXFFZTMASA-N,CHEMBL2103822,exact_pref_name_match,1,1,[],success,,0,no
DABIGATRAN ETEXILATE MESYLATE,CCCCCCOC(=O)NC(=N)c1ccc(NCc2nc3cc(C(=O)N(CCC(=O)OCC)c4ccccn4)ccc3n2C)cc1.CS(=O)(=O)O,CCCCCCOC(=O)NC(=N)c1ccc(NCc2nc3cc(C(=O)N(CCC(=O)OCC)c4ccccn4)ccc3n2C)cc1,KSGXQBZTULBEEQ-UHFFFAOYSA-N,CHEMBL1615369,exact_pref_name_match,20,2,['CS(=O)(=O)O'],success,,1,most
TECOVIRIMAT MONOHYDRATE,O.O=C(NN1C(=O)[C@@H]2[C@@H]3C=C[C@@H]([C@H]4C[C@@H]34)[C@@H]2C1=O)c1ccc(C(F)(F)F)cc1,O=C(NN1C(=O)[C@@H]2[C@@H]3C=C[C@@H]([C@H]4C[C@@H]34)[C@@H]2C1=O)c1ccc(C(F)(F)F)cc1,CSKDFZIMJXRJGH-VWLPUNTISA-N,CHEMBL5315121,exact_pref_name_match,20,2,['O'],success,,0,no
GEFITINIB,COc1cc2ncnc(Nc3ccc(F)c(Cl)c3)c2cc1OCCCN1CCOCC1,COc1cc2ncnc(Nc3ccc(F)c(Cl)c3)c2cc1OCCCN1CCOCC1,XGALLCVXEZPNRQ-UHFFFAOYSA-N,CHEMBL939,exact_pref_name_match,3,1,[],success,,0,no
Octreotide,C[C@@H](O)[C@@H]1NC(=O)[C@H](CCCCN)NC(=O)[C@@H](Cc2c[nH]c3ccccc23)NC(=O)[C@H](Cc2ccccc2)NC(=O)[C@@H](NC(=O)[C@H](N)Cc2ccccc2)CSSC[C@@H](C(=O)N[C@H](CO)[C@@H](C)O)NC1=O,C[C@@H](O)[C@@H]1NC(=O)[C@H](CCCCN)NC(=O)[C@@H](Cc2c[nH]c3ccccc23)NC(=O)[C@H](Cc2ccccc2)NC(=O)[C@@H](NC(=O)[C@H](N)Cc2ccccc2)CSSC[C@@H](C(=O)N[C@H](CO)[C@@H](C)O)NC1=O,DEQANNDTNATYII-OULOTJBUSA-N,CHEMBL1680,exact_pref_name_match,20,1,[],success,,1,most
Amifampridine,Nc1ccncc1N,Nc1ccncc1N,OYTKINVCDFNREN-UHFFFAOYSA-N,CHEMBL354077,exact_pref_name_match,2,1,[],success,,0,no
RIOCIGUAT,COC(=O)N(C)c1c(N)nc(-c2nn(Cc3ccccc3F)c3ncccc23)nc1N,COC(=O)N(C)c1c(N)nc(-c2nn(Cc3ccccc3F)c3ncccc23)nc1N,WXXSNCNJFUAIDG-UHFFFAOYSA-N,CHEMBL2107834,exact_pref_name_match,1,1,[],success,,1,less
SIPONIMOD,CCc1cc(/C(C)=N/OCc2ccc(C3CCCCC3)c(C(F)(F)F)c2)ccc1CN1CC(C(=O)O)C1,CCc1cc(/C(C)=N/OCc2ccc(C3CCCCC3)c(C(F)(F)F)c2)ccc1CN1CC(C(=O)O)C1,KIHYPELVXPAIDH-HNSNBQBZSA-N,CHEMBL2336071,exact_pref_name_match,2,1,[],success,,1,less
MILNACIPRAN HYDROCHLORIDE; milnacipran hydrochloride,CCN(CC)C(=O)C1(c2ccccc2)CC1CN.Cl,CCN(CC)C(=O)C1(c2ccccc2)CC1CN,GJJFMKBJSRMPLA-UHFFFAOYSA-N,CHEMBL4297064,fallback_highest_score,20,2,['Cl'],success,No exact pref_name match; chose highest score (100.0) among 20 candidates,1,less
SAPROPTERIN DIHYDROCHLORIDE,C[C@H](O)[C@H](O)[C@H]1CNc2[nH]c(N)nc(=O)c2N1.Cl.Cl,C[C@H](O)[C@H](O)[C@H]1CNc2[nH]c(N)nc(=O)c2N1,FNKQXYHWGSIFBK-RPDRRWSUSA-N,CHEMBL1201775,exact_pref_name_match,20,3,"['Cl', 'Cl']",success,,1,less
LORCASERIN HYDROCHLORIDE HEMIHYDRATE,C[C@H]1CNCCc2ccc(Cl)cc21.Cl,C[C@H]1CNCCc2ccc(Cl)cc21,XTTZERNUQAFMOF-QMMMGPOBSA-N,CHEMBL2095211,fallback_highest_score,20,2,['Cl'],success,No exact pref_name match; chose highest score (46.0) among 20 candidates,1,most
dasatinib,Cc1nc(Nc2ncc(C(=O)Nc3c(C)cccc3Cl)s2)cc(N2CCN(CCO)CC2)n1.O,Cc1nc(Nc2ncc(C(=O)Nc3c(C)cccc3Cl)s2)cc(N2CCN(CCO)CC2)n1,ZBNZXTGUTAYRHI-UHFFFAOYSA-N,CHEMBL5416410,exact_pref_name_match,5,2,['O'],success,,1,most
SECNIDAZOLE,Cc1ncc([N+](=O)[O-])n1CC(C)O,Cc1ncc([N+](=O)[O-])n1CC(C)O,KPQZUUQMTUIKBP-UHFFFAOYSA-N,CHEMBL498847,exact_pref_name_match,1,1,[],success,,0,no
Aspirin,CC(=O)Oc1ccccc1C(=O)O,CC(=O)Oc1ccccc1C(=O)O,BSYNRYMUTXBXSQ-UHFFFAOYSA-N,CHEMBL25,exact_pref_name_match,20,1,[],success,,0,no
Stiripentol,CC(C)(C)C(O)/C=C/c1ccc2c(c1)OCO2,CC(C)(C)C(O)/C=C/c1ccc2c(c1)OCO2,IBLNKMRFIPWSOY-FNORWQNLSA-N,CHEMBL1983350,exact_pref_name_match,1,1,[],success,,0,no
TETRAFERRIC TRICITRATE DECAHYDRATE,O=C(O)CC(O)(CC(=O)O)C(=O)O.O=C([O-])CC(O)(CC(=O)O)C(=O)O.O=C([O-])CC(O)(CC(=O)O)C(=O)O.[K+].[Na+],O=C(O)CC(O)(CC(=O)O)C(=O)O,KRKNYBCHXYNGOX-UHFFFAOYSA-N,CHEMBL2107216,fallback_highest_score,5,5,"['O=C([O-])CC(O)(CC(=O)O)C(=O)O', 'O=C([O-])CC(O)(CC(=O)O)C(=O)O', '[K+]', '[Na+]']",success,No exact pref_name match; chose highest score (16.0) among 5 candidates,0,no
LEVOTHYROXINE,N[C@@H](Cc1cc(I)c(Oc2cc(I)c(O)c(I)c2)c(I)c1)C(=O)O,N[C@@H](Cc1cc(I)c(Oc2cc(I)c(O)c(I)c2)c(I)c1)C(=O)O,XUIIKFGFIJCVMT-LBPRGKRZSA-N,CHEMBL1624,exact_pref_name_match,11,1,[],success,,1,less
ivosidenib,N#Cc1ccnc(N2C(=O)CC[C@H]2C(=O)N(c2cncc(F)c2)[C@H](C(=O)NC2CC(F)(F)C2)c2ccccc2Cl)c1,N#Cc1ccnc(N2C(=O)CC[C@H]2C(=O)N(c2cncc(F)c2)[C@H](C(=O)NC2CC(F)(F)C2)c2ccccc2Cl)c1,WIJZXSAJMHAVGX-DHLKQENFSA-N,CHEMBL3989958,exact_pref_name_match,1,1,[],success,,1,most
CROFELEMER,,,,CHEMBL2108184,exact_pref_name_match,1,0,[],no_structure, | No canonical_smiles in ChEMBL response,0,no
MARIBAVIR,CC(C)Nc1nc2cc(Cl)c(Cl)cc2n1[C@H]1O[C@@H](CO)[C@H](O)[C@@H]1O,CC(C)Nc1nc2cc(Cl)c(Cl)cc2n1[C@H]1O[C@@H](CO)[C@H](O)[C@@H]1O,KJFBVJALEQWJBS-XUXIUFHCSA-N,CHEMBL515408,exact_pref_name_match,1,1,[],success,,0,no
ALECTINIB HYDROCHLORIDE,CCc1cc2c(cc1N1CCC(N3CCOCC3)CC1)C(C)(C)c1[nH]c3cc(C#N)ccc3c1C2=O.Cl,CCc1cc2c(cc1N1CCC(N3CCOCC3)CC1)C(C)(C)c1[nH]c3cc(C#N)ccc3c1C2=O,KDGFLJKFZUIJMX-UHFFFAOYSA-N,CHEMBL3707320,exact_pref_name_match,20,2,['Cl'],success,,1,less
CENOBAMATE,NC(=O)O[C@@H](Cn1ncnn1)c1ccccc1Cl,NC(=O)O[C@@H](Cn1ncnn1)c1ccccc1Cl,GFHAXPJGXSQLPT-VIFPVBQESA-N,CHEMBL3989949,exact_pref_name_match,1,1,[],success,,1,most
CEVIMELINE HYDROCHLORIDE,CC1OC2(CS1)CN1CCC2CC1.Cl.O,CC1OC2(CS1)CN1CCC2CC1,WUTYZMFRCNBCHQ-UHFFFAOYSA-N,CHEMBL2218917,exact_pref_name_match,20,3,"['Cl', 'O']",success,,1,less
RELUGOLIX,CONC(=O)Nc1ccc(-c2sc3c(c2CN(C)C)c(=O)n(-c2ccc(OC)nn2)c(=O)n3Cc2c(F)cccc2F)cc1,CONC(=O)Nc1ccc(-c2sc3c(c2CN(C)C)c(=O)n(-c2ccc(OC)nn2)c(=O)n3Cc2c(F)cccc2F)cc1,AOMXMOCNKJTRQP-UHFFFAOYSA-N,CHEMBL1800159,exact_pref_name_match,1,1,[],success,,1,most
CALCIFEDIOL,C=C1CC[C@H](O)C/C1=C/C=C1\CCC[C@]2(C)[C@@H]([C@H](C)CCCC(C)(C)O)CC[C@@H]12.O,C=C1CC[C@H](O)C/C1=C/C=C1\CCC[C@]2(C)[C@@H]([C@H](C)CCCC(C)(C)O)CC[C@@H]12,JWUBBDSIWDLEOM-DTOXIADCSA-N,CHEMBL3544909,exact_pref_name_match,3,2,['O'],success,,1,less
DEUTETRABENAZINE,[2H]C([2H])([2H])Oc1cc2c(cc1OC([2H])([2H])[2H])C1CC(=O)C(CC(C)C)CN1CC2,[2H]C([2H])([2H])Oc1cc2c(cc1OC([2H])([2H])[2H])C1CC(=O)C(CC(C)C)CN1CC2,MKJIEFSOBYUXJB-LIJFRPJRSA-N,CHEMBL3137326,exact_pref_name_match,2,1,[],success,,1,most
Bedaquiline Fumarate,COc1nc2ccc(Br)cc2cc1[C@@H](c1ccccc1)[C@@](O)(CCN(C)C)c1cccc2ccccc12.O=C(O)/C=C/C(=O)O,COc1nc2ccc(Br)cc2cc1[C@@H](c1ccccc1)[C@@](O)(CCN(C)C)c1cccc2ccccc12,QUIJNHUBAXPXFS-XLJNKUFUSA-N,CHEMBL2105700,exact_pref_name_match,20,2,['O=C(O)/C=C/C(=O)O'],success,,1,most
LORLATINIB,C[C@H]1Oc2cc(cnc2N)-c2c(nn(C)c2C#N)CN(C)C(=O)c2ccc(F)cc21,C[C@H]1Oc2cc(cnc2N)-c2c(nn(C)c2C#N)CN(C)C(=O)c2ccc(F)cc21,IIXWYSCJSQVBQM-LLVKDONJSA-N,CHEMBL3286830,exact_pref_name_match,6,1,[],success,,1,most
VILOXAZINE HYDROCHLORIDE,CCOc1ccccc1OCC1CNCCO1.Cl,CCOc1ccccc1OCC1CNCCO1,YWPHCCPCQOJSGZ-UHFFFAOYSA-N,CHEMBL2106483,exact_pref_name_match,20,2,['Cl'],success,,1,less
ETHIONAMIDE,CCc1cc(C(N)=S)ccn1,CCc1cc(C(N)=S)ccn1,AEOCXXJPGCBFJA-UHFFFAOYSA-N,CHEMBL1441,exact_pref_name_match,1,1,[],success,,0,no
AVACOPAN,Cc1ccc(NC(=O)[C@H]2CCCN(C(=O)c3c(C)cccc3F)[C@H]2c2ccc(NC3CCCC3)cc2)cc1C(F)(F)F,Cc1ccc(NC(=O)[C@H]2CCCN(C(=O)c3c(C)cccc3F)[C@H]2c2ccc(NC3CCCC3)cc2)cc1C(F)(F)F,PUKBOVABABRILL-YZNIXAGQSA-N,CHEMBL3989871,exact_pref_name_match,1,1,[],success,,1,less
TOFACITINIB CITRATE,C[C@@H]1CCN(C(=O)CC#N)C[C@@H]1N(C)c1ncnc2[nH]ccc12.O=C(O)CC(O)(CC(=O)O)C(=O)O,C[C@@H]1CCN(C(=O)CC#N)C[C@@H]1N(C)c1ncnc2[nH]ccc12,UJLAWZDWDVHWOW-YPMHNXCESA-N,CHEMBL2103743,exact_pref_name_match,20,2,['O=C(O)CC(O)(CC(=O)O)C(=O)O'],success,,1,most
MOXIDECTIN,CO/N=C1\C[C@]2(C[C@@H]3C[C@@H](C/C=C(\C)C[C@@H](C)/C=C/C=C4\CO[C@@H]5[C@H](O)C(C)=C[C@@H](C(=O)O3)[C@]45O)O2)O[C@H](/C(C)=C/C(C)C)[C@H]1C,CO/N=C1\C[C@]2(C[C@@H]3C[C@@H](C/C=C(\C)C[C@@H](C)/C=C/C=C4\CO[C@@H]5[C@H](O)C(C)=C[C@@H](C(=O)O3)[C@]45O)O2)O[C@H](/C(C)=C/C(C)C)[C@H]1C,YZBLFMPOMVTDJY-LSGXYNIPSA-N,CHEMBL2104415,exact_pref_name_match,3,1,[],success,,1,less
DESVENLAFAXINE,CN(C)CC(c1ccc(O)cc1)C1(O)CCCCC1,CN(C)CC(c1ccc(O)cc1)C1(O)CCCCC1,KYYIDSXMWOZKMP-UHFFFAOYSA-N,CHEMBL1118,exact_pref_name_match,4,1,[],success,,1,less
pimavanserin tartrate,CC(C)COc1ccc(CNC(=O)N(Cc2ccc(F)cc2)C2CCN(C)CC2)cc1.CC(C)COc1ccc(CNC(=O)N(Cc2ccc(F)cc2)C2CCN(C)CC2)cc1.O=C(O)C(O)C(O)C(=O)O,CC(C)COc1ccc(CNC(=O)N(Cc2ccc(F)cc2)C2CCN(C)CC2)cc1,RKEWSXXUOLRFBX-UHFFFAOYSA-N,CHEMBL2448613,exact_pref_name_match,20,3,"['CC(C)COc1ccc(CNC(=O)N(Cc2ccc(F)cc2)C2CCN(C)CC2)cc1', 'O=C(O)C(O)C(O)C(=O)O']",success,,1,most
Venetoclax,CC1(C)CCC(CN2CCN(c3ccc(C(=O)NS(=O)(=O)c4ccc(NCC5CCOCC5)c([N+](=O)[O-])c4)c(Oc4cnc5[nH]ccc5c4)c3)CC2)=C(c2ccc(Cl)cc2)C1,CC1(C)CCC(CN2CCN(c3ccc(C(=O)NS(=O)(=O)c4ccc(NCC5CCOCC5)c([N+](=O)[O-])c4)c(Oc4cnc5[nH]ccc5c4)c3)CC2)=C(c2ccc(Cl)cc2)C1,LQBVNQSMGBZMKD-UHFFFAOYSA-N,CHEMBL3137309,exact_pref_name_match,2,1,[],success,,0,no
DROSPIRENONE,C[C@]12CCC(=O)C=C1[C@@H]1C[C@@H]1[C@H]1[C@@H]3[C@@H]4C[C@@H]4[C@@]4(CCC(=O)O4)[C@@]3(C)CC[C@@H]12,C[C@]12CCC(=O)C=C1[C@@H]1C[C@@H]1[C@H]1[C@@H]3[C@@H]4C[C@@H]4[C@@]4(CCC(=O)O4)[C@@]3(C)CC[C@@H]12,METQSPRSQINEEU-HXCATZOESA-N,CHEMBL1509,exact_pref_name_match,1,1,[],success,,0,no
MIRABEGRON,Nc1nc(CC(=O)Nc2ccc(CCNC[C@H](O)c3ccccc3)cc2)cs1,Nc1nc(CC(=O)Nc2ccc(CCNC[C@H](O)c3ccccc3)cc2)cs1,PBAPPPCECJKMCM-IBGZPJMESA-N,CHEMBL2095212,exact_pref_name_match,3,1,[],success,,1,less
ERTUGLIFLOZIN PIDOLATE,CCOc1ccc(Cc2cc([C@]34OC[C@](CO)(O3)[C@@H](O)[C@H](O)[C@H]4O)ccc2Cl)cc1.O=C1CC[C@@H](C(=O)O)N1,CCOc1ccc(Cc2cc([C@]34OC[C@](CO)(O3)[C@@H](O)[C@H](O)[C@H]4O)ccc2Cl)cc1,MCIACXAZCBVDEE-CUUWFGFTSA-N,CHEMBL5315054,exact_pref_name_match,7,2,['O=C1CC[C@@H](C(=O)O)N1'],success,,0,no
galantamine hydrobromide,Br.COc1ccc2c3c1O[C@H]1C[C@@H](O)C=C[C@@]31CCN(C)C2,COc1ccc2c3c1O[C@H]1C[C@@H](O)C=C[C@@]31CCN(C)C2,ASUTZQLVASHGKV-JDFRZJQESA-N,CHEMBL1555,exact_pref_name_match,20,2,['Br'],success,,1,most
OXAPROZIN,O=C(O)CCc1nc(-c2ccccc2)c(-c2ccccc2)o1,O=C(O)CCc1nc(-c2ccccc2)c(-c2ccccc2)o1,OFPXSFXSNFPTHF-UHFFFAOYSA-N,CHEMBL1071,exact_pref_name_match,2,1,[],success,,1,most
REGORAFENIB MONOHYDRATE,CNC(=O)c1cc(Oc2ccc(NC(=O)Nc3ccc(Cl)c(C(F)(F)F)c3)c(F)c2)ccn1,CNC(=O)c1cc(Oc2ccc(NC(=O)Nc3ccc(Cl)c(C(F)(F)F)c3)c(F)c2)ccn1,FNHKPVJBJVTLMP-UHFFFAOYSA-N,CHEMBL1946170,fallback_highest_score,20,1,[],success,No exact pref_name match; chose highest score (40.0) among 20 candidates,1,most
FERRIC MALTOL,,,,CHEMBL4298110,exact_pref_name_match,20,0,[],no_structure, | No canonical_smiles in ChEMBL response,0,no
PAROXETINE MESYLATE,CS(=O)(=O)O.Fc1ccc([C@@H]2CCNC[C@H]2COc2ccc3c(c2)OCO3)cc1,Fc1ccc([C@@H]2CCNC[C@H]2COc2ccc3c(c2)OCO3)cc1,AHOUBRCZNHFOSL-YOEHRIQHSA-N,CHEMBL1200609,exact_pref_name_match,20,2,['CS(=O)(=O)O'],success,,1,less
vibegron,O=C(Nc1ccc(C[C@@H]2CC[C@H]([C@H](O)c3ccccc3)N2)cc1)[C@@H]1CCc2nccc(=O)n21,O=C(Nc1ccc(C[C@@H]2CC[C@H]([C@H](O)c3ccccc3)N2)cc1)[C@@H]1CCc2nccc(=O)n21,DJXRIQMCROIRCZ-XOEOCAAJSA-N,CHEMBL2107826,exact_pref_name_match,1,1,[],success,,0,no
PITAVASTATIN,O=C(O)C[C@H](O)C[C@H](O)/C=C/c1c(C2CC2)nc2ccccc2c1-c1ccc(F)cc1,O=C(O)C[C@H](O)C[C@H](O)/C=C/c1c(C2CC2)nc2ccccc2c1-c1ccc(F)cc1,VGYFMXBACGZSIL-MCBHFWOFSA-N,CHEMBL1201753,exact_pref_name_match,5,1,[],success,,0,no
IBREXAFUNGERP CITRATE,CC(C)[C@@H](C)[C@@]1(C)CC[C@]2(C)[C@H]3CC[C@@H]4[C@@]5(COC[C@@]4(C)[C@@H](OC[C@](C)(N)C(C)(C)C)[C@H](n4ncnc4-c4ccncc4)C5)C3=CC[C@@]2(C)[C@@H]1C(=O)O.O=C(O)CC(O)(CC(=O)O)C(=O)O,CC(C)[C@@H](C)[C@@]1(C)CC[C@]2(C)[C@H]3CC[C@@H]4[C@@]5(COC[C@@]4(C)[C@@H](OC[C@](C)(N)C(C)(C)C)[C@H](n4ncnc4-c4ccncc4)C5)C3=CC[C@@]2(C)[C@@H]1C(=O)O,BODYFEUFKHPRCK-ZCZMVWJSSA-N,CHEMBL4298168,exact_pref_name_match,20,2,['O=C(O)CC(O)(CC(=O)O)C(=O)O'],success,,0,no
METHENAMINE HIPPURATE,C1N2CN3CN1CN(C2)C3.O=C(O)CNC(=O)c1ccccc1,O=C(O)CNC(=O)c1ccccc1,QIAFMBKCNZACKA-UHFFFAOYSA-N,CHEMBL1201104,exact_pref_name_match,16,2,['C1N2CN3CN1CN(C2)C3'],success,,0,no
COBICISTAT,CC(C)c1nc(CN(C)C(=O)N[C@@H](CCN2CCOCC2)C(=O)N[C@H](CC[C@H](Cc2ccccc2)NC(=O)OCc2cncs2)Cc2ccccc2)cs1,CC(C)c1nc(CN(C)C(=O)N[C@@H](CCN2CCOCC2)C(=O)N[C@H](CC[C@H](Cc2ccccc2)NC(=O)OCc2cncs2)Cc2ccccc2)cs1,ZCIGNRJZKPOIKD-CQXVEOKZSA-N,CHEMBL2095208,exact_pref_name_match,1,1,[],success,,0,no
VERICIGUAT,COC(=O)Nc1c(N)nc(-c2nn(Cc3ccccc3F)c3ncc(F)cc23)nc1N,COC(=O)Nc1c(N)nc(-c2nn(Cc3ccccc3F)c3ncc(F)cc23)nc1N,QZFHIXARHDBPBY-UHFFFAOYSA-N,CHEMBL4066936,exact_pref_name_match,1,1,[],success,,1,less
ENTRECTINIB,CN1CCN(c2ccc(C(=O)Nc3n[nH]c4ccc(Cc5cc(F)cc(F)c5)cc34)c(NC3CCOCC3)c2)CC1,CN1CCN(c2ccc(C(=O)Nc3n[nH]c4ccc(Cc5cc(F)cc(F)c5)cc34)c(NC3CCOCC3)c2)CC1,HAYYBYPASCDWEQ-UHFFFAOYSA-N,CHEMBL1983268,exact_pref_name_match,1,1,[],success,,1,most
RIFAXIMIN,CO[C@H]1/C=C/O[C@@]2(C)Oc3c(C)c(O)c4c(O)c(c5c(nc6cc(C)ccn65)c4c3C2=O)NC(=O)/C(C)=C\C=C\[C@H](C)[C@H](O)[C@@H](C)[C@@H](O)[C@@H](C)[C@H](OC(C)=O)[C@@H]1C,CO[C@H]1/C=C/O[C@@]2(C)Oc3c(C)c(O)c4c(O)c(c5c(nc6cc(C)ccn65)c4c3C2=O)NC(=O)/C(C)=C\C=C\[C@H](C)[C@H](O)[C@@H](C)[C@@H](O)[C@@H](C)[C@H](OC(C)=O)[C@@H]1C,NZCRJKRKKOLAOJ-XRCRFVBUSA-N,CHEMBL1617,exact_pref_name_match,1,1,[],success,,0,no
LACTITOL,OC[C@@H](O)[C@@H](O[C@@H]1O[C@H](CO)[C@H](O)[C@H](O)[C@H]1O)[C@H](O)[C@@H](O)CO,OC[C@@H](O)[C@@H](O[C@@H]1O[C@H](CO)[C@H](O)[C@H](O)[C@H]1O)[C@H](O)[C@@H](O)CO,VQHSOMBJVWLPSR-JVCRWLNRSA-N,CHEMBL1661,exact_pref_name_match,2,1,[],success,,1,less
ROSIGLITAZONE MALEATE,CN(CCOc1ccc(CC2SC(=O)NC2=O)cc1)c1ccccn1.O=C(O)/C=C\C(=O)O,CN(CCOc1ccc(CC2SC(=O)NC2=O)cc1)c1ccccn1,YASAKCUCGLMORW-UHFFFAOYSA-N,CHEMBL843,exact_pref_name_match,20,2,['O=C(O)/C=C\\C(=O)O'],success,,1,most
DEFLAZACORT,CC(=O)OCC(=O)[C@@]12N=C(C)O[C@@H]1C[C@H]1[C@@H]3CCC4=CC(=O)C=C[C@]4(C)[C@H]3[C@@H](O)C[C@@]12C,CC(=O)OCC(=O)[C@@]12N=C(C)O[C@@H]1C[C@H]1[C@@H]3CCC4=CC(=O)C=C[C@]4(C)[C@H]3[C@@H](O)C[C@@]12C,FBHSPRKOSMHSIF-GRMWVWQJSA-N,CHEMBL1201891,exact_pref_name_match,3,1,[],success,,1,less
telithromycin,CC[C@H]1OC(=O)[C@H](C)C(=O)[C@H](C)[C@@H](O[C@@H]2O[C@H](C)C[C@H](N(C)C)[C@H]2O)[C@](C)(OC)C[C@@H](C)C(=O)[C@H](C)[C@H]2N(CCCCn3cnc(-c4cccnc4)c3)C(=O)O[C@]12C,CC[C@H]1OC(=O)[C@H](C)C(=O)[C@H](C)[C@@H](O[C@@H]2O[C@H](C)C[C@H](N(C)C)[C@H]2O)[C@](C)(OC)C[C@@H](C)C(=O)[C@H](C)[C@H]2N(CCCCn3cnc(-c4cccnc4)c3)C(=O)O[C@]12C,LJVAJPDWBABPEJ-PNUFFHFMSA-N,CHEMBL1136,exact_pref_name_match,20,1,[],success,,1,most
GLASDEGIB,CN1CC[C@@H](NC(=O)Nc2ccc(C#N)cc2)C[C@@H]1c1nc2ccccc2[nH]1,CN1CC[C@@H](NC(=O)Nc2ccc(C#N)cc2)C[C@@H]1c1nc2ccccc2[nH]1,SFNSLLSYNZWZQG-VQIMIIECSA-N,CHEMBL2043437,exact_pref_name_match,3,1,[],success,,1,most
NITISINONE,O=C1CCCC(=O)C1C(=O)c1ccc(C(F)(F)F)cc1[N+](=O)[O-],O=C1CCCC(=O)C1C(=O)c1ccc(C(F)(F)F)cc1[N+](=O)[O-],OUBCNLGXQFSTLU-UHFFFAOYSA-N,CHEMBL1337,exact_pref_name_match,2,1,[],success,,0,no
CERITINIB,Cc1cc(Nc2ncc(Cl)c(Nc3ccccc3S(=O)(=O)C(C)C)n2)c(OC(C)C)cc1C1CCNCC1,Cc1cc(Nc2ncc(Cl)c(Nc3ccccc3S(=O)(=O)C(C)C)n2)c(OC(C)C)cc1C1CCNCC1,VERWOWGGCGHDQE-UHFFFAOYSA-N,CHEMBL2403108,exact_pref_name_match,4,1,[],success,,1,most
diroximel fumarate,COC(=O)/C=C/C(=O)OCCN1C(=O)CCC1=O,COC(=O)/C=C/C(=O)OCCN1C(=O)CCC1=O,YIMYDTCOUQIDMT-SNAWJCMRSA-N,CHEMBL3989944,exact_pref_name_match,20,1,[],success,,0,no
Dronedarone,CCCCc1oc2ccc(NS(C)(=O)=O)cc2c1C(=O)c1ccc(OCCCN(CCCC)CCCC)cc1,CCCCc1oc2ccc(NS(C)(=O)=O)cc2c1C(=O)c1ccc(OCCCN(CCCC)CCCC)cc1,ZQTNQVWKHCQYLQ-UHFFFAOYSA-N,CHEMBL184412,exact_pref_name_match,2,1,[],success,,1,most
"ESTROGENS, CONJUGATED SYNTHETIC A",,,,CHEMBL1201466,exact_pref_name_match,20,0,[],no_structure, | No canonical_smiles in ChEMBL response,1,most
QUAZEPAM,Fc1ccccc1C1=NCC(=S)N(CC(F)(F)F)c2ccc(Cl)cc21,Fc1ccccc1C1=NCC(=S)N(CC(F)(F)F)c2ccc(Cl)cc21,IKMPWMZBZSAONZ-UHFFFAOYSA-N,CHEMBL1200472,exact_pref_name_match,1,1,[],success,,0,no
DROXIDOPA,N[C@H](C(=O)O)[C@H](O)c1ccc(O)c(O)c1,N[C@H](C(=O)O)[C@H](O)c1ccc(O)c(O)c1,QXWYKJLNLSIPIN-JGVFFNPUSA-N,CHEMBL2103827,exact_pref_name_match,2,1,[],success,,1,most
IBANDRONATE SODIUM,CCCCCN(C)CCC(O)(P(=O)([O-])O)P(=O)(O)O.O.[Na+],CCCCCN(C)CCC(O)(P(=O)([O-])O)P(=O)(O)O,MPBVHIBUJCELCL-UHFFFAOYSA-M,CHEMBL3989569,exact_pref_name_match,20,3,"['O', '[Na+]']",success,,1,less
pitavastatin calcium,O=C([O-])C[C@H](O)C[C@H](O)/C=C/c1c(C2CC2)nc2ccccc2c1-c1ccc(F)cc1.O=C([O-])C[C@H](O)C[C@H](O)/C=C/c1c(C2CC2)nc2ccccc2c1-c1ccc(F)cc1.[Ca+2],O=C([O-])C[C@H](O)C[C@H](O)/C=C/c1c(C2CC2)nc2ccccc2c1-c1ccc(F)cc1,VGYFMXBACGZSIL-MCBHFWOFSA-M,CHEMBL1237061,exact_pref_name_match,20,3,"['O=C([O-])C[C@H](O)C[C@H](O)/C=C/c1c(C2CC2)nc2ccccc2c1-c1ccc(F)cc1', '[Ca+2]']",success,,0,no
baricitinib,CCS(=O)(=O)N1CC(CC#N)(n2cc(-c3ncnc4[nH]ccc34)cn2)C1,CCS(=O)(=O)N1CC(CC#N)(n2cc(-c3ncnc4[nH]ccc34)cn2)C1,XUZMWHLSFXCVMG-UHFFFAOYSA-N,CHEMBL2105759,exact_pref_name_match,2,1,[],success,,1,most
LONAFARNIB,NC(=O)N1CCC(CC(=O)N2CCC([C@H]3c4ncc(Br)cc4CCc4cc(Cl)cc(Br)c43)CC2)CC1,NC(=O)N1CCC(CC(=O)N2CCC([C@H]3c4ncc(Br)cc4CCc4cc(Cl)cc(Br)c43)CC2)CC1,DHMTURDWPRKSOA-RUZDIDTESA-N,CHEMBL298734,exact_pref_name_match,1,1,[],success,,1,less
VORAPAXAR SULFATE,CCOC(=O)N[C@@H]1CC[C@@H]2[C@@H](C1)C[C@H]1C(=O)O[C@H](C)[C@H]1[C@H]2/C=C/c1ccc(-c2cccc(F)c2)cn1.O=S(=O)(O)O,CCOC(=O)N[C@@H]1CC[C@@H]2[C@@H](C1)C[C@H]1C(=O)O[C@H](C)[C@H]1[C@H]2/C=C/c1ccc(-c2cccc(F)c2)cn1,ZBGXUVOIWDMMJE-QHNZEKIYSA-N,CHEMBL2107386,exact_pref_name_match,20,2,['O=S(=O)(O)O'],success,,0,no
MIDOSTAURIN,CO[C@@H]1[C@H](N(C)C(=O)c2ccccc2)C[C@H]2O[C@]1(C)n1c3ccccc3c3c4c(c5c6ccccc6n2c5c31)C(=O)NC4,CO[C@@H]1[C@H](N(C)C(=O)c2ccccc2)C[C@H]2O[C@]1(C)n1c3ccccc3c3c4c(c5c6ccccc6n2c5c31)C(=O)NC4,BMGQWWVMWDBQGC-IIFHNQTCSA-N,CHEMBL608533,exact_pref_name_match,3,1,[],success,,1,less
ACALABRUTINIB,CC#CC(=O)N1CCC[C@H]1c1nc(-c2ccc(C(=O)Nc3ccccn3)cc2)c2c(N)nccn12,CC#CC(=O)N1CCC[C@H]1c1nc(-c2ccc(C(=O)Nc3ccccn3)cc2)c2c(N)nccn12,WDENQIQQYWYTPO-IBGZPJMESA-N,CHEMBL3707348,exact_pref_name_match,5,1,[],success,,1,less
CITALOPRAM HYDROBROMIDE,Br.CN(C)CCCC1(c2ccc(F)cc2)OCc2cc(C#N)ccc21,CN(C)CCCC1(c2ccc(F)cc2)OCc2cc(C#N)ccc21,WSEQXVZVJXJVFP-UHFFFAOYSA-N,CHEMBL1200781,exact_pref_name_match,20,2,['Br'],success,,1,most
brigatinib,COc1cc(N2CCC(N3CCN(C)CC3)CC2)ccc1Nc1ncc(Cl)c(Nc2ccccc2P(C)(C)=O)n1,COc1cc(N2CCC(N3CCN(C)CC3)CC2)ccc1Nc1ncc(Cl)c(Nc2ccccc2P(C)(C)=O)n1,AILRADAXUVEEIR-UHFFFAOYSA-N,CHEMBL3545311,exact_pref_name_match,5,1,[],success,,1,less
PANOBINOSTAT LACTATE,CC(O)C(=O)O.Cc1[nH]c2ccccc2c1CCNCc1ccc(/C=C/C(=O)NO)cc1,Cc1[nH]c2ccccc2c1CCNCc1ccc(/C=C/C(=O)NO)cc1,FPOHNWQLNRZRFC-ZHACJKMWSA-N,CHEMBL3545368,exact_pref_name_match,20,2,['CC(O)C(=O)O'],success,,1,most
niraparib,NC(=O)c1cccc2cn(-c3ccc([C@@H]4CCCNC4)cc3)nc12,NC(=O)c1cccc2cn(-c3ccc([C@@H]4CCCNC4)cc3)nc12,PCHKPVIQAHNQLW-CQSZACIVSA-N,CHEMBL1094636,exact_pref_name_match,3,1,[],success,,1,less
empagliflozin,OC[C@H]1O[C@@H](c2ccc(Cl)c(Cc3ccc(O[C@H]4CCOC4)cc3)c2)[C@H](O)[C@@H](O)[C@@H]1O,OC[C@H]1O[C@@H](c2ccc(Cl)c(Cc3ccc(O[C@H]4CCOC4)cc3)c2)[C@H](O)[C@@H](O)[C@@H]1O,OBWASQILIWPZMG-QZMOQZSNSA-N,CHEMBL2107830,exact_pref_name_match,2,1,[],success,,0,no
TICAGRELOR,CCCSc1nc(N[C@@H]2C[C@H]2c2ccc(F)c(F)c2)c2nnn([C@@H]3C[C@H](OCCO)[C@@H](O)[C@H]3O)c2n1,CCCSc1nc(N[C@@H]2C[C@H]2c2ccc(F)c(F)c2)c2nnn([C@@H]3C[C@H](OCCO)[C@@H](O)[C@H]3O)c2n1,OEKWJQXRCDYSHL-FNOIDJSQSA-N,CHEMBL398435,exact_pref_name_match,3,1,[],success,,1,most
AVATROMBOPAG MALEATE,O=C(Nc1nc(-c2cc(Cl)cs2)c(N2CCN(C3CCCCC3)CC2)s1)c1cnc(N2CCC(C(=O)O)CC2)c(Cl)c1.O=C(O)/C=C\C(=O)O,O=C(Nc1nc(-c2cc(Cl)cs2)c(N2CCN(C3CCCCC3)CC2)s1)c1cnc(N2CCC(C(=O)O)CC2)c(Cl)c1,OFZJKCQENFPZBH-UHFFFAOYSA-N,CHEMBL2105758,exact_pref_name_match,20,2,['O=C(O)/C=C\\C(=O)O'],success,,0,no
PALBOCICLIB,CC(=O)c1c(C)c2cnc(Nc3ccc(N4CCNCC4)cn3)nc2n(C2CCCC2)c1=O,CC(=O)c1c(C)c2cnc(Nc3ccc(N4CCNCC4)cn3)nc2n(C2CCCC2)c1=O,AHJRHEGDXFFMBM-UHFFFAOYSA-N,CHEMBL189963,exact_pref_name_match,4,1,[],success,,0,no
FINGOLIMOD HYDROCHLORIDE,CCCCCCCCc1ccc(CCC(N)(CO)CO)cc1.Cl,CCCCCCCCc1ccc(CCC(N)(CO)CO)cc1,KKGQTZUTZRNORY-UHFFFAOYSA-N,CHEMBL544665,exact_pref_name_match,20,2,['Cl'],success,,1,most
LAPATINIB DITOSYLATE,CS(=O)(=O)CCNCc1ccc(-c2ccc3ncnc(Nc4ccc(OCc5cccc(F)c5)c(Cl)c4)c3c2)o1.Cc1ccc(S(=O)(=O)O)cc1.Cc1ccc(S(=O)(=O)O)cc1.O,CS(=O)(=O)CCNCc1ccc(-c2ccc3ncnc(Nc4ccc(OCc5cccc(F)c5)c(Cl)c4)c3c2)o1,BCFGMOOMADDAQU-UHFFFAOYSA-N,CHEMBL1201179,exact_pref_name_match,20,4,"['Cc1ccc(S(=O)(=O)O)cc1', 'Cc1ccc(S(=O)(=O)O)cc1', 'O']",success,,1,most
CHOLIC ACID,C[C@H](CCC(=O)O)[C@H]1CC[C@H]2[C@@H]3[C@H](O)C[C@@H]4C[C@H](O)CC[C@]4(C)[C@H]3C[C@H](O)[C@]12C,C[C@H](CCC(=O)O)[C@H]1CC[C@H]2[C@@H]3[C@H](O)C[C@@H]4C[C@H](O)CC[C@]4(C)[C@H]3C[C@H](O)[C@]12C,BHQCQFFYRZLCQQ-OELDTZBJSA-N,CHEMBL205596,exact_pref_name_match,20,1,[],success,,0,no
AMILORIDE HYDROCHLORIDE,Cl.N=C(N)NC(=O)c1nc(Cl)c(N)nc1N.O.O,N=C(N)NC(=O)c1nc(Cl)c(N)nc1N,XSDQTOBWRPYKKA-UHFFFAOYSA-N,CHEMBL1398126,exact_pref_name_match,20,4,"['Cl', 'O', 'O']",success,,1,less
TENOFOVIR ALAFENAMIDE FUMARATE,CC(C)OC(=O)[C@H](C)N[P@](=O)(CO[C@H](C)Cn1cnc2c(N)ncnc21)Oc1ccccc1.CC(C)OC(=O)[C@H](C)N[P@](=O)(CO[C@H](C)Cn1cnc2c(N)ncnc21)Oc1ccccc1.O=C(O)/C=C/C(=O)O,CC(C)OC(=O)[C@H](C)N[P@](=O)(CO[C@H](C)Cn1cnc2c(N)ncnc21)Oc1ccccc1,LDEKQSIMHVQZJK-CAQYMETFSA-N,CHEMBL2364637,exact_pref_name_match,20,3,"['CC(C)OC(=O)[C@H](C)N[P@](=O)(CO[C@H](C)Cn1cnc2c(N)ncnc21)Oc1ccccc1', 'O=C(O)/C=C/C(=O)O']",success,,0,no
umbralisib tosylate,CC(C)Oc1ccc(-c2nn([C@@H](C)c3oc4ccc(F)cc4c(=O)c3-c3cccc(F)c3)c3ncnc(N)c23)cc1F.Cc1ccc(S(=O)(=O)O)cc1,CC(C)Oc1ccc(-c2nn([C@@H](C)c3oc4ccc(F)cc4c(=O)c3-c3cccc(F)c3)c3ncnc(N)c23)cc1F,IUVCFHHAEHNCFT-INIZCTEOSA-N,CHEMBL3989869,exact_pref_name_match,20,2,['Cc1ccc(S(=O)(=O)O)cc1'],success,,0,no
THIOGUANINE,Nc1nc2[nH]cnc2c(=S)[nH]1,Nc1nc2[nH]cnc2c(=S)[nH]1,WYWHKKSPHMUBEB-UHFFFAOYSA-N,CHEMBL727,exact_pref_name_match,8,1,[],success,,0,no
azithromycin,CC[C@H]1OC(=O)[C@H](C)[C@@H](O[C@H]2C[C@@](C)(OC)[C@@H](O)[C@H](C)O2)[C@H](C)[C@@H](O[C@@H]2O[C@H](C)C[C@H](N(C)C)[C@H]2O)[C@](C)(O)C[C@@H](C)CN(C)[C@H](C)[C@@H](O)[C@]1(C)O,CC[C@H]1OC(=O)[C@H](C)[C@@H](O[C@H]2C[C@@](C)(OC)[C@@H](O)[C@H](C)O2)[C@H](C)[C@@H](O[C@@H]2O[C@H](C)C[C@H](N(C)C)[C@H]2O)[C@](C)(O)C[C@@H](C)CN(C)[C@H](C)[C@@H](O)[C@]1(C)O,MQTOSJVFKKJCRP-BICOPXKESA-N,CHEMBL529,exact_pref_name_match,20,1,[],success,,1,less
CARIPRAZINE,CN(C)C(=O)N[C@H]1CC[C@H](CCN2CCN(c3cccc(Cl)c3Cl)CC2)CC1,CN(C)C(=O)N[C@H]1CC[C@H](CCN2CCN(c3cccc(Cl)c3Cl)CC2)CC1,KPWSJANDNDDRMB-QAQDUYKDSA-N,CHEMBL2028019,exact_pref_name_match,2,1,[],success,,1,less
NILOTINIB,Cc1cn(-c2cc(NC(=O)c3ccc(C)c(Nc4nccc(-c5cccnc5)n4)c3)cc(C(F)(F)F)c2)cn1,Cc1cn(-c2cc(NC(=O)c3ccc(C)c(Nc4nccc(-c5cccnc5)n4)c3)cc(C(F)(F)F)c2)cn1,HHZIURLSWUIHRB-UHFFFAOYSA-N,CHEMBL255863,exact_pref_name_match,4,1,[],success,,1,most
LENALIDOMIDE,Nc1cccc2c1CN(C1CCC(=O)NC1=O)C2=O,Nc1cccc2c1CN(C1CCC(=O)NC1=O)C2=O,GOTYRUGSSMKFNF-UHFFFAOYSA-N,CHEMBL848,exact_pref_name_match,3,1,[],success,,1,most
FESOTERODINE FUMARATE,CC(C)C(=O)Oc1ccc(CO)cc1[C@H](CCN(C(C)C)C(C)C)c1ccccc1.O=C(O)/C=C/C(=O)O,CC(C)C(=O)Oc1ccc(CO)cc1[C@H](CCN(C(C)C)C(C)C)c1ccccc1,DCCSDBARQIPTGU-HSZRJFAPSA-N,CHEMBL1201765,exact_pref_name_match,20,2,['O=C(O)/C=C/C(=O)O'],success,,1,less
LENVATINIB,COc1cc2nccc(Oc3ccc(NC(=O)NC4CC4)c(Cl)c3)c2cc1C(N)=O,COc1cc2nccc(Oc3ccc(NC(=O)NC4CC4)c(Cl)c3)c2cc1C(N)=O,WOSKHXYHFSIKNG-UHFFFAOYSA-N,CHEMBL1289601,exact_pref_name_match,4,1,[],success,,1,most
MERCAPTOPURINE,O.S=c1[nH]cnc2nc[nH]c12,S=c1[nH]cnc2nc[nH]c12,GLVAUDGFNGKCSF-UHFFFAOYSA-N,CHEMBL1200751,exact_pref_name_match,16,2,['O'],success,,0,no
BUPROPION HYDROBROMIDE,Br.CC(NC(C)(C)C)C(=O)c1cccc(Cl)c1,CC(NC(C)(C)C)C(=O)c1cccc(Cl)c1,SNPPWIUOZRMYNY-UHFFFAOYSA-N,CHEMBL1201735,exact_pref_name_match,20,2,['Br'],success,,1,less
SUCCIMER,O=C(O)[C@@H](S)[C@@H](S)C(=O)O,O=C(O)[C@@H](S)[C@@H](S)C(=O)O,ACTRVOBWPAIOHC-XIXRPRMCSA-N,CHEMBL1201073,exact_pref_name_match,3,1,[],success,,1,less
Rifamycin,CO[C@H]1/C=C/O[C@@]2(C)Oc3c(C)c(O)c4c(O)c(cc(O)c4c3C2=O)NC(=O)/C(C)=C\C=C\[C@H](C)[C@H](O)[C@@H](C)[C@@H](O)[C@@H](C)[C@H](OC(C)=O)[C@@H]1C,CO[C@H]1/C=C/O[C@@]2(C)Oc3c(C)c(O)c4c(O)c(cc(O)c4c3C2=O)NC(=O)/C(C)=C\C=C\[C@H](C)[C@H](O)[C@@H](C)[C@@H](O)[C@@H](C)[C@H](OC(C)=O)[C@@H]1C,HJYYPODYNSCCOU-ODRIEIDWSA-N,CHEMBL437765,exact_pref_name_match,20,1,[],success,,0,no
cabozantinib s-malate,COc1cc2nccc(Oc3ccc(NC(=O)C4(C(=O)Nc5ccc(F)cc5)CC4)cc3)c2cc1OC.O=C(O)C[C@H](O)C(=O)O,COc1cc2nccc(Oc3ccc(NC(=O)C4(C(=O)Nc5ccc(F)cc5)CC4)cc3)c2cc1OC,ONIQOQHATWINJY-UHFFFAOYSA-N,CHEMBL2103868,exact_pref_name_match,20,2,['O=C(O)C[C@H](O)C(=O)O'],success,,1,less
AVANAFIL,COc1ccc(CNc2nc(N3CCC[C@H]3CO)ncc2C(=O)NCc2ncccn2)cc1Cl,COc1ccc(CNc2nc(N3CCC[C@H]3CO)ncc2C(=O)NCc2ncccn2)cc1Cl,WEAJZXNPAWBCOA-INIZCTEOSA-N,CHEMBL1963681,exact_pref_name_match,2,1,[],success,,1,less
eliglustat,CCCCCCCC(=O)N[C@H](CN1CCCC1)[C@H](O)c1ccc2c(c1)OCCO2,CCCCCCCC(=O)N[C@H](CN1CCCC1)[C@H](O)c1ccc2c(c1)OCCO2,FJZZPCZKBUKGGU-AUSIDOKSSA-N,CHEMBL2110588,exact_pref_name_match,3,1,[],success,,1,most
TAFENOQUINE SUCCINATE,COc1cc(C)c2c(Oc3cccc(C(F)(F)F)c3)c(OC)cc(NC(C)CCCN)c2n1.O=C(O)CCC(=O)O,COc1cc(C)c2c(Oc3cccc(C(F)(F)F)c3)c(OC)cc(NC(C)CCCN)c2n1,LBHLFPGPEGDCJG-UHFFFAOYSA-N,CHEMBL2364635,exact_pref_name_match,20,2,['O=C(O)CCC(=O)O'],success,,0,no
FINERENONE,CCOc1ncc(C)c2c1[C@H](c1ccc(C#N)cc1OC)C(C(N)=O)=C(C)N2,CCOc1ncc(C)c2c1[C@H](c1ccc(C#N)cc1OC)C(C(N)=O)=C(C)N2,BTBHLEZXCOBLCY-QGZVFWFLSA-N,CHEMBL2181927,exact_pref_name_match,1,1,[],success,,0,no
PIRFENIDONE,Cc1ccc(=O)n(-c2ccccc2)c1,Cc1ccc(=O)n(-c2ccccc2)c1,ISWRGOKTTBVCFA-UHFFFAOYSA-N,CHEMBL1256391,exact_pref_name_match,2,1,[],success,,0,no
SODIUM ZIRCONIUM CYCLOSILICATE,,,,CHEMBL3301592,exact_pref_name_match,20,0,[],no_structure, | No canonical_smiles in ChEMBL response,0,no
POMALIDOMIDE,Nc1cccc2c1C(=O)N(C1CCC(=O)NC1=O)C2=O,Nc1cccc2c1C(=O)N(C1CCC(=O)NC1=O)C2=O,UVSMNLNDYGZFPF-UHFFFAOYSA-N,CHEMBL43452,exact_pref_name_match,3,1,[],success,,1,most
MIGALASTAT HYDROCHLORIDE,Cl.OC[C@H]1NC[C@H](O)[C@@H](O)[C@H]1O,OC[C@H]1NC[C@H](O)[C@@H](O)[C@H]1O,LXBIFEVIBLOUGU-DPYQTVNSSA-N,CHEMBL2107355,exact_pref_name_match,20,2,['Cl'],success,,0,no
AMPHETAMINE,CC(N)Cc1ccccc1,CC(N)Cc1ccccc1,KWTSXDURSIMDCE-UHFFFAOYSA-N,CHEMBL405,exact_pref_name_match,20,1,[],success,,1,most
Tolcapone,Cc1ccc(C(=O)c2cc(O)c(O)c([N+](=O)[O-])c2)cc1,Cc1ccc(C(=O)c2cc(O)c(O)c([N+](=O)[O-])c2)cc1,MIQPIUSUKVNLNT-UHFFFAOYSA-N,CHEMBL1324,exact_pref_name_match,1,1,[],success,,1,less
selpercatinib,COc1ccc(CN2C3CC2CN(c2ccc(-c4cc(OCC(C)(C)O)cn5ncc(C#N)c45)cn2)C3)cn1,COc1ccc(CN2C3CC2CN(c2ccc(-c4cc(OCC(C)(C)O)cn5ncc(C#N)c45)cn2)C3)cn1,XIIOFHFUYBLOLW-UHFFFAOYSA-N,CHEMBL4559134,exact_pref_name_match,2,1,[],success,,1,most
OXYCODONE,COc1ccc2c3c1O[C@H]1C(=O)CC[C@@]4(O)[C@@H](C2)N(C)CC[C@]314,COc1ccc2c3c1O[C@H]1C(=O)CC[C@@]4(O)[C@@H](C2)N(C)CC[C@]314,BRUQQQPBMZOVGD-XFKAJCMBSA-N,CHEMBL656,exact_pref_name_match,17,1,[],success,,1,less
AXITINIB,CNC(=O)c1ccccc1Sc1ccc2c(/C=C/c3ccccn3)n[nH]c2c1,CNC(=O)c1ccccc1Sc1ccc2c(/C=C/c3ccccn3)n[nH]c2c1,RITAVMQDGBJQJZ-FMIVXFBMSA-N,CHEMBL1289926,exact_pref_name_match,2,1,[],success,,1,most
TIOPRONIN,CC(S)C(=O)NCC(=O)O,CC(S)C(=O)NCC(=O)O,YTGJWQPHMWSCST-UHFFFAOYSA-N,CHEMBL1314,exact_pref_name_match,8,1,[],success,,1,less
ASCIMINIB HYDROCHLORIDE,Cl.O=C(Nc1ccc(OC(F)(F)Cl)cc1)c1cnc(N2CC[C@@H](O)C2)c(-c2cc[nH]n2)c1,O=C(Nc1ccc(OC(F)(F)Cl)cc1)c1cnc(N2CC[C@@H](O)C2)c(-c2cc[nH]n2)c1,VOVZXURTCKPRDQ-CQSZACIVSA-N,CHEMBL4297220,exact_pref_name_match,20,2,['Cl'],success,,1,most
TRAMETINIB DIMETHYL SULFOXIDE,CC(=O)Nc1cccc(-n2c(=O)n(C3CC3)c(=O)c3c(Nc4ccc(I)cc4F)n(C)c(=O)c(C)c32)c1.C[S+](C)[O-],CC(=O)Nc1cccc(-n2c(=O)n(C3CC3)c(=O)c3c(Nc4ccc(I)cc4F)n(C)c(=O)c(C)c32)c1,LIRYPHYGHXZJBZ-UHFFFAOYSA-N,CHEMBL2105741,exact_pref_name_match,20,2,['C[S+](C)[O-]'],success,,1,most
Fenofibric Acid,CC(C)(Oc1ccc(C(=O)c2ccc(Cl)cc2)cc1)C(=O)O,CC(C)(Oc1ccc(C(=O)c2ccc(Cl)cc2)cc1)C(=O)O,MQOBSOSZFYZQOK-UHFFFAOYSA-N,CHEMBL981,exact_pref_name_match,20,1,[],success,,0,no
RIBOCICLIB SUCCINATE,CN(C)C(=O)c1cc2cnc(Nc3ccc(N4CCNCC4)cn3)nc2n1C1CCCC1.O=C(O)CCC(=O)O,CN(C)C(=O)c1cc2cnc(Nc3ccc(N4CCNCC4)cn3)nc2n1C1CCCC1,RHXHGRAEPCAFML-UHFFFAOYSA-N,CHEMBL3707266,exact_pref_name_match,20,2,['O=C(O)CCC(=O)O'],success,,1,most
AMANTADINE,NC12CC3CC(CC(C3)C1)C2,NC12CC3CC(CC(C3)C1)C2,DKNWSYNQZKUICI-UHFFFAOYSA-N,CHEMBL660,exact_pref_name_match,5,1,[],success,,1,less
DABRAFENIB MESYLATE,CC(C)(C)c1nc(-c2cccc(NS(=O)(=O)c3c(F)cccc3F)c2F)c(-c2ccnc(N)n2)s1.CS(=O)(=O)O,CC(C)(C)c1nc(-c2cccc(NS(=O)(=O)c3c(F)cccc3F)c2F)c(-c2ccnc(N)n2)s1,BFSMGDJOXZAERB-UHFFFAOYSA-N,CHEMBL2105729,exact_pref_name_match,20,2,['CS(=O)(=O)O'],success,,1,most
OSPEMIFENE,OCCOc1ccc(/C(=C(/CCCl)c2ccccc2)c2ccccc2)cc1,OCCOc1ccc(/C(=C(/CCCl)c2ccccc2)c2ccccc2)cc1,LUMKNAVTFCDUIE-VHXPQNKSSA-N,CHEMBL2105395,exact_pref_name_match,1,1,[],success,,1,most
DARIFENACIN,NC(=O)C(c1ccccc1)(c1ccccc1)[C@@H]1CCN(CCc2ccc3c(c2)CCO3)C1,NC(=O)C(c1ccccc1)(c1ccccc1)[C@@H]1CCN(CCc2ccc3c(c2)CCO3)C1,HXGBXQDTNZMWGS-RUZDIDTESA-N,CHEMBL1346,exact_pref_name_match,3,1,[],success,,1,less
TRIMETHOPRIM,COc1cc(Cc2cnc(N)nc2N)cc(OC)c1OC,COc1cc(Cc2cnc(N)nc2N)cc(OC)c1OC,IEDVJHCEMCRBQM-UHFFFAOYSA-N,CHEMBL22,exact_pref_name_match,20,1,[],success,,0,no
ZANUBRUTINIB,C=CC(=O)N1CCC([C@@H]2CCNc3c(C(N)=O)c(-c4ccc(Oc5ccccc5)cc4)nn32)CC1,C=CC(=O)N1CCC([C@@H]2CCNc3c(C(N)=O)c(-c4ccc(Oc5ccccc5)cc4)nn32)CC1,RNOAOAWBMHREKO-QFIPXVFZSA-N,CHEMBL3936761,exact_pref_name_match,3,1,[],success,,1,less
UBROGEPANT,C[C@@H]1[C@H](c2ccccc2)C[C@H](NC(=O)c2cnc3c(c2)C[C@@]2(C3)C(=O)Nc3ncccc32)C(=O)N1CC(F)(F)F,C[C@@H]1[C@H](c2ccccc2)C[C@H](NC(=O)c2cnc3c(c2)C[C@@]2(C3)C(=O)Nc3ncccc32)C(=O)N1CC(F)(F)F,DDOOFTLHJSMHLN-ZQHRPCGSSA-N,CHEMBL2364638,exact_pref_name_match,1,1,[],success,,0,no
INFIGRATINIB,CCN1CCN(c2ccc(Nc3cc(N(C)C(=O)Nc4c(Cl)c(OC)cc(OC)c4Cl)ncn3)cc2)CC1,CCN1CCN(c2ccc(Nc3cc(N(C)C(=O)Nc4c(Cl)c(OC)cc(OC)c4Cl)ncn3)cc2)CC1,QADPYRIHXKWUSV-UHFFFAOYSA-N,CHEMBL1852688,exact_pref_name_match,2,1,[],success,,0,no
SORAFENIB,CNC(=O)c1cc(Oc2ccc(NC(=O)Nc3ccc(Cl)c(C(F)(F)F)c3)cc2)ccn1,CNC(=O)c1cc(Oc2ccc(NC(=O)Nc3ccc(Cl)c(C(F)(F)F)c3)cc2)ccn1,MLDQJTXFUGDVEO-UHFFFAOYSA-N,CHEMBL1336,exact_pref_name_match,7,1,[],success,,1,most
Ripretinib,CCn1c(=O)c(-c2cc(NC(=O)Nc3ccccc3)c(F)cc2Br)cc2cnc(NC)cc21,CCn1c(=O)c(-c2cc(NC(=O)Nc3ccccc3)c(F)cc2Br)cc2cnc(NC)cc21,CEFJVGZHQAGLHS-UHFFFAOYSA-N,CHEMBL4216467,exact_pref_name_match,1,1,[],success,,1,most
TRIMETHOPRIM HYDROCHLORIDE,COc1cc(Cc2cnc(N)nc2N)cc(OC)c1OC.Cl,COc1cc(Cc2cnc(N)nc2N)cc(OC)c1OC,IEDVJHCEMCRBQM-UHFFFAOYSA-N,CHEMBL1201080,exact_pref_name_match,20,2,['Cl'],success,,0,no
NERATINIB MALEATE,CCOc1cc2ncc(C#N)c(Nc3ccc(OCc4ccccn4)c(Cl)c3)c2cc1NC(=O)/C=C/CN(C)C.O=C(O)/C=C\C(=O)O,CCOc1cc2ncc(C#N)c(Nc3ccc(OCc4ccccn4)c(Cl)c3)c2cc1NC(=O)/C=C/CN(C)C,JWNPDZNEKVCWMY-VQHVLOKHSA-N,CHEMBL3989921,exact_pref_name_match,20,2,['O=C(O)/C=C\\C(=O)O'],success,,0,no
rivaroxaban,O=C(NC[C@H]1CN(c2ccc(N3CCOCC3=O)cc2)C(=O)O1)c1ccc(Cl)s1,O=C(NC[C@H]1CN(c2ccc(N3CCOCC3=O)cc2)C(=O)O1)c1ccc(Cl)s1,KGFYHTZWPPHNLQ-AWEZNQCLSA-N,CHEMBL198362,exact_pref_name_match,3,1,[],success,,0,no
EVEROLIMUS,CO[C@H]1C[C@@H]2CC[C@@H](C)[C@@](O)(O2)C(=O)C(=O)N2CCCC[C@H]2C(=O)O[C@H]([C@H](C)C[C@@H]2CC[C@@H](OCCO)[C@H](OC)C2)CC(=O)[C@H](C)/C=C(\C)[C@@H](O)[C@@H](OC)C(=O)[C@H](C)C[C@H](C)/C=C/C=C/C=C/1C,CO[C@H]1C[C@@H]2CC[C@@H](C)[C@@](O)(O2)C(=O)C(=O)N2CCCC[C@H]2C(=O)O[C@H]([C@H](C)C[C@@H]2CC[C@@H](OCCO)[C@H](OC)C2)CC(=O)[C@H](C)/C=C(\C)[C@@H](O)[C@@H](OC)C(=O)[C@H](C)C[C@H](C)/C=C/C=C/C=C/1C,HKVAMNSJSFKALM-GKUWKFKPSA-N,CHEMBL1908360,exact_pref_name_match,3,1,[],success,,1,less
NEVIRAPINE,Cc1ccnc2c1NC(=O)c1cccnc1N2C1CC1,Cc1ccnc2c1NC(=O)c1cccnc1N2C1CC1,NQDJXKOVJZTUJA-UHFFFAOYSA-N,CHEMBL57,exact_pref_name_match,5,1,[],success,,0,no
NELFINAVIR MESYLATE,CS(=O)(=O)O.Cc1c(O)cccc1C(=O)N[C@@H](CSc1ccccc1)[C@H](O)CN1C[C@H]2CCCC[C@H]2C[C@H]1C(=O)NC(C)(C)C,Cc1c(O)cccc1C(=O)N[C@@H](CSc1ccccc1)[C@H](O)CN1C[C@H]2CCCC[C@H]2C[C@H]1C(=O)NC(C)(C)C,QAGYKUNXZHXKMR-HKWSIXNMSA-N,CHEMBL1205,exact_pref_name_match,20,2,['CS(=O)(=O)O'],success,,1,less
ponatinib hydrochloride,Cc1ccc(C(=O)Nc2ccc(CN3CCN(C)CC3)c(C(F)(F)F)c2)cc1C#Cc1cnc2cccnn12.Cl,Cc1ccc(C(=O)Nc2ccc(CN3CCN(C)CC3)c(C(F)(F)F)c2)cc1C#Cc1cnc2cccnn12,PHXJVRSECIGDHY-UHFFFAOYSA-N,CHEMBL2105708,exact_pref_name_match,20,2,['Cl'],success,,1,most
ORLISTAT,CCCCCCCCCCC[C@@H](C[C@@H]1OC(=O)[C@H]1CCCCCC)OC(=O)[C@H](CC(C)C)NC=O,CCCCCCCCCCC[C@@H](C[C@@H]1OC(=O)[C@H]1CCCCCC)OC(=O)[C@H](CC(C)C)NC=O,AHLBNYSZXLDEJQ-FWEHEUNISA-N,CHEMBL175247,exact_pref_name_match,4,1,[],success,,0,no
TOPOTECAN HYDROCHLORIDE,CC[C@@]1(O)C(=O)OCc2c1cc1n(c2=O)Cc2cc3c(CN(C)C)c(O)ccc3nc2-1.Cl,CC[C@@]1(O)C(=O)OCc2c1cc1n(c2=O)Cc2cc3c(CN(C)C)c(O)ccc3nc2-1,UCFGDBYHRUNTLO-QHCPKHFHSA-N,CHEMBL1607,exact_pref_name_match,20,2,['Cl'],success,,0,no
ENZALUTAMIDE,CNC(=O)c1ccc(N2C(=S)N(c3ccc(C#N)c(C(F)(F)F)c3)C(=O)C2(C)C)cc1F,CNC(=O)c1ccc(N2C(=S)N(c3ccc(C#N)c(C(F)(F)F)c3)C(=O)C2(C)C)cc1F,WXCXUHSOUPDCQV-UHFFFAOYSA-N,CHEMBL1082407,exact_pref_name_match,3,1,[],success,,1,most
SOLRIAMFETOL,NC(=O)OC[C@H](N)Cc1ccccc1,NC(=O)OC[C@H](N)Cc1ccccc1,UCTRAOBQFUDCSR-SECBINFHSA-N,CHEMBL4297620,exact_pref_name_match,3,1,[],success,,1,less
PENTOSAN POLYSULFATE SODIUM,,,,CHEMBL1201516,exact_pref_name_match,20,0,[],no_structure, | No canonical_smiles in ChEMBL response,0,no
doravirine,Cn1c(Cn2ccc(C(F)(F)F)c(Oc3cc(Cl)cc(C#N)c3)c2=O)n[nH]c1=O,Cn1c(Cn2ccc(C(F)(F)F)c(Oc3cc(Cl)cc(C#N)c3)c2=O)n[nH]c1=O,ZIAOVIPSKUPPQW-UHFFFAOYSA-N,CHEMBL2364608,exact_pref_name_match,1,1,[],success,,0,no
HYDROXYCHLOROQUINE SULFATE,CCN(CCO)CCCC(C)Nc1ccnc2cc(Cl)ccc12.O=S(=O)(O)O,CCN(CCO)CCCC(C)Nc1ccnc2cc(Cl)ccc12,XXSMGPRMXLTPCZ-UHFFFAOYSA-N,CHEMBL1690,exact_pref_name_match,20,2,['O=S(=O)(O)O'],success,,1,most
ENCORAFENIB,COC(=O)N[C@@H](C)CNc1nccc(-c2cn(C(C)C)nc2-c2cc(Cl)cc(NS(C)(=O)=O)c2F)n1,COC(=O)N[C@@H](C)CNc1nccc(-c2cn(C(C)C)nc2-c2cc(Cl)cc(NS(C)(=O)=O)c2F)n1,CMJCXYNUCSMDBY-ZDUSSCGKSA-N,CHEMBL3301612,exact_pref_name_match,2,1,[],success,,1,most
"ESTROGENS, CONJUGATED SYNTHETIC B",,,,CHEMBL1201467,fallback_highest_score,20,0,[],no_structure,No exact pref_name match; chose highest score (104.0) among 20 candidates | No canonical_smiles in ChEMBL response,1,most
amifampridine phosphate,Nc1ccncc1N.O=P(O)(O)O,Nc1ccncc1N,OYTKINVCDFNREN-UHFFFAOYSA-N,CHEMBL3301611,exact_pref_name_match,20,2,['O=P(O)(O)O'],success,,1,less
telotristat ethyl,CCOC(=O)[C@@H](N)Cc1ccc(-c2cc(O[C@H](c3ccc(Cl)cc3-n3ccc(C)n3)C(F)(F)F)nc(N)n2)cc1,CCOC(=O)[C@@H](N)Cc1ccc(-c2cc(O[C@H](c3ccc(Cl)cc3-n3ccc(C)n3)C(F)(F)F)nc(N)n2)cc1,MDSQOJYHHZBZKA-GBXCKJPGSA-N,CHEMBL2105695,exact_pref_name_match,20,1,[],success,,0,no
tivozanib hydrochloride,COc1cc2nccc(Oc3ccc(NC(=O)Nc4cc(C)on4)c(Cl)c3)c2cc1OC.Cl.O,COc1cc2nccc(Oc3ccc(NC(=O)Nc4cc(C)on4)c(Cl)c3)c2cc1OC,SPMVMDHWKHCIDT-UHFFFAOYSA-N,CHEMBL2105756,exact_pref_name_match,20,3,"['Cl', 'O']",success,,1,most
Erdafitinib,COc1cc(OC)cc(N(CCNC(C)C)c2ccc3ncc(-c4cnn(C)c4)nc3c2)c1,COc1cc(OC)cc(N(CCNC(C)C)c2ccc3ncc(-c4cnn(C)c4)nc3c2)c1,OLAHOMJCDNXHFI-UHFFFAOYSA-N,CHEMBL3545376,exact_pref_name_match,5,1,[],success,,1,less
Berotralstat hydrochloride,Cl.Cl.N#Cc1cccc([C@@H](NCC2CC2)c2ccc(F)c(NC(=O)c3cc(C(F)(F)F)nn3-c3cccc(CN)c3)c2)c1,N#Cc1cccc([C@@H](NCC2CC2)c2ccc(F)c(NC(=O)c3cc(C(F)(F)F)nn3-c3cccc(CN)c3)c2)c1,UXNXMBYCBRBRFD-MUUNZHRXSA-N,CHEMBL6067995,exact_pref_name_match,20,3,"['Cl', 'Cl']",success,,1,less
DAPAGLIFLOZIN PROPANEDIOL,CCOc1ccc(Cc2cc([C@@H]3O[C@H](CO)[C@@H](O)[C@H](O)[C@H]3O)ccc2Cl)cc1.C[C@H](O)CO.O,CCOc1ccc(Cc2cc([C@@H]3O[C@H](CO)[C@@H](O)[C@H](O)[C@H]3O)ccc2Cl)cc1,JVHXJTBJCFBINQ-ADAARDCZSA-N,CHEMBL2103802,exact_pref_name_match,20,3,"['C[C@H](O)CO', 'O']",success,,0,no
FERRIC OXYHYDROXIDE,,,,CHEMBL4802224,exact_pref_name_match,20,0,[],no_structure, | No canonical_smiles in ChEMBL response,0,no
MACIMORELIN,CC(C)(N)C(=O)N[C@H](Cc1c[nH]c2ccccc12)C(=O)N[C@H](Cc1c[nH]c2ccccc12)NC=O,CC(C)(N)C(=O)N[C@H](Cc1c[nH]c2ccccc12)C(=O)N[C@H](Cc1c[nH]c2ccccc12)NC=O,UJVDJAPJQWZRFR-DHIUTWEWSA-N,CHEMBL278623,exact_pref_name_match,2,1,[],success,,1,most
BOSUTINIB MONOHYDRATE,COc1cc(Nc2c(C#N)cnc3cc(OCCCN4CCN(C)CC4)c(OC)cc23)c(Cl)cc1Cl.O,COc1cc(Nc2c(C#N)cnc3cc(OCCCN4CCN(C)CC4)c(OC)cc23)c(Cl)cc1Cl,UBPYILGKFZZVDX-UHFFFAOYSA-N,CHEMBL2095206,exact_pref_name_match,20,2,['O'],success,,1,most
BELUMOSUDIL,CC(C)NC(=O)COc1cccc(-c2nc(Nc3ccc4[nH]ncc4c3)c3ccccc3n2)c1,CC(C)NC(=O)COc1cccc(-c2nc(Nc3ccc4[nH]ncc4c3)c3ccccc3n2)c1,GKHIVNAUVKXIIY-UHFFFAOYSA-N,CHEMBL2005186,exact_pref_name_match,3,1,[],success,,1,less
RUXOLITINIB,N#CC[C@H](C1CCCC1)n1cc(-c2ncnc3[nH]ccc23)cn1,N#CC[C@H](C1CCCC1)n1cc(-c2ncnc3[nH]ccc23)cn1,HFNKQEVNSGCOJV-OAHLLOKOSA-N,CHEMBL1789941,exact_pref_name_match,7,1,[],success,,1,most
mebendazole,COC(=O)Nc1nc2cc(C(=O)c3ccccc3)ccc2[nH]1,COC(=O)Nc1nc2cc(C(=O)c3ccccc3)ccc2[nH]1,OPXLLQIJSORQAM-UHFFFAOYSA-N,CHEMBL685,exact_pref_name_match,1,1,[],success,,0,no
TRANYLCYPROMINE SULFATE,N[C@@H]1C[C@H]1c1ccccc1.N[C@H]1C[C@@H]1c1ccccc1.O=S(=O)(O)O,N[C@@H]1C[C@H]1c1ccccc1,AELCINSCMGFISI-DTWKUNHWSA-N,CHEMBL3989698,exact_pref_name_match,20,3,"['N[C@H]1C[C@@H]1c1ccccc1', 'O=S(=O)(O)O']",success,,1,less
BELZUTIFAN,CS(=O)(=O)c1ccc(Oc2cc(F)cc(C#N)c2)c2c1[C@H](O)[C@H](F)[C@@H]2F,CS(=O)(=O)c1ccc(Oc2cc(F)cc(C#N)c2)c2c1[C@H](O)[C@H](F)[C@@H]2F,LOMMPXLFBTZENJ-ZACQAIPSSA-N,CHEMBL4585668,exact_pref_name_match,1,1,[],success,,1,less
Plecanatide,CC(C)C[C@H](NC(=O)[C@@H]1CSSC[C@@H]2NC(=O)[C@H](CC(C)C)NC(=O)[C@H](CCC(=O)O)NC(=O)[C@@H](NC(=O)[C@H](CCC(=O)O)NC(=O)[C@H](CC(=O)O)NC(=O)[C@@H](N)CC(N)=O)CSSC[C@H](NC(=O)[C@H](C)NC(=O)[C@H](C(C)C)NC(=O)[C@H](CC(N)=O)NC(=O)[C@H](C(C)C)NC2=O)C(=O)N[C@@H]([C@@H](C)O)C(=O)NCC(=O)N1)C(=O)O,CC(C)C[C@H](NC(=O)[C@@H]1CSSC[C@@H]2NC(=O)[C@H](CC(C)C)NC(=O)[C@H](CCC(=O)O)NC(=O)[C@@H](NC(=O)[C@H](CCC(=O)O)NC(=O)[C@H](CC(=O)O)NC(=O)[C@@H](N)CC(N)=O)CSSC[C@H](NC(=O)[C@H](C)NC(=O)[C@H](C(C)C)NC(=O)[C@H](CC(N)=O)NC(=O)[C@H](C(C)C)NC2=O)C(=O)N[C@@H]([C@@H](C)O)C(=O)NCC(=O)N1)C(=O)O,NSPHQWLKCGGCQR-DLJDZFDSSA-N,CHEMBL2103867,exact_pref_name_match,1,1,[],success,,0,no
SODIUM OXYBATE,O=C([O-])CCCO.[Na+],O=C([O-])CCCO,SJZRECIVHVDYJC-UHFFFAOYSA-M,CHEMBL1200682,exact_pref_name_match,20,2,['[Na+]'],success,,0,no
ATOGEPANT,C[C@@H]1[C@H](c2c(F)ccc(F)c2F)C[C@H](NC(=O)c2cnc3c(c2)C[C@@]2(C3)C(=O)Nc3ncccc32)C(=O)N1CC(F)(F)F,C[C@@H]1[C@H](c2c(F)ccc(F)c2F)C[C@H](NC(=O)c2cnc3c(c2)C[C@@]2(C3)C(=O)Nc3ncccc32)C(=O)N1CC(F)(F)F,QIVUCLWGARAQIO-OLIXTKCUSA-N,CHEMBL3991065,exact_pref_name_match,2,1,[],success,,0,no
LOMUSTINE,O=NN(CCCl)C(=O)NC1CCCCC1,O=NN(CCCl)C(=O)NC1CCCCC1,GQYIWUVLTXOXAJ-UHFFFAOYSA-N,CHEMBL514,exact_pref_name_match,5,1,[],success,,0,no
UMECLIDINIUM BROMIDE,OC(c1ccccc1)(c1ccccc1)C12CC[N+](CCOCc3ccccc3)(CC1)CC2.[Br-],OC(c1ccccc1)(c1ccccc1)C12CC[N+](CCOCc3ccccc3)(CC1)CC2,FVTWTVQXNAJTQP-UHFFFAOYSA-N,CHEMBL523299,exact_pref_name_match,20,2,['[Br-]'],success,,1,less
CEFDITOREN PIVOXIL,CO/N=C(\C(=O)N[C@@H]1C(=O)N2C(C(=O)OCOC(=O)C(C)(C)C)=C(/C=C\c3scnc3C)CS[C@H]12)c1csc(N)n1,CO/N=C(\C(=O)N[C@@H]1C(=O)N2C(C(=O)OCOC(=O)C(C)(C)C)=C(/C=C\c3scnc3C)CS[C@H]12)c1csc(N)n1,AFZFFLVORLEPPO-UVYJNCLZSA-N,CHEMBL454446,exact_pref_name_match,20,1,[],success,,0,no
mitotane,Clc1ccc(C(c2ccccc2Cl)C(Cl)Cl)cc1,Clc1ccc(C(c2ccccc2Cl)C(Cl)Cl)cc1,JWBOIMRXGHLCPP-UHFFFAOYSA-N,CHEMBL1670,exact_pref_name_match,2,1,[],success,,0,no
CHLOROTHIAZIDE,NS(=O)(=O)c1cc2c(cc1Cl)N=CNS2(=O)=O,NS(=O)(=O)c1cc2c(cc1Cl)N=CNS2(=O)=O,JBMKAUGHUNFTOL-UHFFFAOYSA-N,CHEMBL842,exact_pref_name_match,2,1,[],success,,1,less
INDINAVIR SULFATE,CC(C)(C)NC(=O)[C@@H]1CN(Cc2cccnc2)CCN1C[C@@H](O)C[C@@H](Cc1ccccc1)C(=O)N[C@H]1c2ccccc2C[C@H]1O.O=S(=O)(O)O,CC(C)(C)NC(=O)[C@@H]1CN(Cc2cccnc2)CCN1C[C@@H](O)C[C@@H](Cc1ccccc1)C(=O)N[C@H]1c2ccccc2C[C@H]1O,CBVCZFGXHXORBI-PXQQMZJSSA-N,CHEMBL1735,exact_pref_name_match,20,2,['O=S(=O)(O)O'],success,,1,less
RISDIPLAM,Cc1cn2nc(-c3cc(=O)n4cc(N5CCNC6(CC6)C5)ccc4n3)cc(C)c2n1,Cc1cn2nc(-c3cc(=O)n4cc(N5CCNC6(CC6)C5)ccc4n3)cc(C)c2n1,ASKZRYGFUPSJPN-UHFFFAOYSA-N,CHEMBL4297528,exact_pref_name_match,1,1,[],success,,0,no
lasmiditan,CN1CCC(C(=O)c2cccc(NC(=O)c3c(F)cc(F)cc3F)n2)CC1,CN1CCC(C(=O)c2cccc(NC(=O)c3c(F)cc(F)cc3F)n2)CC1,XEDHVZKDSYZQBF-UHFFFAOYSA-N,CHEMBL3039520,exact_pref_name_match,2,1,[],success,,1,less
gabapentin enacarbil,CC(OC(=O)NCC1(CC(=O)O)CCCCC1)OC(=O)C(C)C,CC(OC(=O)NCC1(CC(=O)O)CCCCC1)OC(=O)C(C)C,TZDUHAJSIBHXDL-UHFFFAOYSA-N,CHEMBL1628502,exact_pref_name_match,3,1,[],success,,0,no
ESTRAMUSTINE PHOSPHATE SODIUM,C[C@]12CC[C@@H]3c4ccc(OC(=O)N(CCCl)CCCl)cc4CC[C@H]3[C@@H]1CC[C@@H]2OP(=O)([O-])[O-].[Na+].[Na+],C[C@]12CC[C@@H]3c4ccc(OC(=O)N(CCCl)CCCl)cc4CC[C@H]3[C@@H]1CC[C@@H]2OP(=O)([O-])[O-],ADFOJJHRTBFFOF-RBRWEJTLSA-L,CHEMBL1200721,exact_pref_name_match,20,3,"['[Na+]', '[Na+]']",success,,1,most
TAPENTADOL HYDROCHLORIDE,CC[C@@H](c1cccc(O)c1)[C@@H](C)CN(C)C.Cl,CC[C@@H](c1cccc(O)c1)[C@@H](C)CN(C)C,KWTWDQCKEHXFFR-SMDDNHRTSA-N,CHEMBL1201777,exact_pref_name_match,20,2,['Cl'],success,,1,less
LUMATEPERONE,CN1CCN2c3c(cccc31)[C@@H]1CN(CCCC(=O)c3ccc(F)cc3)CC[C@@H]12,CN1CCN2c3c(cccc31)[C@@H]1CN(CCCC(=O)c3ccc(F)cc3)CC[C@@H]12,HOIIHACBCFLJET-SFTDATJTSA-N,CHEMBL3306803,exact_pref_name_match,2,1,[],success,,1,less
SELUMETINIB,Cn1cnc2c(F)c(Nc3ccc(Br)cc3Cl)c(C(=O)NOCCO)cc21,Cn1cnc2c(F)c(Nc3ccc(Br)cc3Cl)c(C(=O)NOCCO)cc21,CYOHGALHFOKKQC-UHFFFAOYSA-N,CHEMBL1614701,exact_pref_name_match,3,1,[],success,,1,most
tazemetostat hydrobromide,Br.CCN(c1cc(-c2ccc(CN3CCOCC3)cc2)cc(C(=O)NCc2c(C)cc(C)[nH]c2=O)c1C)C1CCOCC1,CCN(c1cc(-c2ccc(CN3CCOCC3)cc2)cc(C(=O)NCc2c(C)cc(C)[nH]c2=O)c1C)C1CCOCC1,NSQSAUGJQHDYNO-UHFFFAOYSA-N,CHEMBL4594260,exact_pref_name_match,20,2,['Br'],success,,0,no
LUSUTROMBOPAG,CCCCCCO[C@@H](C)c1cccc(-c2csc(NC(=O)c3cc(Cl)c(/C=C(\C)C(=O)O)c(Cl)c3)n2)c1OC,CCCCCCO[C@@H](C)c1cccc(-c2csc(NC(=O)c3cc(Cl)c(/C=C(\C)C(=O)O)c(Cl)c3)n2)c1OC,NOZIJMHMKORZBA-KJCUYJGMSA-N,CHEMBL2107831,exact_pref_name_match,1,1,[],success,,0,no
ICOSAPENT ETHYL,CC/C=C\C/C=C\C/C=C\C/C=C\C/C=C\CCCC(=O)OCC,CC/C=C\C/C=C\C/C=C\C/C=C\C/C=C\CCCC(=O)OCC,SSQPWTVBQMWLSZ-AAQCHOMXSA-N,CHEMBL2095209,exact_pref_name_match,20,1,[],success,,1,less
COBIMETINIB FUMARATE,O=C(O)/C=C/C(=O)O.O=C(c1ccc(F)c(F)c1Nc1ccc(I)cc1F)N1CC(O)([C@@H]2CCCCN2)C1.O=C(c1ccc(F)c(F)c1Nc1ccc(I)cc1F)N1CC(O)([C@@H]2CCCCN2)C1,O=C(c1ccc(F)c(F)c1Nc1ccc(I)cc1F)N1CC(O)([C@@H]2CCCCN2)C1,BSMCAPRUBJMWDF-KRWDZBQOSA-N,CHEMBL2364607,exact_pref_name_match,20,3,"['O=C(c1ccc(F)c(F)c1Nc1ccc(I)cc1F)N1CC(O)([C@@H]2CCCCN2)C1', 'O=C(O)/C=C/C(=O)O']",success,,1,most
NALOXEGOL OXALATE,C=CCN1CC[C@]23c4c5ccc(O)c4O[C@H]2[C@@H](OCCOCCOCCOCCOCCOCCOCCOC)CC[C@@]3(O)[C@H]1C5.O=C(O)C(=O)O,C=CCN1CC[C@]23c4c5ccc(O)c4O[C@H]2[C@@H](OCCOCCOCCOCCOCCOCCOCCOC)CC[C@@]3(O)[C@H]1C5,XNKCCCKFOQNXKV-ZRSCBOBOSA-N,CHEMBL2219416,exact_pref_name_match,20,2,['O=C(O)C(=O)O'],success,,0,no
Ceftibuten dihydrate,Nc1nc(/C(=C/CC(=O)O)C(=O)N[C@@H]2C(=O)N3C(C(=O)O)=CCS[C@H]23)cs1.O.O,Nc1nc(/C(=C/CC(=O)O)C(=O)N[C@@H]2C(=O)N3C(C(=O)O)=CCS[C@H]23)cs1,UNJFKXSSGBWRBZ-BJCIPQKHSA-N,CHEMBL1200985,exact_pref_name_match,20,3,"['O', 'O']",success,,0,no
DUVELISIB,C[C@H](Nc1ncnc2nc[nH]c12)c1cc2cccc(Cl)c2c(=O)n1-c1ccccc1,C[C@H](Nc1ncnc2nc[nH]c12)c1cc2cccc(Cl)c2c(=O)n1-c1ccccc1,SJVQHLPISAIATJ-ZDUSSCGKSA-N,CHEMBL3039502,exact_pref_name_match,4,1,[],success,,0,no
Lithium Citrate,O.O.O.O.O=C([O-])CC(O)(CC(=O)[O-])C(=O)[O-].[Li+].[Li+].[Li+],O=C([O-])CC(O)(CC(=O)[O-])C(=O)[O-],KRKNYBCHXYNGOX-UHFFFAOYSA-K,CHEMBL2103738,exact_pref_name_match,20,8,"['O', 'O', 'O', 'O', '[Li+]', '[Li+]', '[Li+]']",success,,1,most
VALBENAZINE TOSYLATE,COc1cc2c(cc1OC)[C@H]1C[C@@H](OC(=O)[C@@H](N)C(C)C)[C@H](CC(C)C)CN1CC2.Cc1ccc(S(=O)(=O)O)cc1.Cc1ccc(S(=O)(=O)O)cc1,COc1cc2c(cc1OC)[C@H]1C[C@@H](OC(=O)[C@@H](N)C(C)C)[C@H](CC(C)C)CN1CC2,GEJDGVNQKABXKG-CFKGEZKQSA-N,CHEMBL3707248,exact_pref_name_match,20,3,"['Cc1ccc(S(=O)(=O)O)cc1', 'Cc1ccc(S(=O)(=O)O)cc1']",success,,1,most
GILTERITINIB FUMARATE,CCc1nc(C(N)=O)c(Nc2ccc(N3CCC(N4CCN(C)CC4)CC3)c(OC)c2)nc1NC1CCOCC1.CCc1nc(C(N)=O)c(Nc2ccc(N3CCC(N4CCN(C)CC4)CC3)c(OC)c2)nc1NC1CCOCC1.O=C(O)/C=C/C(=O)O,CCc1nc(C(N)=O)c(Nc2ccc(N3CCC(N4CCN(C)CC4)CC3)c(OC)c2)nc1NC1CCOCC1,GYQYAJJFPNQOOW-UHFFFAOYSA-N,CHEMBL3301603,exact_pref_name_match,20,3,"['CCc1nc(C(N)=O)c(Nc2ccc(N3CCC(N4CCN(C)CC4)CC3)c(OC)c2)nc1NC1CCOCC1', 'O=C(O)/C=C/C(=O)O']",success,,1,most
Ponesimod,CCC/N=C1\S/C(=C\c2ccc(OC[C@H](O)CO)c(Cl)c2)C(=O)N1c1ccccc1C,CCC/N=C1\S/C(=C\c2ccc(OC[C@H](O)CO)c(Cl)c2)C(=O)N1c1ccccc1C,LPAUOXUZGSBGDU-STDDISTJSA-N,CHEMBL1096146,exact_pref_name_match,3,1,[],success,,1,less
ELAGOLIX SODIUM,COc1cccc(-c2c(C)n(Cc3c(F)cccc3C(F)(F)F)c(=O)n(C[C@H](NCCCC(=O)[O-])c3ccccc3)c2=O)c1F.[Na+],COc1cccc(-c2c(C)n(Cc3c(F)cccc3C(F)(F)F)c(=O)n(C[C@H](NCCCC(=O)[O-])c3ccccc3)c2=O)c1F,HEAUOKZIVMZVQL-VWLOTQADSA-M,CHEMBL502182,exact_pref_name_match,20,2,['[Na+]'],success,,0,no
VORINOSTAT,O=C(CCCCCCC(=O)Nc1ccccc1)NO,O=C(CCCCCCC(=O)Nc1ccccc1)NO,WAEXFXRVDQXREF-UHFFFAOYSA-N,CHEMBL98,exact_pref_name_match,2,1,[],success,,1,less
ROLAPITANT HYDROCHLORIDE,C[C@@H](OC[C@@]1(c2ccccc2)CC[C@]2(CCC(=O)N2)CN1)c1cc(C(F)(F)F)cc(C(F)(F)F)c1.Cl.O,C[C@@H](OC[C@@]1(c2ccccc2)CC[C@]2(CCC(=O)N2)CN1)c1cc(C(F)(F)F)cc(C(F)(F)F)c1,FIVSJYGQAIEMOC-ZGNKEGEESA-N,CHEMBL3707330,exact_pref_name_match,20,3,"['Cl', 'O']",success,,0,no
MILTEFOSINE,CCCCCCCCCCCCCCCCOP(=O)([O-])OCC[N+](C)(C)C,CCCCCCCCCCCCCCCCOP(=O)([O-])OCC[N+](C)(C)C,PQLXHQMOHUQAKB-UHFFFAOYSA-N,CHEMBL125,exact_pref_name_match,1,1,[],success,,0,no
CRIZOTINIB,C[C@@H](Oc1cc(-c2cnn(C3CCNCC3)c2)cnc1N)c1c(Cl)ccc(F)c1Cl,C[C@@H](Oc1cc(-c2cnn(C3CCNCC3)c2)cnc1N)c1c(Cl)ccc(F)c1Cl,KTEIFNKAUNYNJU-GFCCVEGCSA-N,CHEMBL601719,exact_pref_name_match,4,1,[],success,,1,most
avapritinib,Cn1cc(-c2cc3c(N4CCN(c5ncc([C@@](C)(N)c6ccc(F)cc6)cn5)CC4)ncnn3c2)cn1,Cn1cc(-c2cc3c(N4CCN(c5ncc([C@@](C)(N)c6ccc(F)cc6)cn5)CC4)ncnn3c2)cn1,DWYRIWUZIJHQKQ-SANMLTNESA-N,CHEMBL4204794,exact_pref_name_match,1,1,[],success,,1,less
DACOMITINIB,COc1cc2ncnc(Nc3ccc(F)c(Cl)c3)c2cc1NC(=O)/C=C/CN1CCCCC1.O,COc1cc2ncnc(Nc3ccc(F)c(Cl)c3)c2cc1NC(=O)/C=C/CN1CCCCC1,LVXJQMNHJWSHET-AATRIKPKSA-N,CHEMBL2105719,exact_pref_name_match,2,2,['O'],success,,0,no
TENAPANOR HYDROCHLORIDE,CN1Cc2c(Cl)cc(Cl)cc2[C@H](c2cccc(S(=O)(=O)NCCOCCOCCNC(=O)NCCCCNC(=O)NCCOCCOCCNS(=O)(=O)c3cccc([C@@H]4CN(C)Cc5c(Cl)cc(Cl)cc54)c3)c2)C1.Cl.Cl,CN1Cc2c(Cl)cc(Cl)cc2[C@H](c2cccc(S(=O)(=O)NCCOCCOCCNC(=O)NCCCCNC(=O)NCCOCCOCCNS(=O)(=O)c3cccc([C@@H]4CN(C)Cc5c(Cl)cc(Cl)cc54)c3)c2)C1,DNHPDWGIXIMXSA-CXNSMIOJSA-N,CHEMBL3301627,exact_pref_name_match,20,3,"['Cl', 'Cl']",success,,0,no
BALOXAVIR MARBOXIL,COC(=O)OCOc1c2n(ccc1=O)N([C@@H]1c3ccccc3SCc3c1ccc(F)c3F)[C@@H]1COCCN1C2=O,COC(=O)OCOc1c2n(ccc1=O)N([C@@H]1c3ccccc3SCc3c1ccc(F)c3F)[C@@H]1COCCN1C2=O,RZVPBGBYGMDSBG-GGAORHGYSA-N,CHEMBL4297503,exact_pref_name_match,6,1,[],success,,0,no
THALIDOMIDE,O=C1CCC(N2C(=O)c3ccccc3C2=O)C(=O)N1,O=C1CCC(N2C(=O)c3ccccc3C2=O)C(=O)N1,UEJJHQNACJXSKW-UHFFFAOYSA-N,CHEMBL468,exact_pref_name_match,20,1,[],success,,1,most
PRUCALOPRIDE SUCCINATE,COCCCN1CCC(NC(=O)c2cc(Cl)c(N)c3c2OCC3)CC1.O=C(O)CCC(=O)O,COCCCN1CCC(NC(=O)c2cc(Cl)c(N)c3c2OCC3)CC1,ZPMNHBXQOOVQJL-UHFFFAOYSA-N,CHEMBL2105748,exact_pref_name_match,20,2,['O=C(O)CCC(=O)O'],success,,0,no
ELTROMBOPAG OLAMINE,CC1=NN(c2ccc(C)c(C)c2)C(=O)/C1=N\Nc1cccc(-c2cccc(C(=O)O)c2)c1O.NCCO.NCCO,CC1=NN(c2ccc(C)c(C)c2)C(=O)/C1=N\Nc1cccc(-c2cccc(C(=O)O)c2)c1O,XDXWLKQMMKQXPV-QYQHSDTDSA-N,CHEMBL3989691,exact_pref_name_match,17,3,"['NCCO', 'NCCO']",success,,0,no
Apalutamide,CNC(=O)c1ccc(N2C(=S)N(c3cnc(C#N)c(C(F)(F)F)c3)C(=O)C23CCC3)cc1F,CNC(=O)c1ccc(N2C(=S)N(c3cnc(C#N)c(C(F)(F)F)c3)C(=O)C23CCC3)cc1F,HJBWBFZLDZWPHF-UHFFFAOYSA-N,CHEMBL3183409,exact_pref_name_match,6,1,[],success,,1,most
ACETOHYDROXAMIC ACID,CC(=O)NO,CC(=O)NO,RRUDCFGSUDOHDG-UHFFFAOYSA-N,CHEMBL734,exact_pref_name_match,20,1,[],success,,1,less
upadacitinib,CC[C@@H]1CN(C(=O)NCC(F)(F)F)C[C@@H]1c1cnc2cnc3[nH]ccc3n12,CC[C@@H]1CN(C(=O)NCC(F)(F)F)C[C@@H]1c1cnc2cnc3[nH]ccc3n12,WYQFJHHDOKWSHR-MNOVXSKESA-N,CHEMBL3622821,exact_pref_name_match,4,1,[],success,,1,most
NISOLDIPINE,COC(=O)C1=C(C)NC(C)=C(C(=O)OCC(C)C)C1c1ccccc1[N+](=O)[O-],COC(=O)C1=C(C)NC(C)=C(C(=O)OCC(C)C)C1c1ccccc1[N+](=O)[O-],VKQFCGNPDRICFG-UHFFFAOYSA-N,CHEMBL1726,exact_pref_name_match,1,1,[],success,,1,less
Cladribine,Nc1nc(Cl)nc2c1ncn2[C@H]1C[C@H](O)[C@@H](CO)O1,Nc1nc(Cl)nc2c1ncn2[C@H]1C[C@H](O)[C@@H](CO)O1,PTOAARAWEBMLNO-KVQBGUIXSA-N,CHEMBL1619,exact_pref_name_match,3,1,[],success,,1,most
TRICLABENDAZOLE,CSc1nc2cc(Cl)c(Oc3cccc(Cl)c3Cl)cc2[nH]1,CSc1nc2cc(Cl)c(Oc3cccc(Cl)c3Cl)cc2[nH]1,NQPDXQQQCQDHHW-UHFFFAOYSA-N,CHEMBL1086440,exact_pref_name_match,1,1,[],success,,1,most
ETHOTOIN,CCN1C(=O)NC(c2ccccc2)C1=O,CCN1C(=O)NC(c2ccccc2)C1=O,SZQIFWWUIBRPBZ-UHFFFAOYSA-N,CHEMBL1095,exact_pref_name_match,1,1,[],success,,0,no
ixazomib citrate,CC(C)C[C@H](NC(=O)CNC(=O)c1cc(Cl)ccc1Cl)B1OC(=O)C(CC(=O)O)(CC(=O)O)O1,CC(C)C[C@H](NC(=O)CNC(=O)c1cc(Cl)ccc1Cl)B1OC(=O)C(CC(=O)O)(CC(=O)O)O1,MBOMYENWWXQSNW-AWEZNQCLSA-N,CHEMBL3545432,exact_pref_name_match,20,1,[],success,,0,no
ELUXADOLINE,COc1ccc(CN(C(=O)[C@@H](N)Cc2c(C)cc(C(N)=O)cc2C)[C@@H](C)c2ncc(-c3ccccc3)[nH]2)cc1C(=O)O,COc1ccc(CN(C(=O)[C@@H](N)Cc2c(C)cc(C(N)=O)cc2C)[C@@H](C)c2ncc(-c3ccccc3)[nH]2)cc1C(=O)O,QFNHIDANIVGXPE-FNZWTVRRSA-N,CHEMBL2159122,exact_pref_name_match,2,1,[],success,,0,no
monomethyl fumarate,COC(=O)/C=C/C(=O)O,COC(=O)/C=C/C(=O)O,NKHAVTQWNUWKEO-NSCUHMNNSA-N,CHEMBL589586,exact_pref_name_match,20,1,[],success,,0,no
RALTEGRAVIR POTASSIUM,Cc1nnc(C(=O)NC(C)(C)c2nc(C(=O)NCc3ccc(F)cc3)c([O-])c(=O)n2C)o1.[K+],Cc1nnc(C(=O)NC(C)(C)c2nc(C(=O)NCc3ccc(F)cc3)c([O-])c(=O)n2C)o1,CZFFBEXEKNGXKS-UHFFFAOYSA-M,CHEMBL518520,exact_pref_name_match,20,2,['[K+]'],success,,0,no
NINTEDANIB ESYLATE,CCS(=O)(=O)O.COC(=O)c1ccc2c(c1)NC(=O)/C2=C(\Nc1ccc(N(C)C(=O)CN2CCN(C)CC2)cc1)c1ccccc1,COC(=O)c1ccc2c(c1)NC(=O)/C2=C(\Nc1ccc(N(C)C(=O)CN2CCN(C)CC2)cc1)c1ccccc1,XZXHXSATPCNXJR-ZIADKAODSA-N,CHEMBL3039504,exact_pref_name_match,8,2,['CCS(=O)(=O)O'],success,,1,most
OMEPRAZOLE MAGNESIUM,COc1ccc2[n-]c([S+]([O-])Cc3ncc(C)c(OC)c3C)nc2c1.COc1ccc2[n-]c([S+]([O-])Cc3ncc(C)c(OC)c3C)nc2c1.[Mg+2],COc1ccc2[n-]c([S+]([O-])Cc3ncc(C)c(OC)c3C)nc2c1,MZXXONIZWOBROX-UHFFFAOYSA-N,CHEMBL1567328,exact_pref_name_match,20,3,"['COc1ccc2[n-]c([S+]([O-])Cc3ncc(C)c(OC)c3C)nc2c1', '[Mg+2]']",success,,1,less
AFATINIB,CN(C)C/C=C/C(=O)Nc1cc2c(Nc3ccc(F)c(Cl)c3)ncnc2cc1O[C@H]1CCOC1,CN(C)C/C=C/C(=O)Nc1cc2c(Nc3ccc(F)c(Cl)c3)ncnc2cc1O[C@H]1CCOC1,ULXXDDBFHOBEHA-CWDCEQMOSA-N,CHEMBL1173655,exact_pref_name_match,5,1,[],success,,0,no
rucaparib camsylate,CC1(C)[C@@H]2CC[C@@]1(CS(=O)(=O)O)C(=O)C2.CNCc1ccc(-c2[nH]c3cc(F)cc4c3c2CCNC4=O)cc1,CNCc1ccc(-c2[nH]c3cc(F)cc4c3c2CCNC4=O)cc1,HMABYWSNWIZPAG-UHFFFAOYSA-N,CHEMBL3833368,exact_pref_name_match,8,2,['CC1(C)[C@@H]2CC[C@@]1(CS(=O)(=O)O)C(=O)C2'],success,,1,less
Voxelotor,CC(C)n1nccc1-c1ncccc1COc1cccc(O)c1C=O,CC(C)n1nccc1-c1ncccc1COc1cccc(O)c1C=O,FWCVZAQENIZVMY-UHFFFAOYSA-N,CHEMBL4101807,exact_pref_name_match,1,1,[],success,,0,no
APIXABAN,COc1ccc(-n2nc(C(N)=O)c3c2C(=O)N(c2ccc(N4CCCCC4=O)cc2)CC3)cc1,COc1ccc(-n2nc(C(N)=O)c3c2C(=O)N(c2ccc(N4CCCCC4=O)cc2)CC3)cc1,QNZCBYKSOIHPEH-UHFFFAOYSA-N,CHEMBL231779,exact_pref_name_match,7,1,[],success,,1,less
LINAGLIPTIN,CC#CCn1c(N2CCC[C@@H](N)C2)nc2c1c(=O)n(Cc1nc(C)c3ccccc3n1)c(=O)n2C,CC#CCn1c(N2CCC[C@@H](N)C2)nc2c1c(=O)n(Cc1nc(C)c3ccccc3n1)c(=O)n2C,LTXREWYXXSTFRX-QGZVFWFLSA-N,CHEMBL237500,exact_pref_name_match,2,1,[],success,,1,most
OZANIMOD HYDROCHLORIDE,CC(C)Oc1ccc(-c2nc(-c3cccc4c3CC[C@@H]4NCCO)no2)cc1C#N.Cl,CC(C)Oc1ccc(-c2nc(-c3cccc4c3CC[C@@H]4NCCO)no2)cc1C#N,XRVDGNKRPOAQTN-FQEVSTJZSA-N,CHEMBL3707246,exact_pref_name_match,20,2,['Cl'],success,,1,less
BETAINE,C[N+](C)(C)CC(=O)O,C[N+](C)(C)CC(=O)O,KWIUHFFTVRNATP-UHFFFAOYSA-O,CHEMBL95889,exact_pref_name_match,14,1,[],success,,0,no
AURANOFIN,,,,CHEMBL1366,exact_pref_name_match,20,0,[],no_structure, | No canonical_smiles in ChEMBL response,0,no
OSIMERTINIB,C=CC(=O)Nc1cc(Nc2nccc(-c3cn(C)c4ccccc34)n2)c(OC)cc1N(C)CCN(C)C,C=CC(=O)Nc1cc(Nc2nccc(-c3cn(C)c4ccccc34)n2)c(OC)cc1N(C)CCN(C)C,DUYJMQONPNNFPI-UHFFFAOYSA-N,CHEMBL3353410,exact_pref_name_match,7,1,[],success,,1,most
Mobocertinib,C=CC(=O)Nc1cc(Nc2ncc(C(=O)OC(C)C)c(-c3cn(C)c4ccccc34)n2)c(OC)cc1N(C)CCN(C)C,C=CC(=O)Nc1cc(Nc2ncc(C(=O)OC(C)C)c(-c3cn(C)c4ccccc34)n2)c(OC)cc1N(C)CCN(C)C,AZSRSNUQCUDCGG-UHFFFAOYSA-N,CHEMBL4650319,exact_pref_name_match,2,1,[],success,,1,most
propoxyphene napsylate,CCC(=O)O[C@](Cc1ccccc1)(c1ccccc1)[C@H](C)CN(C)C.O.O=S(=O)(O)c1ccc2ccccc2c1,CCC(=O)O[C@](Cc1ccccc1)(c1ccccc1)[C@H](C)CN(C)C,XLMALTXPSGQGBX-GCJKJVERSA-N,CHEMBL3989716,exact_pref_name_match,6,3,"['O=S(=O)(O)c1ccc2ccccc2c1', 'O']",success,,1,less
Flibanserin,O=c1[nH]c2ccccc2n1CCN1CCN(c2cccc(C(F)(F)F)c2)CC1,O=c1[nH]c2ccccc2n1CCN1CCN(c2cccc(C(F)(F)F)c2)CC1,PPRRDFIXUUSXRA-UHFFFAOYSA-N,CHEMBL231068,exact_pref_name_match,1,1,[],success,,1,less
LEVOMILNACIPRAN HYDROCHLORIDE; levomilnacipran hydrochloride,CCN(CC)C(=O)[C@@]1(c2ccccc2)C[C@H]1CN.Cl,CCN(CC)C(=O)[C@@]1(c2ccccc2)C[C@H]1CN,GJJFMKBJSRMPLA-DZGCQCFKSA-N,CHEMBL2105732,fallback_highest_score,20,2,['Cl'],success,No exact pref_name match; chose highest score (100.0) among 20 candidates,1,less
ISOCARBOXAZID,Cc1cc(C(=O)NNCc2ccccc2)no1,Cc1cc(C(=O)NNCc2ccccc2)no1,XKFPYPQQHFEXRZ-UHFFFAOYSA-N,CHEMBL1201168,exact_pref_name_match,1,1,[],success,,1,less
darunavir ethanolate,CC(C)CN(C[C@@H](O)[C@H](Cc1ccccc1)NC(=O)O[C@H]1CO[C@H]2OCC[C@H]21)S(=O)(=O)c1ccc(N)cc1.CCO,CC(C)CN(C[C@@H](O)[C@H](Cc1ccccc1)NC(=O)O[C@H]1CO[C@H]2OCC[C@H]21)S(=O)(=O)c1ccc(N)cc1,CJBJHOAVZSMMDJ-HEXNFIEUSA-N,CHEMBL1201127,exact_pref_name_match,20,2,['CCO'],success,,0,no
EDOXABAN TOSYLATE,CN1CCc2nc(C(=O)N[C@@H]3C[C@@H](C(=O)N(C)C)CC[C@@H]3NC(=O)C(=O)Nc3ccc(Cl)cn3)sc2C1.Cc1ccc(S(=O)(=O)O)cc1,CN1CCc2nc(C(=O)N[C@@H]3C[C@@H](C(=O)N(C)C)CC[C@@H]3NC(=O)C(=O)Nc3ccc(Cl)cn3)sc2C1,HGVDHZBSSITLCT-JLJPHGGASA-N,CHEMBL2105682,exact_pref_name_match,20,2,['Cc1ccc(S(=O)(=O)O)cc1'],success,,0,no
selinexor,O=C(/C=C\n1cnc(-c2cc(C(F)(F)F)cc(C(F)(F)F)c2)n1)NNc1cnccn1,O=C(/C=C\n1cnc(-c2cc(C(F)(F)F)cc(C(F)(F)F)c2)n1)NNc1cnccn1,DEVSOMFAQLZNKR-RJRFIUFISA-N,CHEMBL3545185,exact_pref_name_match,1,1,[],success,,1,less
FEXINIDAZOLE,CSc1ccc(OCc2ncc([N+](=O)[O-])n2C)cc1,CSc1ccc(OCc2ncc([N+](=O)[O-])n2C)cc1,MIWWSGDADVMLTG-UHFFFAOYSA-N,CHEMBL1631694,exact_pref_name_match,3,1,[],success,,1,most
FOSTEMSAVIR TROMETHAMINE,COc1cnc(-n2cnc(C)n2)c2c1c(C(=O)C(=O)N1CCN(C(=O)c3ccccc3)CC1)cn2COP(=O)(O)O.NC(CO)(CO)CO,COc1cnc(-n2cnc(C)n2)c2c1c(C(=O)C(=O)N1CCN(C(=O)c3ccccc3)CC1)cn2COP(=O)(O)O,SWMDAPWAQQTBOG-UHFFFAOYSA-N,CHEMBL3301598,exact_pref_name_match,20,2,['NC(CO)(CO)CO'],success,,1,less
uridine triacetate,CC(=O)OC[C@H]1O[C@@H](n2ccc(=O)[nH]c2=O)[C@H](OC(C)=O)[C@@H]1OC(C)=O,CC(=O)OC[C@H]1O[C@@H](n2ccc(=O)[nH]c2=O)[C@H](OC(C)=O)[C@@H]1OC(C)=O,AUFUWRKPQLGTGF-FMKGYKFTSA-N,CHEMBL2107381,exact_pref_name_match,20,1,[],success,,0,no
odevixibat,CCCCC1(CCCC)CN(c2ccccc2)c2cc(SC)c(OCC(=O)N[C@@H](C(=O)N[C@@H](CC)C(=O)O)c3ccc(O)cc3)cc2S(=O)(=O)N1,CCCCC1(CCCC)CN(c2ccccc2)c2cc(SC)c(OCC(=O)N[C@@H](C(=O)N[C@@H](CC)C(=O)O)c3ccc(O)cc3)cc2S(=O)(=O)N1,XULSCZPZVQIMFM-IPZQJPLYSA-N,CHEMBL4297588,exact_pref_name_match,2,1,[],success,,0,no
VOCLOSPORIN,C=C/C=C/C[C@@H](C)[C@@H](O)[C@H]1C(=O)N[C@@H](CC)C(=O)N(C)CC(=O)N(C)[C@@H](CC(C)C)C(=O)N[C@@H](C(C)C)C(=O)N(C)[C@@H](CC(C)C)C(=O)N[C@@H](C)C(=O)N[C@H](C)C(=O)N(C)[C@@H](CC(C)C)C(=O)N(C)[C@@H](CC(C)C)C(=O)N(C)[C@@H](C(C)C)C(=O)N1C,C=C/C=C/C[C@@H](C)[C@@H](O)[C@H]1C(=O)N[C@@H](CC)C(=O)N(C)CC(=O)N(C)[C@@H](CC(C)C)C(=O)N[C@@H](C(C)C)C(=O)N(C)[C@@H](CC(C)C)C(=O)N[C@@H](C)C(=O)N[C@H](C)C(=O)N(C)[C@@H](CC(C)C)C(=O)N(C)[C@@H](CC(C)C)C(=O)N(C)[C@@H](C(C)C)C(=O)N1C,BICRTLVBTLFLRD-PTWUADNWSA-N,CHEMBL5314379,exact_pref_name_match,1,1,[],success,,1,most
TRIHEPTANOIN,CCCCCCC(=O)OCC(COC(=O)CCCCCC)OC(=O)CCCCCC,CCCCCCC(=O)OCC(COC(=O)CCCCCC)OC(=O)CCCCCC,PJHKBYALYHRYSK-UHFFFAOYSA-N,CHEMBL4297585,exact_pref_name_match,1,1,[],success,,0,no
NABILONE,CCCCCCC(C)(C)c1cc(O)c2c(c1)OC(C)(C)C1CCC(=O)CC21,CCCCCCC(C)(C)c1cc(O)c2c(c1)OC(C)(C)C1CCC(=O)CC21,GECBBEABIDMGGL-UHFFFAOYSA-N,CHEMBL2218896,exact_pref_name_match,2,1,[],success,,1,less
brexpiprazole,O=c1ccc2ccc(OCCCCN3CCN(c4cccc5sccc45)CC3)cc2[nH]1,O=c1ccc2ccc(OCCCCN3CCN(c4cccc5sccc45)CC3)cc2[nH]1,ZKIAIYBUSXZPLP-UHFFFAOYSA-N,CHEMBL2105760,exact_pref_name_match,1,1,[],success,,1,less
istradefylline,CCn1c(=O)c2c(nc(/C=C/c3ccc(OC)c(OC)c3)n2C)n(CC)c1=O,CCn1c(=O)c2c(nc(/C=C/c3ccc(OC)c(OC)c3)n2C)n(CC)c1=O,IQVRBWUUXZMOPW-PKNBQFBNSA-N,CHEMBL431770,exact_pref_name_match,2,1,[],success,,0,no
FENFLURAMINE,CCNC(C)Cc1cccc(C(F)(F)F)c1,CCNC(C)Cc1cccc(C(F)(F)F)c1,DBGIVFWFUFKIQN-UHFFFAOYSA-N,CHEMBL87493,exact_pref_name_match,6,1,[],success,,1,most
LEVOKETOCONAZOLE,CC(=O)N1CCN(c2ccc(OC[C@@H]3CO[C@@](Cn4ccnc4)(c4ccc(Cl)cc4Cl)O3)cc2)CC1,CC(=O)N1CCN(c2ccc(OC[C@@H]3CO[C@@](Cn4ccnc4)(c4ccc(Cl)cc4Cl)O3)cc2)CC1,XMAYWYJOQHXEEK-ZEQKJWHPSA-N,CHEMBL295698,exact_pref_name_match,1,1,[],success,,1,most
SOTORASIB,C=CC(=O)N1CCN(c2nc(=O)n(-c3c(C)ccnc3C(C)C)c3nc(-c4c(O)cccc4F)c(F)cc23)[C@@H](C)C1,C=CC(=O)N1CCN(c2nc(=O)n(-c3c(C)ccnc3C(C)C)c3nc(-c4c(O)cccc4F)c(F)cc23)[C@@H](C)C1,NXQKSXLFSAEQCZ-SFHVURJKSA-N,CHEMBL4535757,exact_pref_name_match,3,1,[],success,,1,less
PHENELZINE SULFATE,NNCCc1ccccc1.O=S(=O)(O)O,NNCCc1ccccc1,RMUCZJUITONUFY-UHFFFAOYSA-N,CHEMBL1200895,exact_pref_name_match,20,2,['O=S(=O)(O)O'],success,,1,less
VISMODEGIB,CS(=O)(=O)c1ccc(C(=O)Nc2ccc(Cl)c(-c3ccccn3)c2)c(Cl)c1,CS(=O)(=O)c1ccc(C(=O)Nc2ccc(Cl)c(-c3ccccn3)c2)c(Cl)c1,BPQMGSKTAYIVFO-UHFFFAOYSA-N,CHEMBL473417,exact_pref_name_match,4,1,[],success,,0,no
rilpivirine hydrochloride,Cc1cc(/C=C/C#N)cc(C)c1Nc1ccnc(Nc2ccc(C#N)cc2)n1.Cl,Cc1cc(/C=C/C#N)cc(C)c1Nc1ccnc(Nc2ccc(C#N)cc2)n1,YIBOMRUWOWDFLG-ONEGZZNKSA-N,CHEMBL1628504,exact_pref_name_match,20,2,['Cl'],success,,0,no
METHYLPHENIDATE,COC(=O)C(c1ccccc1)C1CCCCN1,COC(=O)C(c1ccccc1)C1CCCCN1,DUGOZIWVEXMGBE-UHFFFAOYSA-N,CHEMBL796,exact_pref_name_match,20,1,[],success,,1,most
VEMURAFENIB,CCCS(=O)(=O)Nc1ccc(F)c(C(=O)c2c[nH]c3ncc(-c4ccc(Cl)cc4)cc23)c1F,CCCS(=O)(=O)Nc1ccc(F)c(C(=O)c2c[nH]c3ncc(-c4ccc(Cl)cc4)cc23)c1F,GPXBXXGIAQBQNI-UHFFFAOYSA-N,CHEMBL1229517,exact_pref_name_match,4,1,[],success,,1,most
ivacaftor,CC(C)(C)c1cc(C(C)(C)C)c(NC(=O)c2c[nH]c3ccccc3c2=O)cc1O,CC(C)(C)c1cc(C(C)(C)C)c(NC(=O)c2c[nH]c3ccccc3c2=O)cc1O,PURKAOJPTOLRMP-UHFFFAOYSA-N,CHEMBL2010601,exact_pref_name_match,2,1,[],success,,0,no
IBRUTINIB,C=CC(=O)N1CCC[C@@H](n2nc(-c3ccc(Oc4ccccc4)cc3)c3c(N)ncnc32)C1,C=CC(=O)N1CCC[C@@H](n2nc(-c3ccc(Oc4ccccc4)cc3)c3c(N)ncnc32)C1,XYFPWWZEPKGCCK-GOSISDBHSA-N,CHEMBL1873475,exact_pref_name_match,3,1,[],success,,1,most
PRALSETINIB,CO[C@]1(C(=O)N[C@@H](C)c2ccc(-n3cc(F)cn3)nc2)CC[C@H](c2nc(C)cc(Nc3cc(C)[nH]n3)n2)CC1,CO[C@]1(C(=O)N[C@@H](C)c2ccc(-n3cc(F)cn3)nc2)CC[C@H](c2nc(C)cc(Nc3cc(C)[nH]n3)n2)CC1,GBLBJPZSROAGMF-RWYJCYHVSA-N,CHEMBL4582651,exact_pref_name_match,3,1,[],success,,1,less
DOLUTEGRAVIR SODIUM,C[C@@H]1CCO[C@H]2Cn3cc(C(=O)NCc4ccc(F)cc4F)c(=O)c([O-])c3C(=O)N12.[Na+],C[C@@H]1CCO[C@H]2Cn3cc(C(=O)NCc4ccc(F)cc4F)c(=O)c([O-])c3C(=O)N12,RHWKPHLQXYSBKR-BMIGLBTASA-M,CHEMBL1213165,exact_pref_name_match,20,2,['[Na+]'],success,,0,no
patiromer,,,,CHEMBL2107875,exact_pref_name_match,3,0,[],no_structure, | No canonical_smiles in ChEMBL response,0,no
Bempedoic Acid,CC(C)(CCCCCC(O)CCCCCC(C)(C)C(=O)O)C(=O)O,CC(C)(CCCCCC(O)CCCCCC(C)(C)C(=O)O)C(=O)O,HYHMLYSLQUKXKP-UHFFFAOYSA-N,CHEMBL3545313,exact_pref_name_match,20,1,[],success,,1,less
TERIFLUNOMIDE,C/C(O)=C(\C#N)C(=O)Nc1ccc(C(F)(F)F)cc1,C/C(O)=C(\C#N)C(=O)Nc1ccc(C(F)(F)F)cc1,UTNUDOFZCWSZMS-YFHOEESVSA-N,CHEMBL973,exact_pref_name_match,1,1,[],success,,1,less
CANNABIDIOL,C=C(C)[C@@H]1CCC(C)=C[C@H]1c1c(O)cc(CCCCC)cc1O,C=C(C)[C@@H]1CCC(C)=C[C@H]1c1c(O)cc(CCCCC)cc1O,QHMBSVQNZZTUGM-ZWKOTPCHSA-N,CHEMBL190461,exact_pref_name_match,20,1,[],success,,0,no
CHLORAMBUCIL,O=C(O)CCCc1ccc(N(CCCl)CCCl)cc1,O=C(O)CCCc1ccc(N(CCCl)CCCl)cc1,JCKYGMPEJWAADB-UHFFFAOYSA-N,CHEMBL515,exact_pref_name_match,12,1,[],success,,0,no
BINIMETINIB,Cn1cnc2c(F)c(Nc3ccc(Br)cc3F)c(C(=O)NOCCO)cc21,Cn1cnc2c(F)c(Nc3ccc(Br)cc3F)c(C(=O)NOCCO)cc21,ACWZRVQXLIRSDF-UHFFFAOYSA-N,CHEMBL3187723,exact_pref_name_match,1,1,[],success,,1,most
DICLOFENAC,O=C(O)Cc1ccccc1Nc1c(Cl)cccc1Cl,O=C(O)Cc1ccccc1Nc1c(Cl)cccc1Cl,DCOPUUMXTXDBNB-UHFFFAOYSA-N,CHEMBL139,exact_pref_name_match,20,1,[],success,,1,most
RIMEGEPANT SULFATE,N[C@@H]1c2cccnc2[C@H](OC(=O)N2CCC(n3c(=O)[nH]c4ncccc43)CC2)CC[C@H]1c1cccc(F)c1F.N[C@@H]1c2cccnc2[C@H](OC(=O)N2CCC(n3c(=O)[nH]c4ncccc43)CC2)CC[C@H]1c1cccc(F)c1F.O.O.O.O=S(=O)(O)O,N[C@@H]1c2cccnc2[C@H](OC(=O)N2CCC(n3c(=O)[nH]c4ncccc43)CC2)CC[C@H]1c1cccc(F)c1F,KRNAOFGYEFKHPB-ANJVHQHFSA-N,CHEMBL2364629,exact_pref_name_match,20,6,"['N[C@@H]1c2cccnc2[C@H](OC(=O)N2CCC(n3c(=O)[nH]c4ncccc43)CC2)CC[C@H]1c1cccc(F)c1F', 'O=S(=O)(O)O', 'O', 'O', 'O']",success,,0,no
LEVAMLODIPINE MALEATE,CCOC(=O)C1=C(COCCN)NC(C)=C(C(=O)OC)[C@@H]1c1ccccc1Cl.O=C(O)/C=C\C(=O)O,CCOC(=O)C1=C(COCCN)NC(C)=C(C(=O)OC)[C@@H]1c1ccccc1Cl,HTIQEAQVCYTUBX-KRWDZBQOSA-N,CHEMBL4594288,exact_pref_name_match,20,2,['O=C(O)/C=C\\C(=O)O'],success,,1,most
CODEINE SULFATE,COc1ccc2c3c1O[C@H]1[C@@H](O)C=C[C@H]4[C@@H](C2)N(C)CC[C@@]341.COc1ccc2c3c1O[C@H]1[C@@H](O)C=C[C@H]4[C@@H](C2)N(C)CC[C@@]341.O.O.O.O=S(=O)(O)O,COc1ccc2c3c1O[C@H]1[C@@H](O)C=C[C@H]4[C@@H](C2)N(C)CC[C@@]341,OROGSEYTTFOCAN-DNJOTXNNSA-N,CHEMBL4297091,exact_pref_name_match,20,6,"['COc1ccc2c3c1O[C@H]1[C@@H](O)C=C[C@H]4[C@@H](C2)N(C)CC[C@@]341', 'O=S(=O)(O)O', 'O', 'O', 'O']",success,,1,less
FENOPROFEN CALCIUM,CC(C(=O)[O-])c1cccc(Oc2ccccc2)c1.CC(C(=O)[O-])c1cccc(Oc2ccccc2)c1.O.O.[Ca+2],CC(C(=O)[O-])c1cccc(Oc2ccccc2)c1,RDJGLLICXDHJDY-UHFFFAOYSA-M,CHEMBL2103736,exact_pref_name_match,20,5,"['CC(C(=O)[O-])c1cccc(Oc2ccccc2)c1', 'O', 'O', '[Ca+2]']",success,,1,most
canagliflozin,Cc1ccc([C@@H]2O[C@H](CO)[C@@H](O)[C@H](O)[C@H]2O)cc1Cc1ccc(-c2ccc(F)cc2)s1.O,Cc1ccc([C@@H]2O[C@H](CO)[C@@H](O)[C@H](O)[C@H]2O)cc1Cc1ccc(-c2ccc(F)cc2)s1,XTNGUQKDFGDXSJ-ZXGKGEBGSA-N,CHEMBL4594217,exact_pref_name_match,4,2,['O'],success,,0,no
Glutamine,NC(=O)CC[C@H](N)C(=O)O,NC(=O)CC[C@H](N)C(=O)O,ZDXPYRJPNDTMRX-VKHMYHEASA-N,CHEMBL930,exact_pref_name_match,20,1,[],success,,0,no
LORCASERIN HYDROCHLORIDE ANHYDROUS,C[C@H]1CNCCc2ccc(Cl)cc21.Cl,C[C@H]1CNCCc2ccc(Cl)cc21,XTTZERNUQAFMOF-QMMMGPOBSA-N,CHEMBL2095211,fallback_highest_score,20,2,['Cl'],success,No exact pref_name match; chose highest score (46.0) among 20 candidates,1,most
roflumilast,O=C(Nc1c(Cl)cncc1Cl)c1ccc(OC(F)F)c(OCC2CC2)c1,O=C(Nc1c(Cl)cncc1Cl)c1ccc(OC(F)F)c(OCC2CC2)c1,MNDBXUUTURYVHR-UHFFFAOYSA-N,CHEMBL193240,exact_pref_name_match,2,1,[],success,,1,less
LEMBOREXANT,Cc1ncc(OC[C@@]2(c3cccc(F)c3)C[C@H]2C(=O)Nc2ccc(F)cn2)c(C)n1,Cc1ncc(OC[C@@]2(c3cccc(F)c3)C[C@H]2C(=O)Nc2ccc(F)cn2)c(C)n1,MUGXRYIUWFITCP-PGRDOPGGSA-N,CHEMBL3545367,exact_pref_name_match,1,1,[],success,,0,no
METHSUXIMIDE,CN1C(=O)CC(C)(c2ccccc2)C1=O,CN1C(=O)CC(C)(c2ccccc2)C1=O,AJXPJJZHWIXJCJ-UHFFFAOYSA-N,CHEMBL697,exact_pref_name_match,1,1,[],success,,0,no
LEVOCARNITINE,C[N+](C)(C)C[C@H](O)CC(=O)[O-],C[N+](C)(C)C[C@H](O)CC(=O)[O-],PHIQHXFUZVPYII-ZCFIWIBFSA-N,CHEMBL1149,exact_pref_name_match,5,1,[],success,,0,no
suvorexant,Cc1ccc(-n2nccn2)c(C(=O)N2CCN(c3nc4cc(Cl)ccc4o3)CC[C@H]2C)c1,Cc1ccc(-n2nccn2)c(C(=O)N2CCN(c3nc4cc(Cl)ccc4o3)CC[C@H]2C)c1,JYTNQNCOQXFQPK-MRXNPFEDSA-N,CHEMBL1083659,exact_pref_name_match,1,1,[],success,,1,less
Obeticholic Acid,CC[C@H]1[C@@H](O)[C@@H]2[C@H](CC[C@]3(C)[C@@H]([C@H](C)CCC(=O)O)CC[C@@H]23)[C@@]2(C)CC[C@@H](O)C[C@@H]12,CC[C@H]1[C@@H](O)[C@@H]2[C@H](CC[C@]3(C)[C@@H]([C@H](C)CCC(=O)O)CC[C@@H]23)[C@@]2(C)CC[C@@H](O)C[C@@H]12,ZXERDUOLZKYMJM-ZWECCWDJSA-N,CHEMBL566315,exact_pref_name_match,20,1,[],success,,0,no
CARBINOXAMINE MALEATE,CN(C)CCOC(c1ccc(Cl)cc1)c1ccccn1.O=C(O)/C=C\C(=O)O,CN(C)CCOC(c1ccc(Cl)cc1)c1ccccn1,OJFSXZCBGQGRNV-UHFFFAOYSA-N,CHEMBL1200974,exact_pref_name_match,20,2,['O=C(O)/C=C\\C(=O)O'],success,,1,less
Erythromycin Ethylsuccinate,CCOC(=O)CCC(=O)O[C@H]1[C@H](O[C@@H]2[C@@H](C)[C@H](O[C@H]3C[C@@](C)(OC)[C@@H](O)[C@H](C)O3)[C@@H](C)C(=O)O[C@H](CC)[C@@](C)(O)[C@H](O)[C@@H](C)C(=O)[C@H](C)C[C@@]2(C)O)O[C@H](C)C[C@@H]1N(C)C,CCOC(=O)CCC(=O)O[C@H]1[C@H](O[C@@H]2[C@@H](C)[C@H](O[C@H]3C[C@@](C)(OC)[C@@H](O)[C@H](C)O3)[C@@H](C)C(=O)O[C@H](CC)[C@@](C)(O)[C@H](O)[C@@H](C)C(=O)[C@H](C)C[C@@]2(C)O)O[C@H](C)C[C@@H]1N(C)C,NSYZCCDSJNWWJL-YXOIYICCSA-N,CHEMBL1200688,exact_pref_name_match,20,1,[],success,,1,most
BUPROPION HYDROCHLORIDE,CC(NC(C)(C)C)C(=O)c1cccc(Cl)c1.Cl,CC(NC(C)(C)C)C(=O)c1cccc(Cl)c1,SNPPWIUOZRMYNY-UHFFFAOYSA-N,CHEMBL1698,exact_pref_name_match,20,2,['Cl'],success,,1,less
DESVENLAFAXINE SUCCINATE,CN(C)CC(c1ccc(O)cc1)C1(O)CCCCC1.O=C(O)CCC(=O)O,CN(C)CC(c1ccc(O)cc1)C1(O)CCCCC1,KYYIDSXMWOZKMP-UHFFFAOYSA-N,CHEMBL1201728,exact_pref_name_match,20,2,['O=C(O)CCC(=O)O'],success,,1,less
TETRABENAZINE,COc1cc2c(cc1OC)C1CC(=O)C(CC(C)C)CN1CC2,COc1cc2c(cc1OC)C1CC(=O)C(CC(C)C)CN1CC2,MKJIEFSOBYUXJB-UHFFFAOYSA-N,CHEMBL117785,exact_pref_name_match,3,1,[],success,,1,most
NALTREXONE HYDROCHLORIDE,Cl.O=C1CC[C@@]2(O)[C@H]3Cc4ccc(O)c5c4[C@@]2(CCN3CC2CC2)[C@H]1O5,O=C1CC[C@@]2(O)[C@H]3Cc4ccc(O)c5c4[C@@]2(CCN3CC2CC2)[C@H]1O5,DQCKKXVULJGBQN-XFWGSAIBSA-N,CHEMBL1201149,exact_pref_name_match,20,2,['Cl'],success,,1,less
CEFUROXIME AXETIL,CO/N=C(\C(=O)N[C@@H]1C(=O)N2C(C(=O)OC(C)OC(C)=O)=C(COC(N)=O)CS[C@H]12)c1ccco1,CO/N=C(\C(=O)N[C@@H]1C(=O)N2C(C(=O)OC(C)OC(C)=O)=C(COC(N)=O)CS[C@H]12)c1ccco1,KEJCWVGMRLCZQQ-YJBYXUATSA-N,CHEMBL1095930,exact_pref_name_match,5,1,[],success,,1,less
PYRIMETHAMINE,CCc1nc(N)nc(N)c1-c1ccc(Cl)cc1,CCc1nc(N)nc(N)c1-c1ccc(Cl)cc1,WKSAUQYGYAYLPV-UHFFFAOYSA-N,CHEMBL36,exact_pref_name_match,5,1,[],success,,1,less
ALPRAZOLAM,Cc1nnc2n1-c1ccc(Cl)cc1C(c1ccccc1)=NC2,Cc1nnc2n1-c1ccc(Cl)cc1C(c1ccccc1)=NC2,VREFGVBLTWBCJP-UHFFFAOYSA-N,CHEMBL661,exact_pref_name_match,2,1,[],success,,1,less
ATORVASTATIN CALCIUM PROPYLENE GLYCOL SOLVATE,CC(C)c1c(C(=O)Nc2ccccc2)c(-c2ccccc2)c(-c2ccc(F)cc2)n1CC[C@@H](O)C[C@@H](O)CC(=O)[O-].CC(C)c1c(C(=O)Nc2ccccc2)c(-c2ccccc2)c(-c2ccc(F)cc2)n1CC[C@@H](O)C[C@@H](O)CC(=O)[O-].[Ca+2],CC(C)c1c(C(=O)Nc2ccccc2)c(-c2ccccc2)c(-c2ccc(F)cc2)n1CC[C@@H](O)C[C@@H](O)CC(=O)[O-],XUKUURHRXDUEBC-KAYWLYCHSA-M,CHEMBL393220,fallback_highest_score,20,3,"['CC(C)c1c(C(=O)Nc2ccccc2)c(-c2ccccc2)c(-c2ccc(F)cc2)n1CC[C@@H](O)C[C@@H](O)CC(=O)[O-]', '[Ca+2]']",success,No exact pref_name match; chose highest score (62.0) among 20 candidates,0,no
ISRADIPINE,COC(=O)C1=C(C)NC(C)=C(C(=O)OC(C)C)C1c1cccc2nonc12,COC(=O)C1=C(C)NC(C)=C(C(=O)OC(C)C)C1c1cccc2nonc12,HMJIYCCIJYRONP-UHFFFAOYSA-N,CHEMBL1648,exact_pref_name_match,3,1,[],success,,1,less
ATOVAQUONE,O=C1C(O)=C([C@H]2CC[C@H](c3ccc(Cl)cc3)CC2)C(=O)c2ccccc21,O=C1C(O)=C([C@H]2CC[C@H](c3ccc(Cl)cc3)CC2)C(=O)c2ccccc21,KUCQYCKVKVOKAY-CTYIDZIISA-N,CHEMBL1450,exact_pref_name_match,2,1,[],success,,0,no
CALCIUM ACETATE,CC(=O)[O-].CC(=O)[O-].[Ca+2],CC(=O)[O-],QTBSBXVTEAMEQO-UHFFFAOYSA-M,CHEMBL1200800,exact_pref_name_match,20,3,"['CC(=O)[O-]', '[Ca+2]']",success,,0,no
INDOMETHACIN,COc1ccc2c(c1)c(CC(=O)O)c(C)n2C(=O)c1ccc(Cl)cc1,COc1ccc2c(c1)c(CC(=O)O)c(C)n2C(=O)c1ccc(Cl)cc1,CGIGDMFJXJATDK-UHFFFAOYSA-N,CHEMBL6,exact_pref_name_match,20,1,[],success,,1,most
SUCRALFATE,,,,CHEMBL6067980,exact_pref_name_match,3,0,[],no_structure, | No canonical_smiles in ChEMBL response,0,no
BOSENTAN ANHYDROUS,COc1ccccc1Oc1c(NS(=O)(=O)c2ccc(C(C)(C)C)cc2)nc(-c2ncccn2)nc1OCCO,COc1ccccc1Oc1c(NS(=O)(=O)c2ccc(C(C)(C)C)cc2)nc(-c2ncccn2)nc1OCCO,GJPICJJJRGTNOD-UHFFFAOYSA-N,CHEMBL957,fallback_highest_score,20,1,[],success,No exact pref_name match; chose highest score (36.0) among 20 candidates,1,less
COLESTIPOL HYDROCHLORIDE,,,,CHEMBL1201474,exact_pref_name_match,20,0,[],no_structure, | No canonical_smiles in ChEMBL response,1,less
FELBAMATE,NC(=O)OCC(COC(N)=O)c1ccccc1,NC(=O)OCC(COC(N)=O)c1ccccc1,WKGXYQFOCVYPAC-UHFFFAOYSA-N,CHEMBL1094,exact_pref_name_match,2,1,[],success,,1,less
HYDROXYUREA,NC(=O)NO,NC(=O)NO,VSNHCAURESNICA-UHFFFAOYSA-N,CHEMBL467,exact_pref_name_match,20,1,[],success,,0,no
LOXAPINE SUCCINATE,CN1CCN(C2=Nc3ccccc3Oc3ccc(Cl)cc32)CC1.O=C(O)CCC(=O)O,CN1CCN(C2=Nc3ccccc3Oc3ccc(Cl)cc32)CC1,XJGVXQDUIWGIRW-UHFFFAOYSA-N,CHEMBL1201155,exact_pref_name_match,20,2,['O=C(O)CCC(=O)O'],success,,1,less
PIOGLITAZONE,CCc1ccc(CCOc2ccc(CC3SC(=O)NC3=O)cc2)nc1,CCc1ccc(CCOc2ccc(CC3SC(=O)NC3=O)cc2)nc1,HYAFETHFCAUJAY-UHFFFAOYSA-N,CHEMBL595,exact_pref_name_match,2,1,[],success,,1,most
ACYCLOVIR,Nc1nc2c(ncn2COCCO)c(=O)[nH]1,Nc1nc2c(ncn2COCCO)c(=O)[nH]1,MKUXAQIIEYXACX-UHFFFAOYSA-N,CHEMBL184,exact_pref_name_match,20,1,[],success,,0,no
MORPHINE SULFATE,CN1CC[C@]23c4c5ccc(O)c4O[C@H]2[C@@H](O)C=C[C@H]3[C@H]1C5.CN1CC[C@]23c4c5ccc(O)c4O[C@H]2[C@@H](O)C=C[C@H]3[C@H]1C5.O.O.O.O.O.O=S(=O)(O)O,CN1CC[C@]23c4c5ccc(O)c4O[C@H]2[C@@H](O)C=C[C@H]3[C@H]1C5,BQJCRHHNABKAKU-KBQPJGBKSA-N,CHEMBL2103744,exact_pref_name_match,20,8,"['CN1CC[C@]23c4c5ccc(O)c4O[C@H]2[C@@H](O)C=C[C@H]3[C@H]1C5', 'O=S(=O)(O)O', 'O', 'O', 'O', 'O', 'O']",success,,1,less
PAROXETINE HYDROCHLORIDE HEMIHYDRATE,Cl.Fc1ccc([C@@H]2CCNC[C@H]2COc2ccc3c(c2)OCO3)cc1.O,Fc1ccc([C@@H]2CCNC[C@H]2COc2ccc3c(c2)OCO3)cc1,AHOUBRCZNHFOSL-YOEHRIQHSA-N,CHEMBL1256912,exact_pref_name_match,20,3,"['Cl', 'O']",success,,1,less
PRAZOSIN HYDROCHLORIDE,COc1cc2nc(N3CCN(C(=O)c4ccco4)CC3)nc(N)c2cc1OC.Cl,COc1cc2nc(N3CCN(C(=O)c4ccco4)CC3)nc(N)c2cc1OC,IENZQIKPVFGBNW-UHFFFAOYSA-N,CHEMBL1558,exact_pref_name_match,20,2,['Cl'],success,,1,less
ZOLPIDEM TARTRATE,Cc1ccc(-c2nc3ccc(C)cn3c2CC(=O)N(C)C)cc1.Cc1ccc(-c2nc3ccc(C)cn3c2CC(=O)N(C)C)cc1.O=C(O)C(O)C(O)C(=O)O,Cc1ccc(-c2nc3ccc(C)cn3c2CC(=O)N(C)C)cc1,ZAFYATHCZYHLPB-UHFFFAOYSA-N,CHEMBL3989820,exact_pref_name_match,20,3,"['Cc1ccc(-c2nc3ccc(C)cn3c2CC(=O)N(C)C)cc1', 'O=C(O)C(O)C(O)C(=O)O']",success,,1,less
MYCOPHENOLATE SODIUM,COc1c(C)c2c(c(O)c1C/C=C(\C)CCC(=O)[O-])C(=O)OC2.[Na+],COc1c(C)c2c(c(O)c1C/C=C(\C)CCC(=O)[O-])C(=O)OC2,HPNSFSBZBAHARI-RUDMXATFSA-M,CHEMBL2106643,exact_pref_name_match,20,2,['[Na+]'],success,,1,less
TRIAMTERENE,Nc1nc(N)c2nc(-c3ccccc3)c(N)nc2n1,Nc1nc(N)c2nc(-c3ccccc3)c(N)nc2n1,FNYLWPVRPXGIIP-UHFFFAOYSA-N,CHEMBL585,exact_pref_name_match,1,1,[],success,,0,no
RIZATRIPTAN BENZOATE,CN(C)CCc1c[nH]c2ccc(Cn3cncn3)cc12.O=C(O)c1ccccc1,CN(C)CCc1c[nH]c2ccc(Cn3cncn3)cc12,ULFRLSNUDGIQQP-UHFFFAOYSA-N,CHEMBL1201032,exact_pref_name_match,20,2,['O=C(O)c1ccccc1'],success,,1,most
TACROLIMUS,C=CC[C@@H]1/C=C(\C)C[C@H](C)C[C@H](OC)[C@H]2O[C@@](O)(C(=O)C(=O)N3CCCC[C@H]3C(=O)O[C@H](/C(C)=C/[C@@H]3CC[C@@H](O)[C@H](OC)C3)[C@H](C)[C@@H](O)CC1=O)[C@H](C)C[C@@H]2OC.O,C=CC[C@@H]1/C=C(\C)C[C@H](C)C[C@H](OC)[C@H]2O[C@@](O)(C(=O)C(=O)N3CCCC[C@H]3C(=O)O[C@H](/C(C)=C/[C@@H]3CC[C@@H](O)[C@H](OC)C3)[C@H](C)[C@@H](O)CC1=O)[C@H](C)C[C@@H]2OC,QJJXYPPXXYFBGM-LFZNUXCKSA-N,CHEMBL3989887,exact_pref_name_match,10,2,['O'],success,,1,most
IBUPROFEN,CC(C)Cc1ccc(C(C)C(=O)O)cc1,CC(C)Cc1ccc(C(C)C(=O)O)cc1,HEFNNWSXXWATRW-UHFFFAOYSA-N,CHEMBL521,exact_pref_name_match,20,1,[],success,,1,most
RUFINAMIDE,NC(=O)c1cn(Cc2c(F)cccc2F)nn1,NC(=O)c1cn(Cc2c(F)cccc2F)nn1,POGQSBRIGCQNEG-UHFFFAOYSA-N,CHEMBL1201754,exact_pref_name_match,2,1,[],success,,1,less
CIMETIDINE HYDROCHLORIDE,CN/C(=N\CCSCc1nc[nH]c1C)NC#N.Cl,CN/C(=N\CCSCc1nc[nH]c1C)NC#N,AQIXAKUUQRKLND-UHFFFAOYSA-N,CHEMBL1201051,exact_pref_name_match,20,2,['Cl'],success,,1,less
CLONIDINE HYDROCHLORIDE,Cl.Clc1cccc(Cl)c1NC1=NCCN1,Clc1cccc(Cl)c1NC1=NCCN1,GJSURZIOUXUGAL-UHFFFAOYSA-N,CHEMBL1705,exact_pref_name_match,20,2,['Cl'],success,,1,less
METHAZOLAMIDE,CC(=O)/N=c1/sc(S(N)(=O)=O)nn1C,CC(=O)/N=c1/sc(S(N)(=O)=O)nn1C,FLOSMHQXBMRNHR-QPJJXVBHSA-N,CHEMBL19,exact_pref_name_match,1,1,[],success,,0,no
METOPROLOL TARTRATE,COCCc1ccc(OCC(O)CNC(C)C)cc1.COCCc1ccc(OCC(O)CNC(C)C)cc1.O=C(O)C(O)C(O)C(=O)O,COCCc1ccc(OCC(O)CNC(C)C)cc1,IUBSYMUCCVWXPE-UHFFFAOYSA-N,CHEMBL2062335,exact_pref_name_match,20,3,"['COCCc1ccc(OCC(O)CNC(C)C)cc1', 'O=C(O)C(O)C(O)C(=O)O']",success,,1,most
SIROLIMUS,CO[C@H]1C[C@@H]2CC[C@@H](C)[C@@](O)(O2)C(=O)C(=O)N2CCCC[C@H]2C(=O)O[C@H]([C@H](C)C[C@@H]2CC[C@@H](O)[C@H](OC)C2)CC(=O)[C@H](C)/C=C(\C)[C@@H](O)[C@@H](OC)C(=O)[C@H](C)C[C@H](C)/C=C/C=C/C=C/1C,CO[C@H]1C[C@@H]2CC[C@@H](C)[C@@](O)(O2)C(=O)C(=O)N2CCCC[C@H]2C(=O)O[C@H]([C@H](C)C[C@@H]2CC[C@@H](O)[C@H](OC)C2)CC(=O)[C@H](C)/C=C(\C)[C@@H](O)[C@@H](OC)C(=O)[C@H](C)C[C@H](C)/C=C/C=C/C=C/1C,QFJCIRLUMZQUOT-HPLJOQBZSA-N,CHEMBL413,exact_pref_name_match,12,1,[],success,,1,less
TORSEMIDE,Cc1cccc(Nc2ccncc2S(=O)(=O)NC(=O)NC(C)C)c1,Cc1cccc(Nc2ccncc2S(=O)(=O)NC(=O)NC(C)C)c1,NGBFQHCMQULJNZ-UHFFFAOYSA-N,CHEMBL1148,exact_pref_name_match,1,1,[],success,,1,less
OXCARBAZEPINE,NC(=O)N1c2ccccc2CC(=O)c2ccccc21,NC(=O)N1c2ccccc2CC(=O)c2ccccc21,CTRLABGOLIVAIY-UHFFFAOYSA-N,CHEMBL1068,exact_pref_name_match,1,1,[],success,,1,less
CLINDAMYCIN PALMITATE HYDROCHLORIDE,CCCCCCCCCCCCCCCC(=O)O[C@@H]1[C@@H](O)[C@@H](O)[C@@H]([C@H](NC(=O)[C@@H]2C[C@@H](CCC)CN2C)[C@H](C)Cl)O[C@@H]1SC.Cl,CCCCCCCCCCCCCCCC(=O)O[C@@H]1[C@@H](O)[C@@H](O)[C@@H]([C@H](NC(=O)[C@@H]2C[C@@H](CCC)CN2C)[C@H](C)Cl)O[C@@H]1SC,OYSKUZDIHNKWLV-PRUAPSLNSA-N,CHEMBL1200632,exact_pref_name_match,20,2,['Cl'],success,,0,no
MELOXICAM,Cc1cnc(NC(=O)C2=C(O)c3ccccc3S(=O)(=O)N2C)s1,Cc1cnc(NC(=O)C2=C(O)c3ccccc3S(=O)(=O)N2C)s1,ZRVUJXDFFKFLMG-UHFFFAOYSA-N,CHEMBL599,exact_pref_name_match,4,1,[],success,,1,most
METHYLTESTOSTERONE,C[C@]12CCC(=O)C=C1CC[C@@H]1[C@@H]2CC[C@@]2(C)[C@H]1CC[C@]2(C)O,C[C@]12CCC(=O)C=C1CC[C@@H]1[C@@H]2CC[C@@]2(C)[C@H]1CC[C@]2(C)O,GCKMFJBGXUYNAG-HLXURNFRSA-N,CHEMBL1395,exact_pref_name_match,4,1,[],success,,1,less
GLYCOPYRROLATE,C[N+]1(C)CCC(OC(=O)C(O)(c2ccccc2)C2CCCC2)C1,C[N+]1(C)CCC(OC(=O)C(O)(c2ccccc2)C2CCCC2)C1,ANGKOCUUWGHLCE-UHFFFAOYSA-N,CHEMBL1201335,fallback_highest_score,3,1,[],success,No exact pref_name match; chose highest score (40.0) among 3 candidates,1,less
DEFERASIROX,O=C(O)c1ccc(-n2nc(-c3ccccc3O)nc2-c2ccccc2O)cc1,O=C(O)c1ccc(-n2nc(-c3ccccc3O)nc2-c2ccccc2O)cc1,BOFQWVMAQOTZIW-UHFFFAOYSA-N,CHEMBL550348,exact_pref_name_match,1,1,[],success,,0,no
ISONIAZID,NNC(=O)c1ccncc1,NNC(=O)c1ccncc1,QRXWMOHMRWLFEY-UHFFFAOYSA-N,CHEMBL64,exact_pref_name_match,20,1,[],success,,0,no
FLUDROCORTISONE ACETATE,CC(=O)OCC(=O)[C@@]1(O)CC[C@H]2[C@@H]3CCC4=CC(=O)CC[C@]4(C)[C@@]3(F)[C@@H](O)C[C@@]21C,CC(=O)OCC(=O)[C@@]1(O)CC[C@H]2[C@@H]3CCC4=CC(=O)CC[C@]4(C)[C@@]3(F)[C@@H](O)C[C@@]21C,SYWHXTATXSMDSB-GSLJADNHSA-N,CHEMBL1201010,exact_pref_name_match,20,1,[],success,,1,less
VERAPAMIL HYDROCHLORIDE,COc1ccc(CCN(C)CCCC(C#N)(c2ccc(OC)c(OC)c2)C(C)C)cc1OC.Cl,COc1ccc(CCN(C)CCCC(C#N)(c2ccc(OC)c(OC)c2)C(C)C)cc1OC,SGTNSNPWRIOYBX-UHFFFAOYSA-N,CHEMBL1280,exact_pref_name_match,20,2,['Cl'],success,,1,most
ZILEUTON,CC(c1cc2ccccc2s1)N(O)C(N)=O,CC(c1cc2ccccc2s1)N(O)C(N)=O,MWLSOWXNZPKENC-UHFFFAOYSA-N,CHEMBL93,exact_pref_name_match,3,1,[],success,,0,no
PROPANTHELINE BROMIDE,CC(C)[N+](C)(CCOC(=O)C1c2ccccc2Oc2ccccc21)C(C)C.[Br-],CC(C)[N+](C)(CCOC(=O)C1c2ccccc2Oc2ccccc21)C(C)C,VVWYOYDLCMFIEM-UHFFFAOYSA-N,CHEMBL1240,exact_pref_name_match,20,2,['[Br-]'],success,,1,less
SERTRALINE HYDROCHLORIDE,CN[C@H]1CC[C@@H](c2ccc(Cl)c(Cl)c2)c2ccccc21.Cl,CN[C@H]1CC[C@@H](c2ccc(Cl)c(Cl)c2)c2ccccc21,VGKDLMBJGBXTGI-SJCJKPOMSA-N,CHEMBL1709,exact_pref_name_match,20,2,['Cl'],success,,1,most
BISOPROLOL FUMARATE,CC(C)NCC(O)COc1ccc(COCCOC(C)C)cc1.CC(C)NCC(O)COc1ccc(COCCOC(C)C)cc1.O=C(O)/C=C/C(=O)O,CC(C)NCC(O)COc1ccc(COCCOC(C)C)cc1,VHYCDWMUTMEGQY-UHFFFAOYSA-N,CHEMBL1472989,exact_pref_name_match,20,3,"['CC(C)NCC(O)COc1ccc(COCCOC(C)C)cc1', 'O=C(O)/C=C/C(=O)O']",success,,1,most
VARDENAFIL,CCCc1nc(C)c2c(=O)nc(-c3cc(S(=O)(=O)N4CCN(CC)CC4)ccc3OCC)[nH]n12,CCCc1nc(C)c2c(=O)nc(-c3cc(S(=O)(=O)N4CCN(CC)CC4)ccc3OCC)[nH]n12,SECKRCOLJRRGGV-UHFFFAOYSA-N,CHEMBL1520,exact_pref_name_match,7,1,[],success,,1,most
AMINOCAPROIC ACID,NCCCCCC(=O)O,NCCCCCC(=O)O,SLXKOJJOQWFEFD-UHFFFAOYSA-N,CHEMBL1046,exact_pref_name_match,20,1,[],success,,1,less
TELMISARTAN,CCCc1nc2c(C)cc(-c3nc4ccccc4n3C)cc2n1Cc1ccc(-c2ccccc2C(=O)O)cc1,CCCc1nc2c(C)cc(-c3nc4ccccc4n3C)cc2n1Cc1ccc(-c2ccccc2C(=O)O)cc1,RMMXLENWKUUMAY-UHFFFAOYSA-N,CHEMBL1017,exact_pref_name_match,3,1,[],success,,1,less
LAMOTRIGINE,Nc1nnc(-c2cccc(Cl)c2Cl)c(N)n1,Nc1nnc(-c2cccc(Cl)c2Cl)c(N)n1,PYZRQGJRPPTADH-UHFFFAOYSA-N,CHEMBL741,exact_pref_name_match,17,1,[],success,,1,less
FENOFIBRATE,CC(C)OC(=O)C(C)(C)Oc1ccc(C(=O)c2ccc(Cl)cc2)cc1,CC(C)OC(=O)C(C)(C)Oc1ccc(C(=O)c2ccc(Cl)cc2)cc1,YMTINGFKWWXKFG-UHFFFAOYSA-N,CHEMBL672,exact_pref_name_match,6,1,[],success,,0,no
MONTELUKAST SODIUM,CC(C)(O)c1ccccc1CC[C@@H](SCC1(CC(=O)[O-])CC1)c1cccc(/C=C/c2ccc3ccc(Cl)cc3n2)c1.[Na+],CC(C)(O)c1ccccc1CC[C@@H](SCC1(CC(=O)[O-])CC1)c1cccc(/C=C/c2ccc3ccc(Cl)cc3n2)c1,UCHDWCPVSPXUMX-TZIWLTJVSA-M,CHEMBL1200681,exact_pref_name_match,20,2,['[Na+]'],success,,1,less
METOLAZONE,Cc1ccccc1N1C(=O)c2cc(S(N)(=O)=O)c(Cl)cc2NC1C,Cc1ccccc1N1C(=O)c2cc(S(N)(=O)=O)c(Cl)cc2NC1C,AQCHWTWZEMGIFD-UHFFFAOYSA-N,CHEMBL878,exact_pref_name_match,1,1,[],success,,1,less
DISULFIRAM,CCN(CC)C(=S)SSC(=S)N(CC)CC,CCN(CC)C(=S)SSC(=S)N(CC)CC,AUZONCFQVSMFAP-UHFFFAOYSA-N,CHEMBL964,exact_pref_name_match,2,1,[],success,,0,no
MEGESTROL ACETATE,CC(=O)O[C@]1(C(C)=O)CC[C@H]2[C@@H]3C=C(C)C4=CC(=O)CC[C@]4(C)[C@H]3CC[C@@]21C,CC(=O)O[C@]1(C(C)=O)CC[C@H]2[C@@H]3C=C(C)C4=CC(=O)CC[C@]4(C)[C@H]3CC[C@@]21C,RQZAXGRLVPAYTJ-GQFGMJRRSA-N,CHEMBL1201139,exact_pref_name_match,20,1,[],success,,1,less
METOPROLOL SUCCINATE,COCCc1ccc(OCC(O)CNC(C)C)cc1.COCCc1ccc(OCC(O)CNC(C)C)cc1.O=C(O)CCC(=O)O,COCCc1ccc(OCC(O)CNC(C)C)cc1,IUBSYMUCCVWXPE-UHFFFAOYSA-N,CHEMBL2356097,exact_pref_name_match,20,3,"['COCCc1ccc(OCC(O)CNC(C)C)cc1', 'O=C(O)CCC(=O)O']",success,,1,most
ACARBOSE,C[C@H]1O[C@H](O[C@H]2[C@H](O)[C@@H](O)[C@@H](O[C@H]3[C@H](O)[C@@H](O)C(O)O[C@@H]3CO)O[C@@H]2CO)[C@H](O)[C@@H](O)[C@@H]1N[C@H]1C=C(CO)[C@@H](O)[C@H](O)[C@H]1O,C[C@H]1O[C@H](O[C@H]2[C@H](O)[C@@H](O)[C@@H](O[C@H]3[C@H](O)[C@@H](O)C(O)O[C@@H]3CO)O[C@@H]2CO)[C@H](O)[C@@H](O)[C@@H]1N[C@H]1C=C(CO)[C@@H](O)[C@H](O)[C@H]1O,XUFXOAAUWZOOIT-UGEKTDRHSA-N,CHEMBL404271,exact_pref_name_match,4,1,[],success,,0,no
CLINDAMYCIN HYDROCHLORIDE,CCC[C@@H]1C[C@@H](C(=O)N[C@@H]([C@H]2O[C@H](SC)[C@H](O)[C@@H](O)[C@H]2O)[C@H](C)Cl)N(C)C1.Cl,CCC[C@@H]1C[C@@H](C(=O)N[C@@H]([C@H]2O[C@H](SC)[C@H](O)[C@@H](O)[C@H]2O)[C@H](C)Cl)N(C)C1,KDLRVYVGXIQJDK-AWPVFWJPSA-N,CHEMBL1200588,exact_pref_name_match,20,2,['Cl'],success,,0,no
NORETHINDRONE,C#C[C@]1(O)CC[C@H]2[C@@H]3CCC4=CC(=O)CC[C@@H]4[C@H]3CC[C@@]21C,C#C[C@]1(O)CC[C@H]2[C@@H]3CCC4=CC(=O)CC[C@@H]4[C@H]3CC[C@@]21C,VIKNJXKGJWUCNN-XGXHKTLJSA-N,CHEMBL1162,exact_pref_name_match,7,1,[],success,,0,no
ESTROPIPATE,C1CNCCN1.C[C@]12CC[C@@H]3c4ccc(OS(=O)(=O)O)cc4CC[C@H]3[C@@H]1CCC2=O,C[C@]12CC[C@@H]3c4ccc(OS(=O)(=O)O)cc4CC[C@H]3[C@@H]1CCC2=O,JKKFKPJIXZFSSB-CBZIJGRNSA-N,CHEMBL1200980,exact_pref_name_match,2,2,['C1CNCCN1'],success,,1,most
LEVOCETIRIZINE DIHYDROCHLORIDE,Cl.Cl.O=C(O)COCCN1CCN([C@H](c2ccccc2)c2ccc(Cl)cc2)CC1,O=C(O)COCCN1CCN([C@H](c2ccccc2)c2ccc(Cl)cc2)CC1,ZKLPARSLTMPFCP-OAQYLSRUSA-N,CHEMBL1201190,exact_pref_name_match,20,3,"['Cl', 'Cl']",success,,1,less
COLCHICINE,COc1cc2c(c(OC)c1OC)-c1ccc(OC)c(=O)cc1[C@@H](NC(C)=O)CC2,COc1cc2c(c(OC)c1OC)-c1ccc(OC)c(=O)cc1[C@@H](NC(C)=O)CC2,IAKHMKGGTNLKSZ-INIZCTEOSA-N,CHEMBL107,exact_pref_name_match,15,1,[],success,,0,no
PENTOXIFYLLINE,CC(=O)CCCCn1c(=O)c2c(ncn2C)n(C)c1=O,CC(=O)CCCCn1c(=O)c2c(ncn2C)n(C)c1=O,BYPFEZZEUUWMEJ-UHFFFAOYSA-N,CHEMBL628,exact_pref_name_match,1,1,[],success,,1,less
ZALEPLON,CCN(C(C)=O)c1cccc(-c2ccnc3c(C#N)cnn23)c1,CCN(C(C)=O)c1cccc(-c2ccnc3c(C#N)cnn23)c1,HUNXMJYCHXQEGX-UHFFFAOYSA-N,CHEMBL1521,exact_pref_name_match,2,1,[],success,,1,less
METHSCOPOLAMINE BROMIDE,C[N+]1(C)[C@@H]2C[C@@H](OC(=O)[C@H](CO)c3ccccc3)C[C@H]1[C@@H]1O[C@@H]12.[Br-],C[N+]1(C)[C@@H]2C[C@@H](OC(=O)[C@H](CO)c3ccccc3)C[C@H]1[C@@H]1O[C@@H]12,LZCOQTDXKCNBEE-IKIFYQGPSA-N,CHEMBL1354199,exact_pref_name_match,20,2,['[Br-]'],success,,1,less
KETOCONAZOLE,CC(=O)N1CCN(c2ccc(OCC3COC(Cn4ccnc4)(c4ccc(Cl)cc4Cl)O3)cc2)CC1,CC(=O)N1CCN(c2ccc(OCC3COC(Cn4ccnc4)(c4ccc(Cl)cc4Cl)O3)cc2)CC1,XMAYWYJOQHXEEK-UHFFFAOYSA-N,CHEMBL157101,exact_pref_name_match,4,1,[],success,,1,most
CANDESARTAN CILEXETIL,CCOc1nc2cccc(C(=O)OC(C)OC(=O)OC3CCCCC3)c2n1Cc1ccc(-c2ccccc2-c2nn[nH]n2)cc1,CCOc1nc2cccc(C(=O)OC(C)OC(=O)OC3CCCCC3)c2n1Cc1ccc(-c2ccccc2-c2nn[nH]n2)cc1,GHOSNRCGJFBJIB-UHFFFAOYSA-N,CHEMBL1014,exact_pref_name_match,4,1,[],success,,1,less
ESOMEPRAZOLE MAGNESIUM,COc1ccc2[nH]c([S@@+]([O-])Cc3ncc(C)c(OC)c3C)nc2c1.COc1ccc2[nH]c([S@@+]([O-])Cc3ncc(C)c(OC)c3C)nc2c1.O.O.O.[Mg+2],COc1ccc2[nH]c([S@@+]([O-])Cc3ncc(C)c(OC)c3C)nc2c1,SUBDBMMJDZJVOS-DEOSSOPVSA-N,CHEMBL5314366,exact_pref_name_match,20,6,"['COc1ccc2[nH]c([S@@+]([O-])Cc3ncc(C)c(OC)c3C)nc2c1', 'O', 'O', 'O', '[Mg+2]']",success,,1,less
QUINIDINE GLUCONATE,C=C[C@H]1CN2CC[C@H]1C[C@@H]2[C@@H](O)c1ccnc2ccc(OC)cc12.O=C(O)[C@H](O)[C@@H](O)[C@H](O)[C@H](O)CO,C=C[C@H]1CN2CC[C@H]1C[C@@H]2[C@@H](O)c1ccnc2ccc(OC)cc12,LOUPRKONTZGTKE-LHHVKLHASA-N,CHEMBL1200437,exact_pref_name_match,20,2,['O=C(O)[C@H](O)[C@@H](O)[C@H](O)[C@H](O)CO'],success,,1,less
AMOXAPINE,Clc1ccc2c(c1)C(N1CCNCC1)=Nc1ccccc1O2,Clc1ccc2c(c1)C(N1CCNCC1)=Nc1ccccc1O2,QWGDMFLQWFTERH-UHFFFAOYSA-N,CHEMBL1113,exact_pref_name_match,1,1,[],success,,1,less
PROMETHAZINE HYDROCHLORIDE,CC(CN1c2ccccc2Sc2ccccc21)N(C)C.Cl,CC(CN1c2ccccc2Sc2ccccc21)N(C)C,PWWVAXIEGOYWEE-UHFFFAOYSA-N,CHEMBL1200750,exact_pref_name_match,20,2,['Cl'],success,,1,less
LABETALOL,CC(CCc1ccccc1)NCC(O)c1ccc(O)c(C(N)=O)c1,CC(CCc1ccccc1)NCC(O)c1ccc(O)c(C(N)=O)c1,SGUAFYQXFOLMHL-UHFFFAOYSA-N,CHEMBL429,exact_pref_name_match,4,1,[],success,,1,most
DOFETILIDE,CN(CCOc1ccc(NS(C)(=O)=O)cc1)CCc1ccc(NS(C)(=O)=O)cc1,CN(CCOc1ccc(NS(C)(=O)=O)cc1)CCc1ccc(NS(C)(=O)=O)cc1,IXTMWRCNAAVVAI-UHFFFAOYSA-N,CHEMBL473,exact_pref_name_match,1,1,[],success,,1,most
FAMCICLOVIR,CC(=O)OCC(CCn1cnc2cnc(N)nc21)COC(C)=O,CC(=O)OCC(CCn1cnc2cnc(N)nc21)COC(C)=O,GGXKWVWZWMLJEH-UHFFFAOYSA-N,CHEMBL880,exact_pref_name_match,1,1,[],success,,1,less
Albuterol,CC(C)(C)NCC(O)c1ccc(O)c(CO)c1,CC(C)(C)NCC(O)c1ccc(O)c(CO)c1,NDAUXUAQIAJITI-UHFFFAOYSA-N,CHEMBL714,exact_pref_name_match,9,1,[],success,,1,most
GEMFIBROZIL,Cc1ccc(C)c(OCCCC(C)(C)C(=O)O)c1,Cc1ccc(C)c(OCCCC(C)(C)C(=O)O)c1,HEMJJKBWTPKOJG-UHFFFAOYSA-N,CHEMBL457,exact_pref_name_match,2,1,[],success,,1,less
MELPHALAN,N[C@@H](Cc1ccc(N(CCCl)CCCl)cc1)C(=O)O,N[C@@H](Cc1ccc(N(CCCl)CCCl)cc1)C(=O)O,SGDBTWWWUNNDEQ-LBPRGKRZSA-N,CHEMBL852,exact_pref_name_match,7,1,[],success,,1,less
DIAZEPAM,CN1C(=O)CN=C(c2ccccc2)c2cc(Cl)ccc21,CN1C(=O)CN=C(c2ccccc2)c2cc(Cl)ccc21,AAOVKJBEBIDNHE-UHFFFAOYSA-N,CHEMBL12,exact_pref_name_match,20,1,[],success,,1,less
BOSENTAN,COc1ccccc1Oc1c(NS(=O)(=O)c2ccc(C(C)(C)C)cc2)nc(-c2ncccn2)nc1OCCO,COc1ccccc1Oc1c(NS(=O)(=O)c2ccc(C(C)(C)C)cc2)nc(-c2ncccn2)nc1OCCO,GJPICJJJRGTNOD-UHFFFAOYSA-N,CHEMBL957,exact_pref_name_match,3,1,[],success,,1,less
MOEXIPRIL HYDROCHLORIDE,CCOC(=O)[C@H](CCc1ccccc1)N[C@@H](C)C(=O)N1Cc2cc(OC)c(OC)cc2C[C@H]1C(=O)O.Cl,CCOC(=O)[C@H](CCc1ccccc1)N[C@@H](C)C(=O)N1Cc2cc(OC)c(OC)cc2C[C@H]1C(=O)O,UWWDHYUMIORJTA-HSQYWUDLSA-N,CHEMBL1200534,exact_pref_name_match,20,2,['Cl'],success,,1,less
CHLORTHALIDONE,NS(=O)(=O)c1cc(C2(O)NC(=O)c3ccccc32)ccc1Cl,NS(=O)(=O)c1cc(C2(O)NC(=O)c3ccccc32)ccc1Cl,JIVPVXMEBJLZRO-UHFFFAOYSA-N,CHEMBL1055,exact_pref_name_match,3,1,[],success,,1,less
FLUVASTATIN SODIUM,CC(C)n1c(/C=C/C(O)CC(O)CC(=O)[O-])c(-c2ccc(F)cc2)c2ccccc21.[Na+],CC(C)n1c(/C=C/C(O)CC(O)CC(=O)[O-])c(-c2ccc(F)cc2)c2ccccc21,FJLGEFLZQAZZCD-VAWYXSNFSA-M,CHEMBL2218894,exact_pref_name_match,20,2,['[Na+]'],success,,1,less
PROBENECID,CCCN(CCC)S(=O)(=O)c1ccc(C(=O)O)cc1,CCCN(CCC)S(=O)(=O)c1ccc(C(=O)O)cc1,DBABZHXKTCFAPX-UHFFFAOYSA-N,CHEMBL897,exact_pref_name_match,2,1,[],success,,0,no
GUANFACINE HYDROCHLORIDE,Cl.N=C(N)NC(=O)Cc1c(Cl)cccc1Cl,N=C(N)NC(=O)Cc1c(Cl)cccc1Cl,INJOMKTZOLKMBF-UHFFFAOYSA-N,CHEMBL1200494,exact_pref_name_match,20,2,['Cl'],success,,1,less
almotriptan malate,CN(C)CCc1c[nH]c2ccc(CS(=O)(=O)N3CCCC3)cc12.O=C(O)CC(O)C(=O)O,CN(C)CCc1c[nH]c2ccc(CS(=O)(=O)N3CCCC3)cc12,WKEMJKQOLOHJLZ-UHFFFAOYSA-N,CHEMBL1200521,exact_pref_name_match,20,2,['O=C(O)CC(O)C(=O)O'],success,,1,most
COLESEVELAM HYDROCHLORIDE,,,,CHEMBL1201473,exact_pref_name_match,20,0,[],no_structure, | No canonical_smiles in ChEMBL response,0,no
NIZATIDINE,CNC(=C[N+](=O)[O-])NCCSCc1csc(CN(C)C)n1,CNC(=C[N+](=O)[O-])NCCSCc1csc(CN(C)C)n1,SGXXNSQHWDMGGP-UHFFFAOYSA-N,CHEMBL3183075,exact_pref_name_match,2,1,[],success,,1,less
TENOFOVIR DISOPROXIL FUMARATE,CC(C)OC(=O)OCOP(=O)(CO[C@H](C)Cn1cnc2c(N)ncnc21)OCOC(=O)OC(C)C.O=C(O)/C=C/C(=O)O,CC(C)OC(=O)OCOP(=O)(CO[C@H](C)Cn1cnc2c(N)ncnc21)OCOC(=O)OC(C)C,JFVZFKDSXNQEJW-CQSZACIVSA-N,CHEMBL1486,exact_pref_name_match,20,2,['O=C(O)/C=C/C(=O)O'],success,,0,no
DILTIAZEM HYDROCHLORIDE,COc1ccc([C@@H]2Sc3ccccc3N(CCN(C)C)C(=O)[C@@H]2OC(C)=O)cc1.Cl,COc1ccc([C@@H]2Sc3ccccc3N(CCN(C)C)C(=O)[C@@H]2OC(C)=O)cc1,HSUGRBWQSSZJOP-RTWAWAEBSA-N,CHEMBL1697,exact_pref_name_match,20,2,['Cl'],success,,1,most
FELODIPINE,CCOC(=O)C1=C(C)NC(C)=C(C(=O)OC)C1c1cccc(Cl)c1Cl,CCOC(=O)C1=C(C)NC(C)=C(C(=O)OC)C1c1cccc(Cl)c1Cl,RZTAMFZIAATZDJ-UHFFFAOYSA-N,CHEMBL1480,exact_pref_name_match,3,1,[],success,,1,less
RISEDRONATE SODIUM,O=P([O-])(O)C(O)(Cc1cccnc1)P(=O)(O)O.[Na+],O=P([O-])(O)C(O)(Cc1cccnc1)P(=O)(O)O,IIDJRNMFWXDHID-UHFFFAOYSA-M,CHEMBL1654,exact_pref_name_match,20,2,['[Na+]'],success,,1,less
CEPHALEXIN,CC1=C(C(=O)O)N2C(=O)[C@@H](NC(=O)[C@H](N)c3ccccc3)[C@H]2SC1.O,CC1=C(C(=O)O)N2C(=O)[C@@H](NC(=O)[C@H](N)c3ccccc3)[C@H]2SC1,ZAIPMKNFIOOWCQ-UEKVPHQBSA-N,CHEMBL1200544,exact_pref_name_match,9,2,['O'],success,,0,no
DIAZOXIDE,CC1=Nc2ccc(Cl)cc2S(=O)(=O)N1,CC1=Nc2ccc(Cl)cc2S(=O)(=O)N1,GDLBFKVLRPITMI-UHFFFAOYSA-N,CHEMBL181,exact_pref_name_match,2,1,[],success,,1,less
RITONAVIR,CC(C)c1nc(CN(C)C(=O)N[C@H](C(=O)N[C@@H](Cc2ccccc2)C[C@H](O)[C@H](Cc2ccccc2)NC(=O)OCc2cncs2)C(C)C)cs1,CC(C)c1nc(CN(C)C(=O)N[C@H](C(=O)N[C@@H](Cc2ccccc2)C[C@H](O)[C@H](Cc2ccccc2)NC(=O)OCc2cncs2)C(C)C)cs1,NCDNCNXCDXHOMX-XGKFQTDJSA-N,CHEMBL163,exact_pref_name_match,2,1,[],success,,1,most
ACETAZOLAMIDE,CC(=O)Nc1nnc(S(N)(=O)=O)s1,CC(=O)Nc1nnc(S(N)(=O)=O)s1,BZKPWHYZMXOIDC-UHFFFAOYSA-N,CHEMBL20,exact_pref_name_match,5,1,[],success,,0,no
LURASIDONE HYDROCHLORIDE,Cl.O=C1[C@@H]2[C@H]3CC[C@H](C3)[C@@H]2C(=O)N1C[C@@H]1CCCC[C@H]1CN1CCN(c2nsc3ccccc23)CC1,O=C1[C@@H]2[C@H]3CC[C@H](C3)[C@@H]2C(=O)N1C[C@@H]1CCCC[C@H]1CN1CCN(c2nsc3ccccc23)CC1,PQXKDMSYBGKCJA-CVTJIBDQSA-N,CHEMBL1615372,exact_pref_name_match,20,2,['Cl'],success,,1,less
DUTASTERIDE,C[C@]12C=CC(=O)N[C@@H]1CC[C@@H]1[C@@H]2CC[C@]2(C)[C@@H](C(=O)Nc3cc(C(F)(F)F)ccc3C(F)(F)F)CC[C@@H]12,C[C@]12C=CC(=O)N[C@@H]1CC[C@@H]1[C@@H]2CC[C@]2(C)[C@@H](C(=O)Nc3cc(C(F)(F)F)ccc3C(F)(F)F)CC[C@@H]12,JWJOTENAMICLJG-QWBYCMEYSA-N,CHEMBL1200969,exact_pref_name_match,1,1,[],success,,1,less
Exemestane,C=C1C[C@@H]2[C@H](CC[C@]3(C)C(=O)CC[C@@H]23)[C@@]2(C)C=CC(=O)C=C12,C=C1C[C@@H]2[C@H](CC[C@]3(C)C(=O)CC[C@@H]23)[C@@]2(C)C=CC(=O)C=C12,BFYIZQONLCFLEV-DAELLWKTSA-N,CHEMBL1200374,exact_pref_name_match,1,1,[],success,,1,less
FOSINOPRIL SODIUM,CCC(=O)O[C@@H](O[P@](=O)(CCCCc1ccccc1)CC(=O)N1C[C@H](C2CCCCC2)C[C@H]1C(=O)[O-])C(C)C.[Na+],CCC(=O)O[C@@H](O[P@](=O)(CCCCc1ccccc1)CC(=O)N1C[C@H](C2CCCCC2)C[C@H]1C(=O)[O-])C(C)C,BIDNLKIUORFRQP-XYGFDPSESA-M,CHEMBL3039596,exact_pref_name_match,20,2,['[Na+]'],success,,1,less
SODIUM PHENYLBUTYRATE,O=C([O-])CCCc1ccccc1.[Na+],O=C([O-])CCCc1ccccc1,OBKXEAXTFZPCHS-UHFFFAOYSA-M,CHEMBL1746,exact_pref_name_match,20,2,['[Na+]'],success,,1,less
HYDROCODONE BITARTRATE,COc1ccc2c3c1O[C@H]1C(=O)CC[C@H]4[C@@H](C2)N(C)CC[C@]314.O.O.O=C(O)C(O)C(O)C(=O)O,COc1ccc2c3c1O[C@H]1C(=O)CC[C@H]4[C@@H](C2)N(C)CC[C@]314,LLPOLZWFYMWNKH-CMKMFDCUSA-N,CHEMBL3989677,exact_pref_name_match,20,4,"['O=C(O)C(O)C(O)C(=O)O', 'O', 'O']",success,,1,most
ENTECAVIR ANHYDROUS,C=C1[C@H](CO)[C@@H](O)C[C@@H]1n1cnc2c(=O)[nH]c(N)nc21,C=C1[C@H](CO)[C@@H](O)C[C@@H]1n1cnc2c(=O)[nH]c(N)nc21,QDGZDCVAUDNJFG-FXQIFTODSA-N,CHEMBL713,exact_pref_name_match,20,1,[],success,,0,no
CILOSTAZOL,O=C1CCc2cc(OCCCCc3nnnn3C3CCCCC3)ccc2N1,O=C1CCc2cc(OCCCCc3nnnn3C3CCCCC3)ccc2N1,RRGUKTPIGVIEKM-UHFFFAOYSA-N,CHEMBL799,exact_pref_name_match,1,1,[],success,,1,most
OLANZAPINE,Cc1cc2c(s1)Nc1ccccc1N=C2N1CCN(C)CC1,Cc1cc2c(s1)Nc1ccccc1N=C2N1CCN(C)CC1,KVWDHTXUZHCGIO-UHFFFAOYSA-N,CHEMBL715,exact_pref_name_match,9,1,[],success,,1,less
DISOPYRAMIDE PHOSPHATE,CC(C)N(CCC(C(N)=O)(c1ccccc1)c1ccccn1)C(C)C.O=P(O)(O)O,CC(C)N(CCC(C(N)=O)(c1ccccc1)c1ccccn1)C(C)C,UVTNFZQICZKOEM-UHFFFAOYSA-N,CHEMBL1201020,exact_pref_name_match,20,2,['O=P(O)(O)O'],success,,1,most
DANAZOL,C#C[C@]1(O)CC[C@H]2[C@@H]3CCC4=Cc5oncc5C[C@]4(C)[C@H]3CC[C@@]21C,C#C[C@]1(O)CC[C@H]2[C@@H]3CCC4=Cc5oncc5C[C@]4(C)[C@H]3CC[C@@]21C,POZRVZJJTULAOH-LHZXLZLDSA-N,CHEMBL1479,exact_pref_name_match,3,1,[],success,,1,less
BENAZEPRIL HYDROCHLORIDE,CCOC(=O)[C@H](CCc1ccccc1)N[C@H]1CCc2ccccc2N(CC(=O)O)C1=O.Cl,CCOC(=O)[C@H](CCc1ccccc1)N[C@H]1CCc2ccccc2N(CC(=O)O)C1=O,XPCFTKFZXHTYIP-PMACEKPBSA-N,CHEMBL1694,exact_pref_name_match,20,2,['Cl'],success,,1,less
Ergotamine Tartrate,CN1C[C@H](C(=O)N[C@]2(C)O[C@@]3(O)[C@@H]4CCCN4C(=O)[C@H](Cc4ccccc4)N3C2=O)C=C2c3cccc4[nH]cc(c34)C[C@H]21.CN1C[C@H](C(=O)N[C@]2(C)O[C@@]3(O)[C@@H]4CCCN4C(=O)[C@H](Cc4ccccc4)N3C2=O)C=C2c3cccc4[nH]cc(c34)C[C@H]21.O=C(O)C(O)C(O)C(=O)O,CN1C[C@H](C(=O)N[C@]2(C)O[C@@]3(O)[C@@H]4CCCN4C(=O)[C@H](Cc4ccccc4)N3C2=O)C=C2c3cccc4[nH]cc(c34)C[C@H]21,XCGSFFUVFURLIX-VFGNJEKYSA-N,CHEMBL2448612,exact_pref_name_match,20,3,"['CN1C[C@H](C(=O)N[C@]2(C)O[C@@]3(O)[C@@H]4CCCN4C(=O)[C@H](Cc4ccccc4)N3C2=O)C=C2c3cccc4[nH]cc(c34)C[C@H]21', 'O=C(O)C(O)C(O)C(=O)O']",success,,1,less
AZATHIOPRINE,Cn1cnc([N+](=O)[O-])c1Sc1ncnc2[nH]cnc12,Cn1cnc([N+](=O)[O-])c1Sc1ncnc2[nH]cnc12,LMEKQMALGUDUQG-UHFFFAOYSA-N,CHEMBL1542,exact_pref_name_match,5,1,[],success,,0,no
CARBIDOPA,C[C@@](Cc1ccc(O)c(O)c1)(NN)C(=O)O.O,C[C@@](Cc1ccc(O)c(O)c1)(NN)C(=O)O,TZFNLOMSOLWIDK-JTQLQIEISA-N,CHEMBL1200748,exact_pref_name_match,5,2,['O'],success,,1,less
MONTELUKAST,CC(C)(O)c1ccccc1CC[C@@H](SCC1(CC(=O)O)CC1)c1cccc(/C=C/c2ccc3ccc(Cl)cc3n2)c1,CC(C)(O)c1ccccc1CC[C@@H](SCC1(CC(=O)O)CC1)c1cccc(/C=C/c2ccc3ccc(Cl)cc3n2)c1,UCHDWCPVSPXUMX-TZIWLTJVSA-N,CHEMBL787,exact_pref_name_match,6,1,[],success,,1,less
CHLORDIAZEPOXIDE HYDROCHLORIDE,CNC1=Nc2ccc(Cl)cc2C(c2ccccc2)=[N+]([O-])C1.Cl,CNC1=Nc2ccc(Cl)cc2C(c2ccccc2)=[N+]([O-])C1,ANTSCNMPPGJYLG-UHFFFAOYSA-N,CHEMBL1200703,exact_pref_name_match,20,2,['Cl'],success,,0,no
MARAVIROC,Cc1nnc(C(C)C)n1[C@H]1C[C@H]2CC[C@@H](C1)N2CC[C@H](NC(=O)C1CCC(F)(F)CC1)c1ccccc1,Cc1nnc(C(C)C)n1[C@H]1C[C@H]2CC[C@@H](C1)N2CC[C@H](NC(=O)C1CCC(F)(F)CC1)c1ccccc1,GSNHKUDZZFZSJB-QUMGSSFMSA-N,CHEMBL256907,exact_pref_name_match,6,1,[],success,,1,most
IMIPRAMINE PAMOATE,CN(C)CCCN1c2ccccc2CCc2ccccc21.CN(C)CCCN1c2ccccc2CCc2ccccc21.O=C(O)c1cc2ccccc2c(Cc2c(O)c(C(=O)O)cc3ccccc23)c1O,O=C(O)c1cc2ccccc2c(Cc2c(O)c(C(=O)O)cc3ccccc23)c1O,WLJNZVDCPSBLRP-UHFFFAOYSA-N,CHEMBL3989845,exact_pref_name_match,20,3,"['CN(C)CCCN1c2ccccc2CCc2ccccc21', 'CN(C)CCCN1c2ccccc2CCc2ccccc21']",success,,1,less
FLECAINIDE ACETATE,CC(=O)O.O=C(NCC1CCCCN1)c1cc(OCC(F)(F)F)ccc1OCC(F)(F)F,O=C(NCC1CCCCN1)c1cc(OCC(F)(F)F)ccc1OCC(F)(F)F,DJBNUMBKLMJRSA-UHFFFAOYSA-N,CHEMBL1200822,exact_pref_name_match,20,2,['CC(=O)O'],success,,1,most
AMANTADINE HYDROCHLORIDE,Cl.NC12CC3CC(CC(C3)C1)C2,NC12CC3CC(CC(C3)C1)C2,DKNWSYNQZKUICI-UHFFFAOYSA-N,CHEMBL1569,exact_pref_name_match,20,2,['Cl'],success,,1,less
ETHACRYNIC ACID,C=C(CC)C(=O)c1ccc(OCC(=O)O)c(Cl)c1Cl,C=C(CC)C(=O)c1ccc(OCC(=O)O)c(Cl)c1Cl,AVOLMBLBETYQHX-UHFFFAOYSA-N,CHEMBL456,exact_pref_name_match,20,1,[],success,,1,less
ELETRIPTAN HYDROBROMIDE,Br.CN1CCC[C@@H]1Cc1c[nH]c2ccc(CCS(=O)(=O)c3ccccc3)cc12,CN1CCC[C@@H]1Cc1c[nH]c2ccc(CCS(=O)(=O)c3ccccc3)cc12,PWVXXGRKLHYWKM-LJQANCHMSA-N,CHEMBL1201003,exact_pref_name_match,20,2,['Br'],success,,1,most
HYDROXYZINE PAMOATE,O=C(O)c1cc2ccccc2c(Cc2c(O)c(C(=O)O)cc3ccccc23)c1O.OCCOCCN1CCN(C(c2ccccc2)c2ccc(Cl)cc2)CC1,O=C(O)c1cc2ccccc2c(Cc2c(O)c(C(=O)O)cc3ccccc23)c1O,WLJNZVDCPSBLRP-UHFFFAOYSA-N,CHEMBL1200467,exact_pref_name_match,20,2,['OCCOCCN1CCN(C(c2ccccc2)c2ccc(Cl)cc2)CC1'],success,,1,most
ERYTHROMYCIN STEARATE,CCCCCCCCCCCCCCCCCC(=O)O.CC[C@H]1OC(=O)[C@H](C)[C@@H](O[C@H]2C[C@@](C)(OC)[C@@H](O)[C@H](C)O2)[C@H](C)[C@@H](O[C@@H]2O[C@H](C)C[C@H](N(C)C)[C@H]2O)[C@](C)(O)C[C@@H](C)C(=O)[C@H](C)[C@@H](O)[C@]1(C)O,CC[C@H]1OC(=O)[C@H](C)[C@@H](O[C@H]2C[C@@](C)(OC)[C@@H](O)[C@H](C)O2)[C@H](C)[C@@H](O[C@@H]2O[C@H](C)C[C@H](N(C)C)[C@H]2O)[C@](C)(O)C[C@@H](C)C(=O)[C@H](C)[C@@H](O)[C@]1(C)O,ULGZDMOVFRHVEP-RWJQBGPGSA-N,CHEMBL1200510,exact_pref_name_match,20,2,['CCCCCCCCCCCCCCCCCC(=O)O'],success,,1,most
ISOSORBIDE MONONITRATE,O=[N+]([O-])O[C@@H]1CO[C@H]2[C@@H]1OC[C@@H]2O,O=[N+]([O-])O[C@@H]1CO[C@H]2[C@@H]1OC[C@@H]2O,YWXYYJSYQOXTPL-SLPGGIOYSA-N,CHEMBL1311,exact_pref_name_match,20,1,[],success,,1,less
NABUMETONE,COc1ccc2cc(CCC(C)=O)ccc2c1,COc1ccc2cc(CCC(C)=O)ccc2c1,BLXXJMDCKKHMKV-UHFFFAOYSA-N,CHEMBL1070,exact_pref_name_match,1,1,[],success,,1,most
SUNITINIB MALATE,CCN(CC)CCNC(=O)c1c(C)[nH]c(/C=C2\C(=O)Nc3ccc(F)cc32)c1C.O=C(O)C[C@H](O)C(=O)O,CCN(CC)CCNC(=O)c1c(C)[nH]c(/C=C2\C(=O)Nc3ccc(F)cc32)c1C,WINHZLLDWRZWRT-ATVHPVEESA-N,CHEMBL1567,exact_pref_name_match,20,2,['O=C(O)C[C@H](O)C(=O)O'],success,,1,most
CABERGOLINE,C=CCN1C[C@H](C(=O)N(CCCN(C)C)C(=O)NCC)C[C@@H]2c3cccc4[nH]cc(c34)C[C@H]21,C=CCN1C[C@H](C(=O)N(CCCN(C)C)C(=O)NCC)C[C@@H]2c3cccc4[nH]cc(c34)C[C@H]21,KORNTPPJEAJQIU-KJXAQDMKSA-N,CHEMBL1201087,exact_pref_name_match,3,1,[],success,,1,most
RASAGILINE MESYLATE,C#CCN[C@@H]1CCc2ccccc21.CS(=O)(=O)O,C#CCN[C@@H]1CCc2ccccc21,RUOKEQAAGRXIBM-GFCCVEGCSA-N,CHEMBL1201142,exact_pref_name_match,20,2,['CS(=O)(=O)O'],success,,1,less
ACITRETIN,COc1cc(C)c(/C=C/C(C)=C/C=C/C(C)=C/C(=O)O)c(C)c1C,COc1cc(C)c(/C=C/C(C)=C/C=C/C(C)=C/C(=O)O)c(C)c1C,IHUNBGSDBOWDMA-AQFIFDHZSA-N,CHEMBL1131,exact_pref_name_match,3,1,[],success,,1,less
OXYBUTYNIN CHLORIDE,CCN(CC)CC#CCOC(=O)C(O)(c1ccccc1)C1CCCCC1.Cl,CCN(CC)CC#CCOC(=O)C(O)(c1ccccc1)C1CCCCC1,XIQVNETUBQGFHX-UHFFFAOYSA-N,CHEMBL1133,exact_pref_name_match,20,2,['Cl'],success,,1,most
RISPERIDONE,Cc1nc2n(c(=O)c1CCN1CCC(c3noc4cc(F)ccc34)CC1)CCCC2,Cc1nc2n(c(=O)c1CCN1CCC(c3noc4cc(F)ccc34)CC1)CCCC2,RAPZEAPATHNIPO-UHFFFAOYSA-N,CHEMBL85,exact_pref_name_match,4,1,[],success,,1,less
DICLOFENAC POTASSIUM,O=C([O-])Cc1ccccc1Nc1c(Cl)cccc1Cl.[K+],O=C([O-])Cc1ccccc1Nc1c(Cl)cccc1Cl,DCOPUUMXTXDBNB-UHFFFAOYSA-M,CHEMBL1200804,exact_pref_name_match,20,2,['[K+]'],success,,1,most
RAMIPRIL,CCOC(=O)[C@H](CCc1ccccc1)N[C@@H](C)C(=O)N1[C@H](C(=O)O)C[C@@H]2CCC[C@@H]21,CCOC(=O)[C@H](CCc1ccccc1)N[C@@H](C)C(=O)N1[C@H](C(=O)O)C[C@@H]2CCC[C@@H]21,HDACQVRGBOVJII-JBDAPHQKSA-N,CHEMBL1168,exact_pref_name_match,2,1,[],success,,1,less
PYRIDOSTIGMINE BROMIDE,CN(C)C(=O)Oc1ccc[n+](C)c1.[Br-],CN(C)C(=O)Oc1ccc[n+](C)c1,RVOLLAQWKVFTGE-UHFFFAOYSA-N,CHEMBL812,exact_pref_name_match,20,2,['[Br-]'],success,,0,no
SOLIFENACIN SUCCINATE,O=C(O)CCC(=O)O.O=C(O[C@H]1CN2CCC1CC2)N1CCc2ccccc2[C@@H]1c1ccccc1,O=C(O[C@H]1CN2CCC1CC2)N1CCc2ccccc2[C@@H]1c1ccccc1,FBOUYBDGKBSUES-VXKWHMMOSA-N,CHEMBL1200803,exact_pref_name_match,20,2,['O=C(O)CCC(=O)O'],success,,1,less
OMEPRAZOLE,COc1ccc2[nH]c([S+]([O-])Cc3ncc(C)c(OC)c3C)nc2c1,COc1ccc2[nH]c([S+]([O-])Cc3ncc(C)c(OC)c3C)nc2c1,SUBDBMMJDZJVOS-UHFFFAOYSA-N,CHEMBL1503,exact_pref_name_match,14,1,[],success,,1,less
QUININE SULFATE,C=C[C@H]1CN2CC[C@H]1C[C@H]2[C@H](O)c1ccnc2ccc(OC)cc12.C=C[C@H]1CN2CC[C@H]1C[C@H]2[C@H](O)c1ccnc2ccc(OC)cc12.O.O.O=S(=O)(O)O,C=C[C@H]1CN2CC[C@H]1C[C@H]2[C@H](O)c1ccnc2ccc(OC)cc12,LOUPRKONTZGTKE-WZBLMQSHSA-N,CHEMBL2359966,exact_pref_name_match,20,5,"['C=C[C@H]1CN2CC[C@H]1C[C@H]2[C@H](O)c1ccnc2ccc(OC)cc12', 'O=S(=O)(O)O', 'O', 'O']",success,,1,most
MEMANTINE HYDROCHLORIDE,CC12CC3CC(C)(C1)CC(N)(C3)C2.Cl,CC12CC3CC(C)(C1)CC(N)(C3)C2,BUGYDGFZZOZRHP-UHFFFAOYSA-N,CHEMBL1699,exact_pref_name_match,20,2,['Cl'],success,,1,less
PIOGLITAZONE HYDROCHLORIDE,CCc1ccc(CCOc2ccc(CC3SC(=O)NC3=O)cc2)nc1.Cl,CCc1ccc(CCOc2ccc(CC3SC(=O)NC3=O)cc2)nc1,HYAFETHFCAUJAY-UHFFFAOYSA-N,CHEMBL1715,exact_pref_name_match,20,2,['Cl'],success,,1,most
Dextroamphetamine Sulfate,C[C@H](N)Cc1ccccc1.C[C@H](N)Cc1ccccc1.O=S(=O)(O)O,C[C@H](N)Cc1ccccc1,KWTSXDURSIMDCE-QMMMGPOBSA-N,CHEMBL3544971,exact_pref_name_match,20,3,"['C[C@H](N)Cc1ccccc1', 'O=S(=O)(O)O']",success,,1,most
NEBIVOLOL HYDROCHLORIDE,Cl.OC(CNCC(O)C1CCc2cc(F)ccc2O1)C1CCc2cc(F)ccc2O1,OC(CNCC(O)C1CCc2cc(F)ccc2O1)C1CCc2cc(F)ccc2O1,KOHIRBRYDXPAMZ-UHFFFAOYSA-N,CHEMBL1201731,exact_pref_name_match,20,2,['Cl'],success,,1,less
VORICONAZOLE,C[C@@H](c1ncncc1F)[C@](O)(Cn1cncn1)c1ccc(F)cc1F,C[C@@H](c1ncncc1F)[C@](O)(Cn1cncn1)c1ccc(F)cc1F,BCEHBSKCWLPMDN-MGPLVRAMSA-N,CHEMBL638,exact_pref_name_match,6,1,[],success,,1,most
RIMANTADINE HYDROCHLORIDE,CC(N)C12CC3CC(CC(C3)C1)C2.Cl,CC(N)C12CC3CC(CC(C3)C1)C2,UBCHPRBFMUDMNC-UHFFFAOYSA-N,CHEMBL535396,exact_pref_name_match,20,2,['Cl'],success,,1,less
EFAVIRENZ,O=C1Nc2ccc(Cl)cc2[C@@](C#CC2CC2)(C(F)(F)F)O1,O=C1Nc2ccc(Cl)cc2[C@@](C#CC2CC2)(C(F)(F)F)O1,XPOQHMRABVBWPR-ZDUSSCGKSA-N,CHEMBL223228,exact_pref_name_match,5,1,[],success,,1,most
CELECOXIB,Cc1ccc(-c2cc(C(F)(F)F)nn2-c2ccc(S(N)(=O)=O)cc2)cc1,Cc1ccc(-c2cc(C(F)(F)F)nn2-c2ccc(S(N)(=O)=O)cc2)cc1,RZEKVGVHFLEQIL-UHFFFAOYSA-N,CHEMBL118,exact_pref_name_match,8,1,[],success,,1,most
CEFADROXIL HEMIHYDRATE,CC1=C(C(=O)O)N2C(=O)[C@@H](NC(=O)[C@H](N)c3ccc(O)cc3)[C@H]2SC1,CC1=C(C(=O)O)N2C(=O)[C@@H](NC(=O)[C@H](N)c3ccc(O)cc3)[C@H]2SC1,BOEGTKLJZSQCCD-UEKVPHQBSA-N,CHEMBL1644,fallback_highest_score,20,1,[],success,No exact pref_name match; chose highest score (40.0) among 20 candidates,0,no
SUMATRIPTAN SUCCINATE,CNS(=O)(=O)Cc1ccc2[nH]cc(CCN(C)C)c2c1.O=C(O)CCC(=O)O,CNS(=O)(=O)Cc1ccc2[nH]cc(CCN(C)C)c2c1,KQKPFRSPSRPDEB-UHFFFAOYSA-N,CHEMBL1201150,exact_pref_name_match,20,2,['O=C(O)CCC(=O)O'],success,,1,most
HALOPERIDOL,O=C(CCCN1CCC(O)(c2ccc(Cl)cc2)CC1)c1ccc(F)cc1,O=C(CCCN1CCC(O)(c2ccc(Cl)cc2)CC1)c1ccc(F)cc1,LNEPOXFFQSENCJ-UHFFFAOYSA-N,CHEMBL54,exact_pref_name_match,16,1,[],success,,1,most
CLOZAPINE,CN1CCN(C2=Nc3cc(Cl)ccc3Nc3ccccc32)CC1,CN1CCN(C2=Nc3cc(Cl)ccc3Nc3ccccc32)CC1,QZUDBNBUXVUHMW-UHFFFAOYSA-N,CHEMBL42,exact_pref_name_match,5,1,[],success,,1,most
AZITHROMYCIN ANHYDROUS,CC[C@@H]1OC(=O)[C@H](C)[C@@H](O[C@@H]2C[C@](C)(OC)[C@H](O)[C@@H](C)O2)[C@@H](C)[C@@H](O[C@@H]2O[C@H](C)C[C@H](N(C)C)[C@H]2O)[C@](C)(O)C[C@@H](C)CN(C)[C@H](C)[C@@H](O)[C@]1(C)O,CC[C@@H]1OC(=O)[C@H](C)[C@@H](O[C@@H]2C[C@](C)(OC)[C@H](O)[C@@H](C)O2)[C@@H](C)[C@@H](O[C@@H]2O[C@H](C)C[C@H](N(C)C)[C@H]2O)[C@](C)(O)C[C@@H](C)CN(C)[C@H](C)[C@@H](O)[C@]1(C)O,MQTOSJVFKKJCRP-PJDZXGFSSA-N,CHEMBL4299381,fallback_highest_score,20,1,[],success,No exact pref_name match; chose highest score (28.0) among 20 candidates,1,most
ABACAVIR SULFATE,Nc1nc(NC2CC2)c2ncn([C@H]3C=C[C@@H](CO)C3)c2n1.Nc1nc(NC2CC2)c2ncn([C@H]3C=C[C@@H](CO)C3)c2n1.O=S(=O)(O)O,Nc1nc(NC2CC2)c2ncn([C@H]3C=C[C@@H](CO)C3)c2n1,MCGSCOLBFJQGHM-SCZZXKLOSA-N,CHEMBL4303288,exact_pref_name_match,20,3,"['Nc1nc(NC2CC2)c2ncn([C@H]3C=C[C@@H](CO)C3)c2n1', 'O=S(=O)(O)O']",success,,1,most
QUINIDINE SULFATE,C=C[C@H]1CN2CC[C@H]1C[C@@H]2[C@@H](O)c1ccnc2ccc(OC)cc12.C=C[C@H]1CN2CC[C@H]1C[C@@H]2[C@@H](O)c1ccnc2ccc(OC)cc12.O.O.O=S(=O)(O)O,C=C[C@H]1CN2CC[C@H]1C[C@@H]2[C@@H](O)c1ccnc2ccc(OC)cc12,LOUPRKONTZGTKE-LHHVKLHASA-N,CHEMBL3707183,exact_pref_name_match,20,5,"['C=C[C@H]1CN2CC[C@H]1C[C@@H]2[C@@H](O)c1ccnc2ccc(OC)cc12', 'O=S(=O)(O)O', 'O', 'O']",success,,1,most
PREDNISOLONE SODIUM PHOSPHATE,C[C@]12C=CC(=O)C=C1CC[C@@H]1[C@@H]2[C@@H](O)C[C@@]2(C)[C@H]1CC[C@]2(O)C(=O)COP(=O)([O-])[O-].[Na+].[Na+],C[C@]12C=CC(=O)C=C1CC[C@@H]1[C@@H]2[C@@H](O)C[C@@]2(C)[C@H]1CC[C@]2(O)C(=O)COP(=O)([O-])[O-],JDOZJEUDSLGTLU-VWUMJDOOSA-L,CHEMBL1201014,exact_pref_name_match,20,3,"['[Na+]', '[Na+]']",success,,1,less
FOSAMPRENAVIR CALCIUM,CC(C)CN(C[C@@H](OP(=O)([O-])[O-])[C@H](Cc1ccccc1)NC(=O)O[C@H]1CCOC1)S(=O)(=O)c1ccc(N)cc1.[Ca+2],CC(C)CN(C[C@@H](OP(=O)([O-])[O-])[C@H](Cc1ccccc1)NC(=O)O[C@H]1CCOC1)S(=O)(=O)c1ccc(N)cc1,MLBVMOWEQCZNCC-OEMFJLHTSA-L,CHEMBL1200734,exact_pref_name_match,20,2,['[Ca+2]'],success,,1,less
ISOSORBIDE DINITRATE,O=[N+]([O-])O[C@H]1CO[C@H]2[C@@H]1OC[C@H]2O[N+](=O)[O-],O=[N+]([O-])O[C@H]1CO[C@H]2[C@@H]1OC[C@H]2O[N+](=O)[O-],MOYKHGMNXAOIAT-JGWLITMVSA-N,CHEMBL6622,exact_pref_name_match,20,1,[],success,,1,less
NIFEDIPINE,COC(=O)C1=C(C)NC(C)=C(C(=O)OC)C1c1ccccc1[N+](=O)[O-],COC(=O)C1=C(C)NC(C)=C(C(=O)OC)C1c1ccccc1[N+](=O)[O-],HYIMSNHJOBLJNT-UHFFFAOYSA-N,CHEMBL193,exact_pref_name_match,20,1,[],success,,1,less
FLUOXETINE HYDROCHLORIDE,CNCCC(Oc1ccc(C(F)(F)F)cc1)c1ccccc1.Cl,CNCCC(Oc1ccc(C(F)(F)F)cc1)c1ccccc1,RTHCYVBBDHJXIQ-UHFFFAOYSA-N,CHEMBL1201082,exact_pref_name_match,20,2,['Cl'],success,,1,most
PROCHLORPERAZINE MALEATE,CN1CCN(CCCN2c3ccccc3Sc3ccc(Cl)cc32)CC1.O=C(O)/C=C\C(=O)O.O=C(O)/C=C\C(=O)O,CN1CCN(CCCN2c3ccccc3Sc3ccc(Cl)cc32)CC1,WIKYUJGCLQQFNW-UHFFFAOYSA-N,CHEMBL1314751,exact_pref_name_match,20,3,"['O=C(O)/C=C\\C(=O)O', 'O=C(O)/C=C\\C(=O)O']",success,,1,less
AMPICILLIN TRIHYDRATE,CC1(C)S[C@@H]2[C@H](NC(=O)[C@H](N)c3ccccc3)C(=O)N2[C@H]1C(=O)O.O.O.O,CC1(C)S[C@@H]2[C@H](NC(=O)[C@H](N)c3ccccc3)C(=O)N2[C@H]1C(=O)O,AVKUERGKIZMTKX-NJBDSQKTSA-N,CHEMBL453388,exact_pref_name_match,20,4,"['O', 'O', 'O']",success,,0,no
AMBRISENTAN,COC(c1ccccc1)(c1ccccc1)[C@H](Oc1nc(C)cc(C)n1)C(=O)O,COC(c1ccccc1)(c1ccccc1)[C@H](Oc1nc(C)cc(C)n1)C(=O)O,OUJTZYPIHDYQMC-LJQANCHMSA-N,CHEMBL1111,exact_pref_name_match,10,1,[],success,,1,less
MYCOPHENOLIC ACID,COc1c(C)c2c(c(O)c1C/C=C(\C)CCC(=O)O)C(=O)OC2,COc1c(C)c2c(c(O)c1C/C=C(\C)CCC(=O)O)C(=O)OC2,HPNSFSBZBAHARI-RUDMXATFSA-N,CHEMBL866,exact_pref_name_match,20,1,[],success,,1,less
RISEDRONATE SODIUM HEMI-PENTAHYDRATE,O=P([O-])(O)C(O)(Cc1cccnc1)P(=O)(O)O.[Na+],O=P([O-])(O)C(O)(Cc1cccnc1)P(=O)(O)O,IIDJRNMFWXDHID-UHFFFAOYSA-M,CHEMBL1654,fallback_highest_score,20,2,['[Na+]'],success,No exact pref_name match; chose highest score (57.0) among 20 candidates,1,less
COLCHICEINE,COc1cc2c(c(OC)c1OC)-c1ccc(=O)c(O)cc1[C@@H](NC(C)=O)CC2,COc1cc2c(c(OC)c1OC)-c1ccc(=O)c(O)cc1[C@@H](NC(C)=O)CC2,PRGILOMAMBLWNG-HNNXBMFYSA-N,CHEMBL142588,exact_pref_name_match,1,1,[],success,,0,no
SOTALOL HYDROCHLORIDE,CC(C)NCC(O)c1ccc(NS(C)(=O)=O)cc1.Cl,CC(C)NCC(O)c1ccc(NS(C)(=O)=O)cc1,ZBMZVLHSJCTVON-UHFFFAOYSA-N,CHEMBL1700,exact_pref_name_match,20,2,['Cl'],success,,1,most
MECLIZINE HYDROCHLORIDE,Cc1cccc(CN2CCN(C(c3ccccc3)c3ccc(Cl)cc3)CC2)c1.Cl.Cl.O,Cc1cccc(CN2CCN(C(c3ccccc3)c3ccc(Cl)cc3)CC2)c1,OCJYIGYOJCODJL-UHFFFAOYSA-N,CHEMBL3989555,exact_pref_name_match,20,4,"['Cl', 'Cl', 'O']",success,,0,no
TRIENTINE HYDROCHLORIDE,Cl.Cl.NCCNCCNCCN,NCCNCCNCCN,VILCJCGEZXAXTO-UHFFFAOYSA-N,CHEMBL3989777,exact_pref_name_match,20,3,"['Cl', 'Cl']",success,,0,no
BACLOFEN,NCC(CC(=O)O)c1ccc(Cl)cc1,NCC(CC(=O)O)c1ccc(Cl)cc1,KPYSYYIEGFHWSV-UHFFFAOYSA-N,CHEMBL701,exact_pref_name_match,8,1,[],success,,1,less
BETHANECHOL CHLORIDE,CC(C[N+](C)(C)C)OC(N)=O.[Cl-],CC(C[N+](C)(C)C)OC(N)=O,NZUPCNDJBJXXRF-UHFFFAOYSA-O,CHEMBL1768,exact_pref_name_match,20,2,['[Cl-]'],success,,1,less
CLARITHROMYCIN,CC[C@H]1OC(=O)[C@H](C)[C@@H](O[C@H]2C[C@@](C)(OC)[C@@H](O)[C@H](C)O2)[C@H](C)[C@@H](O[C@@H]2O[C@H](C)C[C@H](N(C)C)[C@H]2O)[C@](C)(OC)C[C@@H](C)C(=O)[C@H](C)[C@@H](O)[C@]1(C)O,CC[C@H]1OC(=O)[C@H](C)[C@@H](O[C@H]2C[C@@](C)(OC)[C@@H](O)[C@H](C)O2)[C@H](C)[C@@H](O[C@@H]2O[C@H](C)C[C@H](N(C)C)[C@H]2O)[C@](C)(OC)C[C@@H](C)C(=O)[C@H](C)[C@@H](O)[C@]1(C)O,AGOYDEPGAOXOCK-KCBOHYOISA-N,CHEMBL1741,exact_pref_name_match,20,1,[],success,,1,most
CHLORZOXAZONE,O=c1[nH]c2cc(Cl)ccc2o1,O=c1[nH]c2cc(Cl)ccc2o1,TZFWDZFKRBELIQ-UHFFFAOYSA-N,CHEMBL1371,exact_pref_name_match,1,1,[],success,,0,no
PRIMAQUINE PHOSPHATE,COc1cc(NC(C)CCCN)c2ncccc2c1.O=P(O)(O)O.O=P(O)(O)O,COc1cc(NC(C)CCCN)c2ncccc2c1,INDBQLZJXZLFIT-UHFFFAOYSA-N,CHEMBL43128,exact_pref_name_match,20,3,"['O=P(O)(O)O', 'O=P(O)(O)O']",success,,1,less
VENLAFAXINE,COc1ccc(C(CN(C)C)C2(O)CCCCC2)cc1,COc1ccc(C(CN(C)C)C2(O)CCCCC2)cc1,PNVNVHUZROJLTJ-UHFFFAOYSA-N,CHEMBL637,exact_pref_name_match,12,1,[],success,,1,less
VIGABATRIN,C=CC(N)CCC(=O)O,C=CC(N)CCC(=O)O,PJDFLNIOAUIZSL-UHFFFAOYSA-N,CHEMBL89598,exact_pref_name_match,5,1,[],success,,0,no
PENICILLAMINE,CC(C)(S)[C@@H](N)C(=O)O,CC(C)(S)[C@@H](N)C(=O)O,VVNCNSJFMMFHPL-VKHMYHEASA-N,CHEMBL1430,exact_pref_name_match,17,1,[],success,,0,no
SEVELAMER HYDROCHLORIDE,,,,CHEMBL1201492,exact_pref_name_match,20,0,[],no_structure, | No canonical_smiles in ChEMBL response,0,no
METAPROTERENOL SULFATE,CC(C)NCC(O)c1cc(O)cc(O)c1.CC(C)NCC(O)c1cc(O)cc(O)c1.O=S(=O)(O)O,CC(C)NCC(O)c1cc(O)cc(O)c1,LMOINURANNBYCM-UHFFFAOYSA-N,CHEMBL1568057,exact_pref_name_match,20,3,"['CC(C)NCC(O)c1cc(O)cc(O)c1', 'O=S(=O)(O)O']",success,,1,less
VALGANCICLOVIR,CC(C)[C@H](N)C(=O)OCC(CO)OCn1cnc2c(=O)[nH]c(N)nc21,CC(C)[C@H](N)C(=O)OCC(CO)OCn1cnc2c(=O)[nH]c(N)nc21,WPVFJKSGQUFQAP-GKAPJAKFSA-N,CHEMBL1201314,exact_pref_name_match,10,1,[],success,,1,less
LIOTHYRONINE SODIUM,N[C@@H](Cc1cc(I)c(Oc2ccc(O)c(I)c2)c(I)c1)C(=O)[O-].[Na+],N[C@@H](Cc1cc(I)c(Oc2ccc(O)c(I)c2)c(I)c1)C(=O)[O-],AUYYCJSJGJYCDS-LBPRGKRZSA-M,CHEMBL1201119,exact_pref_name_match,20,2,['[Na+]'],success,,1,less
PRASUGREL HYDROCHLORIDE,CC(=O)Oc1cc2c(s1)CCN(C(C(=O)C1CC1)c1ccccc1F)C2.Cl,CC(=O)Oc1cc2c(s1)CCN(C(C(=O)C1CC1)c1ccccc1F)C2,DTGLZDAWLRGWQN-UHFFFAOYSA-N,CHEMBL1201773,exact_pref_name_match,20,2,['Cl'],success,,1,less
EMTRICITABINE,Nc1nc(=O)n([C@@H]2CS[C@H](CO)O2)cc1F,Nc1nc(=O)n([C@@H]2CS[C@H](CO)O2)cc1F,XQSPYNMVSIKCOC-NTSWFWBYSA-N,CHEMBL885,exact_pref_name_match,3,1,[],success,,0,no
VALACYCLOVIR HYDROCHLORIDE,CC(C)[C@H](N)C(=O)OCCOCn1cnc2c(=O)nc(N)[nH]c21.Cl,CC(C)[C@H](N)C(=O)OCCOCn1cnc2c(=O)nc(N)[nH]c21,HDOVUKNUBWVHOX-QMMMGPOBSA-N,CHEMBL1201110,exact_pref_name_match,20,2,['Cl'],success,,0,no
POLYETHYLENE GLYCOL 3350,,,,CHEMBL1201479,exact_pref_name_match,20,0,[],no_structure, | No canonical_smiles in ChEMBL response,0,no
DESLORATADINE,Clc1ccc2c(c1)CCc1cccnc1C2=C1CCNCC1,Clc1ccc2c(c1)CCc1cccnc1C2=C1CCNCC1,JAUOIFJMECXRGI-UHFFFAOYSA-N,CHEMBL1172,exact_pref_name_match,15,1,[],success,,0,no
PERPHENAZINE,OCCN1CCN(CCCN2c3ccccc3Sc3ccc(Cl)cc32)CC1,OCCN1CCN(CCCN2c3ccccc3Sc3ccc(Cl)cc32)CC1,RGCVKNLCSQQDEP-UHFFFAOYSA-N,CHEMBL567,exact_pref_name_match,3,1,[],success,,1,less
DIMETHYL FUMARATE,COC(=O)/C=C/C(=O)OC,COC(=O)/C=C/C(=O)OC,LDCRTTXIJACKKU-ONEGZZNKSA-N,CHEMBL2107333,exact_pref_name_match,20,1,[],success,,0,no
BROMOCRIPTINE MESYLATE,CC(C)C[C@H]1C(=O)N2CCC[C@H]2[C@]2(O)O[C@](NC(=O)[C@@H]3C=C4c5cccc6[nH]c(Br)c(c56)C[C@H]4N(C)C3)(C(C)C)C(=O)N12.CS(=O)(=O)O,CC(C)C[C@H]1C(=O)N2CCC[C@H]2[C@]2(O)O[C@](NC(=O)[C@@H]3C=C4c5cccc6[nH]c(Br)c(c56)C[C@H]4N(C)C3)(C(C)C)C(=O)N12,OZVBMTJYIDMWIL-AYFBDAFISA-N,CHEMBL1200503,exact_pref_name_match,20,2,['CS(=O)(=O)O'],success,,1,most
NADOLOL,CC(C)(C)NCC(O)COc1cccc2c1CC(O)C(O)C2,CC(C)(C)NCC(O)COc1cccc2c1CC(O)C(O)C2,VWPOSFSPZNDTMJ-UHFFFAOYSA-N,CHEMBL521606,exact_pref_name_match,3,1,[],success,,1,less
PROPRANOLOL HYDROCHLORIDE,CC(C)NCC(O)COc1cccc2ccccc12.Cl,CC(C)NCC(O)COc1cccc2ccccc12,AQHHHDLHHXJYJD-UHFFFAOYSA-N,CHEMBL1671,exact_pref_name_match,20,2,['Cl'],success,,1,most
RISEDRONATE SODIUM MONOHYDRATE,O=P([O-])(O)C(O)(Cc1cccnc1)P(=O)(O)O.[Na+],O=P([O-])(O)C(O)(Cc1cccnc1)P(=O)(O)O,IIDJRNMFWXDHID-UHFFFAOYSA-M,CHEMBL1654,fallback_highest_score,20,2,['[Na+]'],success,No exact pref_name match; chose highest score (57.0) among 20 candidates,1,less
ALBENDAZOLE,CCCSc1ccc2[nH]c(NC(=O)OC)nc2c1,CCCSc1ccc2[nH]c(NC(=O)OC)nc2c1,HXHWSAZORRCQMX-UHFFFAOYSA-N,CHEMBL1483,exact_pref_name_match,2,1,[],success,,0,no
INDAPAMIDE,CC1Cc2ccccc2N1NC(=O)c1ccc(Cl)c(S(N)(=O)=O)c1,CC1Cc2ccccc2N1NC(=O)c1ccc(Cl)c(S(N)(=O)=O)c1,NDDAHWYSQHTHNT-UHFFFAOYSA-N,CHEMBL406,exact_pref_name_match,1,1,[],success,,1,less
EZETIMIBE,O=C1[C@H](CC[C@H](O)c2ccc(F)cc2)[C@@H](c2ccc(O)cc2)N1c1ccc(F)cc1,O=C1[C@H](CC[C@H](O)c2ccc(F)cc2)[C@@H](c2ccc(O)cc2)N1c1ccc(F)cc1,OLNTVTPDXPETLC-XPWALMASSA-N,CHEMBL1138,exact_pref_name_match,2,1,[],success,,0,no
ABIRATERONE ACETATE,CC(=O)O[C@H]1CC[C@@]2(C)C(=CC[C@@H]3[C@@H]2CC[C@]2(C)C(c4cccnc4)=CC[C@@H]32)C1,CC(=O)O[C@H]1CC[C@@]2(C)C(=CC[C@@H]3[C@@H]2CC[C@]2(C)C(c4cccnc4)=CC[C@@H]32)C1,UVIQSJCZCSLXRZ-UBUQANBQSA-N,CHEMBL271227,exact_pref_name_match,20,1,[],success,,1,less
ISOTRETINOIN,CC1=C(/C=C/C(C)=C/C=C/C(C)=C\C(=O)O)C(C)(C)CCC1,CC1=C(/C=C/C(C)=C/C=C/C(C)=C\C(=O)O)C(C)(C)CCC1,SHGAZHPCJJPHSC-XFYACQKRSA-N,CHEMBL547,exact_pref_name_match,3,1,[],success,,1,less
LISINOPRIL,NCCCC[C@H](N[C@@H](CCc1ccccc1)C(=O)O)C(=O)N1CCC[C@H]1C(=O)O.O.O,NCCCC[C@H](N[C@@H](CCc1ccccc1)C(=O)O)C(=O)N1CCC[C@H]1C(=O)O,RLAWWYSOJDYHDC-BZSNNMDCSA-N,CHEMBL419213,exact_pref_name_match,4,3,"['O', 'O']",success,,1,less
TIAGABINE HYDROCHLORIDE,Cc1ccsc1C(=CCCN1CCC[C@@H](C(=O)O)C1)c1sccc1C.Cl,Cc1ccsc1C(=CCCN1CCC[C@@H](C(=O)O)C1)c1sccc1C,PBJUNZJWGZTSKL-MRXNPFEDSA-N,CHEMBL1695,exact_pref_name_match,20,2,['Cl'],success,,1,less
ROPINIROLE HYDROCHLORIDE,CCCN(CCC)CCc1cccc2c1CC(=O)N2.Cl,CCCN(CCC)CCc1cccc2c1CC(=O)N2,UHSKFQJFRQCDBE-UHFFFAOYSA-N,CHEMBL1200411,exact_pref_name_match,20,2,['Cl'],success,,1,most
TERAZOSIN HYDROCHLORIDE,COc1cc2nc(N3CCN(C(=O)C4CCCO4)CC3)nc(N)c2cc1OC.Cl.O.O,COc1cc2nc(N3CCN(C(=O)C4CCCO4)CC3)nc(N)c2cc1OC,VCKUSRYTPJJLNI-UHFFFAOYSA-N,CHEMBL3989562,exact_pref_name_match,20,4,"['Cl', 'O', 'O']",success,,1,less
FROVATRIPTAN SUCCINATE,CN[C@@H]1CCc2[nH]c3ccc(C(N)=O)cc3c2C1.O.O=C(O)CCC(=O)O,CN[C@@H]1CCc2[nH]c3ccc(C(N)=O)cc3c2C1,XPSQPHWEGNHMSK-SECBINFHSA-N,CHEMBL2138684,exact_pref_name_match,20,3,"['O=C(O)CCC(=O)O', 'O']",success,,1,most
SILODOSIN,C[C@H](Cc1cc2c(c(C(N)=O)c1)N(CCCO)CC2)NCCOc1ccccc1OCC(F)(F)F,C[C@H](Cc1cc2c(c(C(N)=O)c1)N(CCCO)CC2)NCCOc1ccccc1OCC(F)(F)F,PNCPYILNMDWPEY-QGZVFWFLSA-N,CHEMBL24778,exact_pref_name_match,1,1,[],success,,1,less
DARIFENACIN HYDROBROMIDE,Br.NC(=O)C(c1ccccc1)(c1ccccc1)[C@@H]1CCN(CCc2ccc3c(c2)CCO3)C1,NC(=O)C(c1ccccc1)(c1ccccc1)[C@@H]1CCN(CCc2ccc3c(c2)CCO3)C1,HXGBXQDTNZMWGS-RUZDIDTESA-N,CHEMBL1200935,exact_pref_name_match,20,2,['Br'],success,,1,less
DICYCLOMINE HYDROCHLORIDE,CCN(CC)CCOC(=O)C1(C2CCCCC2)CCCCC1.Cl,CCN(CC)CCOC(=O)C1(C2CCCCC2)CCCCC1,CURUTKGFNZGFSE-UHFFFAOYSA-N,CHEMBL1200479,exact_pref_name_match,20,2,['Cl'],success,,1,less
CEFDINIR,C=CC1=C(C(=O)O)N2C(=O)[C@@H](NC(=O)/C(=N\O)c3csc(N)n3)[C@H]2SC1,C=CC1=C(C(=O)O)N2C(=O)[C@@H](NC(=O)/C(=N\O)c3csc(N)n3)[C@H]2SC1,RTXOFQZKPXMALH-GHXIOONMSA-N,CHEMBL927,exact_pref_name_match,1,1,[],success,,1,less
TEMAZEPAM,CN1C(=O)C(O)N=C(c2ccccc2)c2cc(Cl)ccc21,CN1C(=O)C(O)N=C(c2ccccc2)c2cc(Cl)ccc21,SEQDDYPDSLOBDC-UHFFFAOYSA-N,CHEMBL967,exact_pref_name_match,3,1,[],success,,1,less
PROPOXYPHENE HYDROCHLORIDE,CCC(=O)O[C@](Cc1ccccc1)(c1ccccc1)[C@H](C)CN(C)C.Cl,CCC(=O)O[C@](Cc1ccccc1)(c1ccccc1)[C@H](C)CN(C)C,XLMALTXPSGQGBX-GCJKJVERSA-N,CHEMBL1237104,exact_pref_name_match,20,2,['Cl'],success,,1,less
MOXIFLOXACIN HYDROCHLORIDE,COc1c(N2C[C@@H]3CCCN[C@@H]3C2)c(F)cc2c(=O)c(C(=O)O)cn(C3CC3)c12.Cl,COc1c(N2C[C@@H]3CCCN[C@@H]3C2)c(F)cc2c(=O)c(C(=O)O)cn(C3CC3)c12,FABPRXSRWADJSP-MEDUHNTESA-N,CHEMBL1200735,exact_pref_name_match,20,2,['Cl'],success,,1,most
OXYCODONE HYDROCHLORIDE,COc1ccc2c3c1O[C@H]1C(=O)CC[C@@]4(O)[C@@H](C2)N(C)CC[C@]314.Cl,COc1ccc2c3c1O[C@H]1C(=O)CC[C@@]4(O)[C@@H](C2)N(C)CC[C@]314,BRUQQQPBMZOVGD-XFKAJCMBSA-N,CHEMBL1200890,exact_pref_name_match,20,2,['Cl'],success,,1,less
THEOPHYLLINE,Cn1c(=O)c2nc[nH]c2n(C)c1=O.O,Cn1c(=O)c2nc[nH]c2n(C)c1=O,ZFXYFBGIUFBOJW-UHFFFAOYSA-N,CHEMBL1355736,exact_pref_name_match,20,2,['O'],success,,1,less
PHENTERMINE,CC(C)(N)Cc1ccccc1,CC(C)(N)Cc1ccccc1,DHHVAGZRUROJKS-UHFFFAOYSA-N,CHEMBL1574,exact_pref_name_match,2,1,[],success,,1,less
SILDENAFIL CITRATE,CCCc1nn(C)c2c(=O)[nH]c(-c3cc(S(=O)(=O)N4CCN(C)CC4)ccc3OCC)nc12.O=C(O)CC(O)(CC(=O)O)C(=O)O,CCCc1nn(C)c2c(=O)[nH]c(-c3cc(S(=O)(=O)N4CCN(C)CC4)ccc3OCC)nc12,BNRNXUUZRGQAQC-UHFFFAOYSA-N,CHEMBL1737,exact_pref_name_match,20,2,['O=C(O)CC(O)(CC(=O)O)C(=O)O'],success,,1,less
STAVUDINE,Cc1cn([C@H]2C=C[C@@H](CO)O2)c(=O)[nH]c1=O,Cc1cn([C@H]2C=C[C@@H](CO)O2)c(=O)[nH]c1=O,XNKLLVCARDGLGL-JGVFFNPUSA-N,CHEMBL991,exact_pref_name_match,5,1,[],success,,0,no
IMIPRAMINE HYDROCHLORIDE,CN(C)CCCN1c2ccccc2CCc2ccccc21.Cl,CN(C)CCCN1c2ccccc2CCc2ccccc21,BCGWQEUPMDMJNV-UHFFFAOYSA-N,CHEMBL1692,exact_pref_name_match,20,2,['Cl'],success,,1,less
RANITIDINE HYDROCHLORIDE,CNC(=C[N+](=O)[O-])NCCSCc1ccc(CN(C)C)o1.Cl,CNC(=C[N+](=O)[O-])NCCSCc1ccc(CN(C)C)o1,VMXUWOKSQNHOCA-UHFFFAOYSA-N,CHEMBL2110372,exact_pref_name_match,20,2,['Cl'],success,,1,less
PINDOLOL,CC(C)NCC(O)COc1cccc2[nH]ccc12,CC(C)NCC(O)COc1cccc2[nH]ccc12,JZQKKSLKJUAGIC-UHFFFAOYSA-N,CHEMBL500,exact_pref_name_match,4,1,[],success,,1,less
DALFAMPRIDINE,Nc1ccncc1,Nc1ccncc1,NUKYPUAOHBNCPY-UHFFFAOYSA-N,CHEMBL284348,exact_pref_name_match,1,1,[],success,,0,no
NEVIRAPINE HEMIHYDRATE,Cc1ccnc2c1NC(=O)c1cccnc1N2C1CC1,Cc1ccnc2c1NC(=O)c1cccnc1N2C1CC1,NQDJXKOVJZTUJA-UHFFFAOYSA-N,CHEMBL57,fallback_highest_score,20,1,[],success,No exact pref_name match; chose highest score (32.0) among 20 candidates,0,no
TIZANIDINE HYDROCHLORIDE,Cl.Clc1ccc2nsnc2c1NC1=NCCN1,Clc1ccc2nsnc2c1NC1=NCCN1,XFYDIVBRZNQMJC-UHFFFAOYSA-N,CHEMBL1200329,exact_pref_name_match,20,2,['Cl'],success,,1,less
ACEBUTOLOL HYDROCHLORIDE,CCCC(=O)Nc1ccc(OCC(O)CNC(C)C)c(C(C)=O)c1.Cl,CCCC(=O)Nc1ccc(OCC(O)CNC(C)C)c(C(C)=O)c1,GOEMGAFJFRBGGG-UHFFFAOYSA-N,CHEMBL1200813,exact_pref_name_match,20,2,['Cl'],success,,1,less
TRIHEXYPHENIDYL HYDROCHLORIDE,Cl.OC(CCN1CCCCC1)(c1ccccc1)C1CCCCC1,OC(CCN1CCCCC1)(c1ccccc1)C1CCCCC1,HWHLPVGTWGOCJO-UHFFFAOYSA-N,CHEMBL1092,exact_pref_name_match,20,2,['Cl'],success,,1,less
SIMVASTATIN,CCC(C)(C)C(=O)O[C@H]1C[C@@H](C)C=C2C=C[C@H](C)[C@H](CC[C@@H]3C[C@@H](O)CC(=O)O3)[C@H]21,CCC(C)(C)C(=O)O[C@H]1C[C@@H](C)C=C2C=C[C@H](C)[C@H](CC[C@@H]3C[C@@H](O)CC(=O)O3)[C@H]21,RYMZZMVNJRMUDD-HGQWONQESA-N,CHEMBL1064,exact_pref_name_match,10,1,[],success,,1,less
MIGLUSTAT,CCCCN1C[C@H](O)[C@@H](O)[C@H](O)[C@H]1CO,CCCCN1C[C@H](O)[C@@H](O)[C@H](O)[C@H]1CO,UQRORFVVSGFNRO-UTINFBMNSA-N,CHEMBL1029,exact_pref_name_match,3,1,[],success,,0,no
RANOLAZINE,COc1ccccc1OCC(O)CN1CCN(CC(=O)Nc2c(C)cccc2C)CC1,COc1ccccc1OCC(O)CN1CCN(CC(=O)Nc2c(C)cccc2C)CC1,XKLMZUWKNUAPSZ-UHFFFAOYSA-N,CHEMBL1404,exact_pref_name_match,3,1,[],success,,1,most
BEXAROTENE,C=C(c1ccc(C(=O)O)cc1)c1cc2c(cc1C)C(C)(C)CCC2(C)C,C=C(c1ccc(C(=O)O)cc1)c1cc2c(cc1C)C(C)(C)CCC2(C)C,NAVMQTYZDKMPEU-UHFFFAOYSA-N,CHEMBL1023,exact_pref_name_match,5,1,[],success,,1,less
TICLOPIDINE HYDROCHLORIDE,Cl.Clc1ccccc1CN1CCc2sccc2C1,Clc1ccccc1CN1CCc2sccc2C1,PHWBOXQYWZNQIN-UHFFFAOYSA-N,CHEMBL1717,exact_pref_name_match,20,2,['Cl'],success,,0,no
BICALUTAMIDE,CC(O)(CS(=O)(=O)c1ccc(F)cc1)C(=O)Nc1ccc(C#N)c(C(F)(F)F)c1,CC(O)(CS(=O)(=O)c1ccc(F)cc1)C(=O)Nc1ccc(C#N)c(C(F)(F)F)c1,LKJPYSCBVHEWIU-UHFFFAOYSA-N,CHEMBL409,exact_pref_name_match,7,1,[],success,,1,less
ATORVASTATIN,CC(C)c1c(C(=O)Nc2ccccc2)c(-c2ccccc2)c(-c2ccc(F)cc2)n1CC[C@@H](O)C[C@@H](O)CC(=O)O,CC(C)c1c(C(=O)Nc2ccccc2)c(-c2ccccc2)c(-c2ccc(F)cc2)n1CC[C@@H](O)C[C@@H](O)CC(=O)O,XUKUURHRXDUEBC-KAYWLYCHSA-N,CHEMBL1487,exact_pref_name_match,5,1,[],success,,0,no
MIRTAZAPINE,CN1CCN2c3ncccc3Cc3ccccc3C2C1,CN1CCN2c3ncccc3Cc3ccccc3C2C1,RONZAEMNMFQXRA-UHFFFAOYSA-N,CHEMBL654,exact_pref_name_match,4,1,[],success,,1,most
SEVELAMER CARBONATE,,,,CHEMBL5314347,exact_pref_name_match,20,0,[],no_structure, | No canonical_smiles in ChEMBL response,0,no
CHLORPROMAZINE HYDROCHLORIDE,CN(C)CCCN1c2ccccc2Sc2ccc(Cl)cc21.Cl,CN(C)CCCN1c2ccccc2Sc2ccc(Cl)cc21,ZPEIMTDSQAKGNT-UHFFFAOYSA-N,CHEMBL1713,exact_pref_name_match,20,2,['Cl'],success,,1,less
LACTULOSE,OC[C@H]1O[C@@H](O[C@@H]2[C@@H](CO)O[C@](O)(CO)[C@H]2O)[C@H](O)[C@@H](O)[C@H]1O,OC[C@H]1O[C@@H](O[C@@H]2[C@@H](CO)O[C@](O)(CO)[C@H]2O)[C@H](O)[C@@H](O)[C@H]1O,JCQLYHFGKNRPGE-FCVZTGTOSA-N,CHEMBL296306,exact_pref_name_match,3,1,[],success,,0,no
NAPROXEN SODIUM,COc1ccc2cc([C@H](C)C(=O)[O-])ccc2c1.[Na+],COc1ccc2cc([C@H](C)C(=O)[O-])ccc2c1,CMWTZPSULFXXJA-VIFPVBQESA-M,CHEMBL1200806,exact_pref_name_match,20,2,['[Na+]'],success,,1,most
PREDNISOLONE,C[C@]12C=CC(=O)C=C1CC[C@@H]1[C@@H]2[C@@H](O)C[C@@]2(C)[C@H]1CC[C@]2(O)C(=O)CO,C[C@]12C=CC(=O)C=C1CC[C@@H]1[C@@H]2[C@@H](O)C[C@@]2(C)[C@H]1CC[C@]2(O)C(=O)CO,OIGNJSKKLXVSLS-VWUMJDOOSA-N,CHEMBL131,exact_pref_name_match,20,1,[],success,,1,less
TRAMADOL HYDROCHLORIDE,COc1cccc(C2(O)CCCCC2CN(C)C)c1.Cl,COc1cccc(C2(O)CCCCC2CN(C)C)c1,TVYLLZQTGLZFBW-UHFFFAOYSA-N,CHEMBL1237065,exact_pref_name_match,20,2,['Cl'],success,,1,less
LOVASTATIN,CC[C@H](C)C(=O)O[C@H]1C[C@@H](C)C=C2C=C[C@H](C)[C@H](CC[C@@H]3C[C@@H](O)CC(=O)O3)[C@H]21,CC[C@H](C)C(=O)O[C@H]1C[C@@H](C)C=C2C=C[C@H](C)[C@H](CC[C@@H]3C[C@@H](O)CC(=O)O3)[C@H]21,PCZOHLXUXFIOCF-BXMDZJJMSA-N,CHEMBL503,exact_pref_name_match,11,1,[],success,,0,no
RIVASTIGMINE TARTRATE,CCN(C)C(=O)Oc1cccc([C@H](C)N(C)C)c1.O=C(O)[C@H](O)[C@@H](O)C(=O)O,CCN(C)C(=O)Oc1cccc([C@H](C)N(C)C)c1,XSVMFMHYUFZWBK-NSHDSACASA-N,CHEMBL1201092,exact_pref_name_match,20,2,['O=C(O)[C@H](O)[C@@H](O)C(=O)O'],success,,1,less
MEPROBAMATE,CCCC(C)(COC(N)=O)COC(N)=O,CCCC(C)(COC(N)=O)COC(N)=O,NPPQSCRMBWNHMW-UHFFFAOYSA-N,CHEMBL979,exact_pref_name_match,2,1,[],success,,1,less
CAPTOPRIL,C[C@H](CS)C(=O)N1CCC[C@H]1C(=O)O,C[C@H](CS)C(=O)N1CCC[C@H]1C(=O)O,FAKRSMQSSFJEIM-RQJHMYQMSA-N,CHEMBL1560,exact_pref_name_match,10,1,[],success,,1,less
FLAVOXATE HYDROCHLORIDE,Cc1c(-c2ccccc2)oc2c(C(=O)OCCN3CCCCC3)cccc2c1=O.Cl,Cc1c(-c2ccccc2)oc2c(C(=O)OCCN3CCCCC3)cccc2c1=O,SPIUTQOUKAMGCX-UHFFFAOYSA-N,CHEMBL1200875,exact_pref_name_match,20,2,['Cl'],success,,1,less
METHAMPHETAMINE HYDROCHLORIDE,CN[C@@H](C)Cc1ccccc1.Cl,CN[C@@H](C)Cc1ccccc1,MYWUZJCMWCOHBA-VIFPVBQESA-N,CHEMBL1200952,exact_pref_name_match,20,2,['Cl'],success,,1,most
CEFIXIME,C=CC1=C(C(=O)O)N2C(=O)[C@@H](NC(=O)/C(=N\OCC(=O)O)c3csc(N)n3)[C@H]2SC1,C=CC1=C(C(=O)O)N2C(=O)[C@@H](NC(=O)/C(=N\OCC(=O)O)c3csc(N)n3)[C@H]2SC1,OKBVVJOGVLARMR-QSWIMTSFSA-N,CHEMBL1541,exact_pref_name_match,1,1,[],success,,0,no
CYCLOSERINE,N[C@@H]1CONC1=O,N[C@@H]1CONC1=O,DYDCUQKUCUHJBH-UWTATZPHSA-N,CHEMBL771,exact_pref_name_match,4,1,[],success,,1,less
MECLOFENAMATE SODIUM,Cc1ccc(Cl)c(Nc2ccccc2C(=O)[O-])c1Cl.O.[Na+],Cc1ccc(Cl)c(Nc2ccccc2C(=O)[O-])c1Cl,SBDNJUWAMKYJOX-UHFFFAOYSA-M,CHEMBL1562610,exact_pref_name_match,20,3,"['O', '[Na+]']",success,,1,most
FOLIC ACID,Nc1nc(=O)c2nc(CNc3ccc(C(=O)N[C@@H](CCC(=O)O)C(=O)O)cc3)cnc2[nH]1,Nc1nc(=O)c2nc(CNc3ccc(C(=O)N[C@@H](CCC(=O)O)C(=O)O)cc3)cnc2[nH]1,OVBPIULPVIDEAO-LBPRGKRZSA-N,CHEMBL1622,exact_pref_name_match,20,1,[],success,,0,no
NITROFURANTOIN,O=C1CN(/N=C/c2ccc([N+](=O)[O-])o2)C(=O)N1,O=C1CN(/N=C/c2ccc([N+](=O)[O-])o2)C(=O)N1,NXFQHRVNIOXGAQ-YCRREMRBSA-N,CHEMBL572,exact_pref_name_match,2,1,[],success,,1,less
MYCOPHENOLATE MOFETIL,COc1c(C)c2c(c(O)c1C/C=C(\C)CCC(=O)OCCN1CCOCC1)C(=O)OC2,COc1c(C)c2c(c(O)c1C/C=C(\C)CCC(=O)OCCN1CCOCC1)C(=O)OC2,RTGDFNSFWBGLEC-SYZQJQIISA-N,CHEMBL1456,exact_pref_name_match,20,1,[],success,,1,less
KETOPROFEN,CC(C(=O)O)c1cccc(C(=O)c2ccccc2)c1,CC(C(=O)O)c1cccc(C(=O)c2ccccc2)c1,DKYWVDODHFEZIM-UHFFFAOYSA-N,CHEMBL571,exact_pref_name_match,12,1,[],success,,1,most
DULOXETINE HYDROCHLORIDE,CNCC[C@H](Oc1cccc2ccccc12)c1cccs1.Cl,CNCC[C@H](Oc1cccc2ccccc12)c1cccs1,ZEUITGRIYCTCEM-KRWDZBQOSA-N,CHEMBL1200328,exact_pref_name_match,20,2,['Cl'],success,,1,less
RAMELTEON,CCC(=O)NCC[C@@H]1CCc2ccc3c(c21)CCO3,CCC(=O)NCC[C@@H]1CCc2ccc3c(c21)CCO3,YLXDSYKOBKBWJQ-LBPRGKRZSA-N,CHEMBL1218,exact_pref_name_match,2,1,[],success,,0,no
FLUCONAZOLE,OC(Cn1cncn1)(Cn1cncn1)c1ccc(F)cc1F,OC(Cn1cncn1)(Cn1cncn1)c1ccc(F)cc1F,RFHAOTPXVQNOHP-UHFFFAOYSA-N,CHEMBL106,exact_pref_name_match,4,1,[],success,,1,most
CYCLOPHOSPHAMIDE,O.O=P1(N(CCCl)CCCl)NCCCO1,O=P1(N(CCCl)CCCl)NCCCO1,CMSMOCZEIVJLDB-UHFFFAOYSA-N,CHEMBL1200796,exact_pref_name_match,8,2,['O'],success,,1,most
IMATINIB MESYLATE,CS(=O)(=O)O.Cc1ccc(NC(=O)c2ccc(CN3CCN(C)CC3)cc2)cc1Nc1nccc(-c2cccnc2)n1,Cc1ccc(NC(=O)c2ccc(CN3CCN(C)CC3)cc2)cc1Nc1nccc(-c2cccnc2)n1,KTUFNOKKBVMGRW-UHFFFAOYSA-N,CHEMBL1642,exact_pref_name_match,20,2,['CS(=O)(=O)O'],success,,1,most
IVERMECTIN,CC[C@H](C)[C@H]1O[C@]2(CC[C@@H]1C)C[C@@H]1C[C@@H](C/C=C(\C)[C@@H](O[C@H]3C[C@H](OC)[C@@H](O[C@H]4C[C@H](OC)[C@@H](O)[C@H](C)O4)[C@H](C)O3)[C@@H](C)/C=C/C=C3\CO[C@]4(O)[C@H](O)C(C)=C[C@@H](C(=O)O1)[C@]34O)O2,CC[C@H](C)[C@H]1O[C@]2(CC[C@@H]1C)C[C@@H]1C[C@@H](C/C=C(\C)[C@@H](O[C@H]3C[C@H](OC)[C@@H](O[C@H]4C[C@H](OC)[C@@H](O)[C@H](C)O4)[C@H](C)O3)[C@@H](C)/C=C/C=C3\CO[C@]4(O)[C@H](O)C(C)=C[C@@H](C(=O)O1)[C@]34O)O2,CCNVFFXHYWBOGH-XLEFBCLLSA-N,CHEMBL6067487,exact_pref_name_match,20,0,[],no_structure, | No canonical_smiles in ChEMBL response,1,less
RANITIDINE,CNC(=C[N+](=O)[O-])NCCSCc1ccc(CN(C)C)o1,CNC(=C[N+](=O)[O-])NCCSCc1ccc(CN(C)C)o1,VMXUWOKSQNHOCA-UHFFFAOYSA-N,CHEMBL1790041,exact_pref_name_match,4,1,[],success,,1,less
CORTISONE ACETATE,CC(=O)OCC(=O)[C@@]1(O)CC[C@H]2[C@@H]3CCC4=CC(=O)CC[C@]4(C)[C@H]3C(=O)C[C@@]21C,CC(=O)OCC(=O)[C@@]1(O)CC[C@H]2[C@@H]3CCC4=CC(=O)CC[C@]4(C)[C@H]3C(=O)C[C@@]21C,ITRJWOMZKQRYTA-RFZYENFJSA-N,CHEMBL1650,exact_pref_name_match,20,1,[],success,,1,less
AMLODIPINE BESYLATE,CCOC(=O)C1=C(COCCN)NC(C)=C(C(=O)OC)C1c1ccccc1Cl.O=S(=O)(O)c1ccccc1,CCOC(=O)C1=C(COCCN)NC(C)=C(C(=O)OC)C1c1ccccc1Cl,HTIQEAQVCYTUBX-UHFFFAOYSA-N,CHEMBL1200402,exact_pref_name_match,20,2,['O=S(=O)(O)c1ccccc1'],success,,1,most
PAROMOMYCIN SULFATE,NC[C@@H]1O[C@H](O[C@H]2[C@@H](O)[C@H](O[C@@H]3[C@@H](O)[C@H](N)C[C@H](N)[C@H]3O[C@H]3O[C@H](CO)[C@@H](O)[C@H](O)[C@H]3N)O[C@@H]2CO)[C@H](N)[C@@H](O)[C@@H]1O.O=S(=O)(O)O,NC[C@@H]1O[C@H](O[C@H]2[C@@H](O)[C@H](O[C@@H]3[C@@H](O)[C@H](N)C[C@H](N)[C@H]3O[C@H]3O[C@H](CO)[C@@H](O)[C@H](O)[C@H]3N)O[C@@H]2CO)[C@H](N)[C@@H](O)[C@@H]1O,UOZODPSAJZTQNH-LSWIJEOBSA-N,CHEMBL2206196,exact_pref_name_match,20,2,['O=S(=O)(O)O'],success,,0,no
ROSUVASTATIN CALCIUM,CC(C)c1nc(N(C)S(C)(=O)=O)nc(-c2ccc(F)cc2)c1/C=C/[C@@H](O)C[C@@H](O)CC(=O)[O-].CC(C)c1nc(N(C)S(C)(=O)=O)nc(-c2ccc(F)cc2)c1/C=C/[C@@H](O)C[C@@H](O)CC(=O)[O-].[Ca+2],CC(C)c1nc(N(C)S(C)(=O)=O)nc(-c2ccc(F)cc2)c1/C=C/[C@@H](O)C[C@@H](O)CC(=O)[O-],BPRHUIZQVSMCRT-VEUZHWNKSA-M,CHEMBL1744447,exact_pref_name_match,20,3,"['CC(C)c1nc(N(C)S(C)(=O)=O)nc(-c2ccc(F)cc2)c1/C=C/[C@@H](O)C[C@@H](O)CC(=O)[O-]', '[Ca+2]']",success,,0,no
PALIPERIDONE,Cc1nc2n(c(=O)c1CCN1CCC(c3noc4cc(F)ccc34)CC1)CCCC2O,Cc1nc2n(c(=O)c1CCN1CCC(c3noc4cc(F)ccc34)CC1)CCCC2O,PMXMIIMHBWHSKN-UHFFFAOYSA-N,CHEMBL1621,exact_pref_name_match,4,1,[],success,,1,most
ARIPIPRAZOLE,O=C1CCc2ccc(OCCCCN3CCN(c4cccc(Cl)c4Cl)CC3)cc2N1,O=C1CCc2ccc(OCCCCN3CCN(c4cccc(Cl)c4Cl)CC3)cc2N1,CEUORZQYGODEFX-UHFFFAOYSA-N,CHEMBL1112,exact_pref_name_match,4,1,[],success,,1,less
VARENICLINE TARTRATE,O=C(O)[C@H](O)[C@@H](O)C(=O)O.c1cnc2cc3c(cc2n1)[C@@H]1CNC[C@H]3C1,c1cnc2cc3c(cc2n1)[C@@H]1CNC[C@H]3C1,JQSHBVHOMNKWFT-DTORHVGOSA-N,CHEMBL6067972,exact_pref_name_match,20,2,['O=C(O)[C@H](O)[C@@H](O)C(=O)O'],success,,1,less
VALSARTAN,CCCCC(=O)N(Cc1ccc(-c2ccccc2-c2nnn[nH]2)cc1)[C@H](C(=O)O)C(C)C,CCCCC(=O)N(Cc1ccc(-c2ccccc2-c2nnn[nH]2)cc1)[C@H](C(=O)O)C(C)C,ACWBQPMHZXGDFX-QFIPXVFZSA-N,CHEMBL1069,exact_pref_name_match,2,1,[],success,,1,less
AMOXICILLIN,CC1(C)S[C@@H]2[C@H](NC(=O)[C@H](N)c3ccc(O)cc3)C(=O)N2[C@H]1C(=O)O,CC1(C)S[C@@H]2[C@H](NC(=O)[C@H](N)c3ccc(O)cc3)C(=O)N2[C@H]1C(=O)O,LSQZJLSUYDQPKJ-NJBDSQKTSA-N,CHEMBL1082,exact_pref_name_match,7,1,[],success,,0,no
CIMETIDINE,CN/C(=N\CCSCc1nc[nH]c1C)NC#N,CN/C(=N\CCSCc1nc[nH]c1C)NC#N,AQIXAKUUQRKLND-UHFFFAOYSA-N,CHEMBL30,exact_pref_name_match,20,1,[],success,,1,less
DEXAMETHASONE,C[C@@H]1C[C@H]2[C@@H]3CCC4=CC(=O)C=C[C@]4(C)[C@@]3(F)[C@@H](O)C[C@]2(C)[C@@]1(O)C(=O)CO,C[C@@H]1C[C@H]2[C@@H]3CCC4=CC(=O)C=C[C@]4(C)[C@@]3(F)[C@@H](O)C[C@]2(C)[C@@]1(O)C(=O)CO,UREBDLICKHMUKA-CXSFZGCWSA-N,CHEMBL384467,exact_pref_name_match,18,1,[],success,,1,less
AMILORIDE HYDROCHLORIDE ANHYDROUS,Cl.N=C(N)NC(=O)c1nc(Cl)c(N)nc1N.O.O,N=C(N)NC(=O)c1nc(Cl)c(N)nc1N,XSDQTOBWRPYKKA-UHFFFAOYSA-N,CHEMBL1398126,fallback_highest_score,20,4,"['Cl', 'O', 'O']",success,No exact pref_name match; chose highest score (49.0) among 20 candidates,1,less
FUROSEMIDE,NS(=O)(=O)c1cc(C(=O)O)c(NCc2ccco2)cc1Cl,NS(=O)(=O)c1cc(C(=O)O)c(NCc2ccco2)cc1Cl,ZZUFCTLCJUWOSV-UHFFFAOYSA-N,CHEMBL35,exact_pref_name_match,6,1,[],success,,1,less
LETROZOLE,N#Cc1ccc(C(c2ccc(C#N)cc2)n2cncn2)cc1,N#Cc1ccc(C(c2ccc(C#N)cc2)n2cncn2)cc1,HPJKCIUCZWXJDR-UHFFFAOYSA-N,CHEMBL1444,exact_pref_name_match,1,1,[],success,,1,less
RILUZOLE,Nc1nc2ccc(OC(F)(F)F)cc2s1,Nc1nc2ccc(OC(F)(F)F)cc2s1,FTALBRSUTCGOEG-UHFFFAOYSA-N,CHEMBL744,exact_pref_name_match,12,1,[],success,,1,less
Dronabinol,CCCCCc1cc(O)c2c(c1)OC(C)(C)[C@@H]1CCC(C)=C[C@@H]21,CCCCCc1cc(O)c2c(c1)OC(C)(C)[C@@H]1CCC(C)=C[C@@H]21,CYQFCXCEBYINGO-IAGOWNOFSA-N,CHEMBL465,exact_pref_name_match,1,1,[],success,,1,less
OXANDROLONE,C[C@]12COC(=O)C[C@@H]1CC[C@@H]1[C@@H]2CC[C@@]2(C)[C@H]1CC[C@]2(C)O,C[C@]12COC(=O)C[C@@H]1CC[C@@H]1[C@@H]2CC[C@@]2(C)[C@H]1CC[C@]2(C)O,QSLJIVKCVHQPLV-PEMPUTJUSA-N,CHEMBL1200436,exact_pref_name_match,2,1,[],success,,0,no
FOSFOMYCIN TROMETHAMINE,C[C@@H]1O[C@@H]1P(=O)(O)O.NC(CO)(CO)CO,C[C@@H]1O[C@@H]1P(=O)(O)O,YMDXZJFXQJVXBF-STHAYSLISA-N,CHEMBL1200331,exact_pref_name_match,20,2,['NC(CO)(CO)CO'],success,,0,no
TAMOXIFEN CITRATE,CC/C(=C(\c1ccccc1)c1ccc(OCCN(C)C)cc1)c1ccccc1.O=C(O)CC(O)(CC(=O)O)C(=O)O,CC/C(=C(\c1ccccc1)c1ccc(OCCN(C)C)cc1)c1ccccc1,NKANXQFJJICGDU-QPLCGJKRSA-N,CHEMBL786,exact_pref_name_match,20,2,['O=C(O)CC(O)(CC(=O)O)C(=O)O'],success,,1,less
VENLAFAXINE HYDROCHLORIDE,COc1ccc(C(CN(C)C)C2(O)CCCCC2)cc1.Cl,COc1ccc(C(CN(C)C)C2(O)CCCCC2)cc1,PNVNVHUZROJLTJ-UHFFFAOYSA-N,CHEMBL1201066,exact_pref_name_match,20,2,['Cl'],success,,1,less
DIFLUNISAL,O=C(O)c1cc(-c2ccc(F)cc2F)ccc1O,O=C(O)c1cc(-c2ccc(F)cc2F)ccc1O,HUPFGZXOMWLGNK-UHFFFAOYSA-N,CHEMBL898,exact_pref_name_match,3,1,[],success,,1,most
LORATADINE,CCOC(=O)N1CCC(=C2c3ccc(Cl)cc3CCc3cccnc32)CC1,CCOC(=O)N1CCC(=C2c3ccc(Cl)cc3CCc3cccnc32)CC1,JCCNYMKQOSZNPW-UHFFFAOYSA-N,CHEMBL998,exact_pref_name_match,11,1,[],success,,0,no
METFORMIN HYDROCHLORIDE,CN(C)C(=N)NC(=N)N.Cl,CN(C)C(=N)NC(=N)N,XZWYZXLIPXDOLR-UHFFFAOYSA-N,CHEMBL1703,exact_pref_name_match,20,2,['Cl'],success,,1,most
LOPERAMIDE HYDROCHLORIDE,CN(C)C(=O)C(CCN1CCC(O)(c2ccc(Cl)cc2)CC1)(c1ccccc1)c1ccccc1.Cl,CN(C)C(=O)C(CCN1CCC(O)(c2ccc(Cl)cc2)CC1)(c1ccccc1)c1ccccc1,RDOIQAHITMMDAJ-UHFFFAOYSA-N,CHEMBL1707,exact_pref_name_match,20,2,['Cl'],success,,1,most
FLUTAMIDE,CC(C)C(=O)Nc1ccc([N+](=O)[O-])c(C(F)(F)F)c1,CC(C)C(=O)Nc1ccc([N+](=O)[O-])c(C(F)(F)F)c1,MKXKFYHWDHIYRV-UHFFFAOYSA-N,CHEMBL806,exact_pref_name_match,3,1,[],success,,1,less
HYDROXYZINE DIHYDROCHLORIDE,Cl.Cl.OCCOCCN1CCN(C(c2ccccc2)c2ccc(Cl)cc2)CC1,OCCOCCN1CCN(C(c2ccccc2)c2ccc(Cl)cc2)CC1,ZQDWXGKKHFNSQK-UHFFFAOYSA-N,CHEMBL3186993,fallback_highest_score,20,3,"['Cl', 'Cl']",success,No exact pref_name match; chose highest score (48.0) among 20 candidates,1,most
LUBIPROSTONE,CCCCC(F)(F)[C@@]1(O)CC[C@H]2[C@@H](CC(=O)[C@@H]2CCCCCCC(=O)O)O1,CCCCC(F)(F)[C@@]1(O)CC[C@H]2[C@@H](CC(=O)[C@@H]2CCCCCCC(=O)O)O1,WGFOBBZOWHGYQH-MXHNKVEKSA-N,CHEMBL1201134,exact_pref_name_match,1,1,[],success,,1,less
FLURAZEPAM HYDROCHLORIDE,CCN(CC)CCN1C(=O)CN=C(c2ccccc2F)c2cc(Cl)ccc21.Cl.Cl,CCN(CC)CCN1C(=O)CN=C(c2ccccc2F)c2cc(Cl)ccc21,SAADBVWGJQAEFS-UHFFFAOYSA-N,CHEMBL3989724,exact_pref_name_match,20,3,"['Cl', 'Cl']",success,,1,less
ALFUZOSIN HYDROCHLORIDE,COc1cc2nc(N(C)CCCNC(=O)C3CCCO3)nc(N)c2cc1OC.Cl,COc1cc2nc(N(C)CCCNC(=O)C3CCCO3)nc(N)c2cc1OC,WNMJYKCGWZFFKR-UHFFFAOYSA-N,CHEMBL1723,exact_pref_name_match,20,2,['Cl'],success,,1,less
TADALAFIL,CN1CC(=O)N2[C@H](c3ccc4c(c3)OCO4)c3[nH]c4ccccc4c3C[C@@H]2C1=O,CN1CC(=O)N2[C@H](c3ccc4c(c3)OCO4)c3[nH]c4ccccc4c3C[C@@H]2C1=O,WOXKDUGGOYFFRN-IIBYNOLFSA-N,CHEMBL779,exact_pref_name_match,4,1,[],success,,1,less
DIGOXIN,C[C@H]1O[C@@H](O[C@H]2[C@@H](O)C[C@H](O[C@H]3[C@@H](O)C[C@H](O[C@H]4CC[C@@]5(C)[C@H](CC[C@@H]6[C@@H]5C[C@@H](O)[C@]5(C)[C@@H](C7=CC(=O)OC7)CC[C@]65O)C4)O[C@@H]3C)O[C@@H]2C)C[C@H](O)[C@@H]1O,C[C@H]1O[C@@H](O[C@H]2[C@@H](O)C[C@H](O[C@H]3[C@@H](O)C[C@H](O[C@H]4CC[C@@]5(C)[C@H](CC[C@@H]6[C@@H]5C[C@@H](O)[C@]5(C)[C@@H](C7=CC(=O)OC7)CC[C@]65O)C4)O[C@@H]3C)O[C@@H]2C)C[C@H](O)[C@@H]1O,LTMHDMANZUZIPE-PUGKRICDSA-N,CHEMBL1751,exact_pref_name_match,9,1,[],success,,1,most
THIOTHIXENE,CN1CCN(CC/C=C2/c3ccccc3Sc3ccc(S(=O)(=O)N(C)C)cc32)CC1,CN1CCN(CC/C=C2/c3ccccc3Sc3ccc(S(=O)(=O)N(C)C)cc32)CC1,GFBKORZTTCHDGY-UWVJOHFNSA-N,CHEMBL1201,exact_pref_name_match,4,1,[],success,,1,less
URSODIOL,C[C@H](CCC(=O)O)[C@H]1CC[C@H]2[C@@H]3[C@@H](O)C[C@@H]4C[C@H](O)CC[C@]4(C)[C@H]3CC[C@]12C,C[C@H](CCC(=O)O)[C@H]1CC[C@H]2[C@@H]3[C@@H](O)C[C@@H]4C[C@H](O)CC[C@]4(C)[C@H]3CC[C@]12C,RUDATBOHQWOJDD-UZVSRGJWSA-N,CHEMBL1551,exact_pref_name_match,2,1,[],success,,0,no
PROPYLTHIOURACIL,CCCc1cc(=O)[nH]c(=S)[nH]1,CCCc1cc(=O)[nH]c(=S)[nH]1,KNAHARQHSZJURB-UHFFFAOYSA-N,CHEMBL1518,exact_pref_name_match,1,1,[],success,,0,no
vancomycin hydrochloride,CN[C@H](CC(C)C)C(=O)N[C@H]1C(=O)N[C@@H](CC(N)=O)C(=O)N[C@H]2C(=O)N[C@H]3C(=O)N[C@H](C(=O)N[C@H](C(=O)O)c4cc(O)cc(O)c4-c4cc3ccc4O)[C@H](O)c3ccc(c(Cl)c3)Oc3cc2cc(c3O[C@@H]2O[C@H](CO)[C@@H](O)[C@H](O)[C@H]2O[C@H]2C[C@](C)(N)[C@H](O)[C@H](C)O2)Oc2ccc(cc2Cl)[C@H]1O.Cl,CN[C@H](CC(C)C)C(=O)N[C@H]1C(=O)N[C@@H](CC(N)=O)C(=O)N[C@H]2C(=O)N[C@H]3C(=O)N[C@H](C(=O)N[C@H](C(=O)O)c4cc(O)cc(O)c4-c4cc3ccc4O)[C@H](O)c3ccc(c(Cl)c3)Oc3cc2cc(c3O[C@@H]2O[C@H](CO)[C@@H](O)[C@H](O)[C@H]2O[C@H]2C[C@](C)(N)[C@H](O)[C@H](C)O2)Oc2ccc(cc2Cl)[C@H]1O,MYPYJXKWCTUITO-LYRMYLQWSA-N,CHEMBL1200628,exact_pref_name_match,20,2,['Cl'],success,,0,no
SELEGILINE HYDROCHLORIDE,C#CCN(C)[C@H](C)Cc1ccccc1.Cl,C#CCN(C)[C@H](C)Cc1ccccc1,MEZLKOACVSPNER-GFCCVEGCSA-N,CHEMBL1200904,exact_pref_name_match,20,2,['Cl'],success,,1,less
TRIFLUOPERAZINE HYDROCHLORIDE,CN1CCN(CCCN2c3ccccc3Sc3ccc(C(F)(F)F)cc32)CC1.Cl.Cl,CN1CCN(CCCN2c3ccccc3Sc3ccc(C(F)(F)F)cc32)CC1,ZEWQUBUPAILYHI-UHFFFAOYSA-N,CHEMBL1257040,exact_pref_name_match,20,3,"['Cl', 'Cl']",success,,1,less
LEVOFLOXACIN,C[C@H]1COc2c(N3CCN(C)CC3)c(F)cc3c(=O)c(C(=O)O)cn1c23.C[C@H]1COc2c(N3CCN(C)CC3)c(F)cc3c(=O)c(C(=O)O)cn1c23.O,C[C@H]1COc2c(N3CCN(C)CC3)c(F)cc3c(=O)c(C(=O)O)cn1c23,GSDSWSVVBLHKDQ-JTQLQIEISA-N,CHEMBL5315124,exact_pref_name_match,5,3,"['C[C@H]1COc2c(N3CCN(C)CC3)c(F)cc3c(=O)c(C(=O)O)cn1c23', 'O']",success,,1,most
TRAZODONE HYDROCHLORIDE,Cl.O=c1n(CCCN2CCN(c3cccc(Cl)c3)CC2)nc2ccccn12,O=c1n(CCCN2CCN(c3cccc(Cl)c3)CC2)nc2ccccn12,PHLBKPHSAVXXEF-UHFFFAOYSA-N,CHEMBL1200798,exact_pref_name_match,20,2,['Cl'],success,,1,most
CEFDINIR MONOHYDRATE,C=CC1=C(C(=O)O)N2C(=O)[C@@H](NC(=O)/C(=N\O)c3csc(N)n3)[C@H]2SC1,C=CC1=C(C(=O)O)N2C(=O)[C@@H](NC(=O)/C(=N\O)c3csc(N)n3)[C@H]2SC1,RTXOFQZKPXMALH-GHXIOONMSA-N,CHEMBL927,fallback_highest_score,20,1,[],success,No exact pref_name match; chose highest score (34.0) among 20 candidates,1,less
CHLOROQUINE PHOSPHATE,CCN(CC)CCCC(C)Nc1ccnc2cc(Cl)ccc12.O=P(O)(O)O.O=P(O)(O)O,CCN(CC)CCCC(C)Nc1ccnc2cc(Cl)ccc12,WHTVZRBIWZFKQO-UHFFFAOYSA-N,CHEMBL58510,exact_pref_name_match,20,3,"['O=P(O)(O)O', 'O=P(O)(O)O']",success,,1,most
AMPHETAMINE SULFATE,CC(N)Cc1ccccc1.O=S(=O)(O)O,CC(N)Cc1ccccc1,KWTSXDURSIMDCE-UHFFFAOYSA-N,CHEMBL501,exact_pref_name_match,20,2,['O=S(=O)(O)O'],success,,1,most
Tizanidine,Clc1ccc2nsnc2c1NC1=NCCN1,Clc1ccc2nsnc2c1NC1=NCCN1,XFYDIVBRZNQMJC-UHFFFAOYSA-N,CHEMBL1079,exact_pref_name_match,2,1,[],success,,1,less
EPLERENONE,COC(=O)[C@@H]1CC2=CC(=O)CC[C@]2(C)[C@@]23O[C@@H]2C[C@@]2(C)[C@@H](CC[C@@]24CCC(=O)O4)[C@H]13,COC(=O)[C@@H]1CC2=CC(=O)CC[C@]2(C)[C@@]23O[C@@H]2C[C@@]2(C)[C@@H](CC[C@@]24CCC(=O)O4)[C@H]13,JUKPWJGBANNWMW-VWBFHTRKSA-N,CHEMBL1095097,exact_pref_name_match,1,1,[],success,,1,less
PHENDIMETRAZINE TARTRATE,C[C@H]1[C@H](c2ccccc2)OCCN1C.O=C(O)C(O)C(O)C(=O)O,C[C@H]1[C@H](c2ccccc2)OCCN1C,MFOCDFTXLCYLKU-CMPLNLGQSA-N,CHEMBL2062163,exact_pref_name_match,20,2,['O=C(O)C(O)C(O)C(=O)O'],success,,1,less
PROPAFENONE,CCCNCC(O)COc1ccccc1C(=O)CCc1ccccc1,CCCNCC(O)COc1ccccc1C(=O)CCc1ccccc1,JWHAUXFOSRPERK-UHFFFAOYSA-N,CHEMBL631,exact_pref_name_match,12,1,[],success,,1,most
PANTOPRAZOLE SODIUM,COc1ccnc(C[S+]([O-])c2nc3cc(OC(F)F)ccc3[n-]2)c1OC.O.[Na+],COc1ccnc(C[S+]([O-])c2nc3cc(OC(F)F)ccc3[n-]2)c1OC,HEYBXKVTQOEUTP-UHFFFAOYSA-N,CHEMBL3989559,exact_pref_name_match,20,3,"['O', '[Na+]']",success,,0,no
CAPECITABINE,CCCCCOC(=O)Nc1nc(=O)n([C@@H]2O[C@H](C)[C@@H](O)[C@H]2O)cc1F,CCCCCOC(=O)Nc1nc(=O)n([C@@H]2O[C@H](C)[C@@H](O)[C@H]2O)cc1F,GAGWJHPBXLXJQN-UORFTKCHSA-N,CHEMBL1773,exact_pref_name_match,2,1,[],success,,1,most
ALVIMOPAN,C[C@H]1CN(C[C@H](Cc2ccccc2)C(=O)NCC(=O)O)CC[C@@]1(C)c1cccc(O)c1,C[C@H]1CN(C[C@H](Cc2ccccc2)C(=O)NCC(=O)O)CC[C@@]1(C)c1cccc(O)c1,UPNUIXSCZBYVBB-JVFUWBCBSA-N,CHEMBL270190,exact_pref_name_match,2,1,[],success,,1,most
PARICALCITOL,C[C@H](/C=C/[C@H](C)C(C)(C)O)[C@H]1CC[C@H]2/C(=C/C=C3C[C@@H](O)C[C@H](O)C3)CCC[C@]12C,C[C@H](/C=C/[C@H](C)C(C)(C)O)[C@H]1CC[C@H]2/C(=C/C=C3C[C@@H](O)C[C@H](O)C3)CCC[C@]12C,BPKAHTKRCLCHEA-UBFJEZKGSA-N,CHEMBL1200622,exact_pref_name_match,1,1,[],success,,1,less
REPAGLINIDE,CCOc1cc(CC(=O)N[C@@H](CC(C)C)c2ccccc2N2CCCCC2)ccc1C(=O)O,CCOc1cc(CC(=O)N[C@@H](CC(C)C)c2ccccc2N2CCCCC2)ccc1C(=O)O,FAEKWTJYAYMJKF-QHCPKHFHSA-N,CHEMBL1272,exact_pref_name_match,4,1,[],success,,1,less
CETIRIZINE HYDROCHLORIDE,Cl.Cl.O=C(O)COCCN1CCN(C(c2ccccc2)c2ccc(Cl)cc2)CC1,O=C(O)COCCN1CCN(C(c2ccccc2)c2ccc(Cl)cc2)CC1,ZKLPARSLTMPFCP-UHFFFAOYSA-N,CHEMBL1607273,exact_pref_name_match,20,3,"['Cl', 'Cl']",success,,1,less
PRAZIQUANTEL,O=C(C1CCCCC1)N1CC(=O)N2CCc3ccccc3C2C1,O=C(C1CCCCC1)N1CC(=O)N2CCc3ccccc3C2C1,FSVJFNAIGNNGKK-UHFFFAOYSA-N,CHEMBL976,exact_pref_name_match,4,1,[],success,,1,most
DIVALPROEX SODIUM,CCCC(CCC)C(=O)O.CCCC(CCC)C(=O)[O-].[Na+],CCCC(CCC)C(=O)O,NIJJYAXOARWZEE-UHFFFAOYSA-N,CHEMBL2105613,exact_pref_name_match,20,3,"['CCCC(CCC)C(=O)[O-]', '[Na+]']",success,,1,less
CLORAZEPATE DIPOTASSIUM,O=C([O-])C1N=C(c2ccccc2)c2cc(Cl)ccc2NC1=O.[K+].[K+].[OH-],O=C([O-])C1N=C(c2ccccc2)c2cc(Cl)ccc2NC1=O,XDDJGVMJFWAHJX-UHFFFAOYSA-M,CHEMBL2096631,exact_pref_name_match,20,4,"['[K+]', '[K+]', '[OH-]']",success,,0,no
ALLOPURINOL,Oc1ncnc2[nH]ncc12,Oc1ncnc2[nH]ncc12,OFCNXPDARWKPPY-UHFFFAOYSA-N,CHEMBL1467,exact_pref_name_match,9,1,[],success,,1,less
PHENYTOIN,O=C1NC(=O)C(c2ccccc2)(c2ccccc2)N1,O=C1NC(=O)C(c2ccccc2)(c2ccccc2)N1,CXOFVDLJLONNDW-UHFFFAOYSA-N,CHEMBL16,exact_pref_name_match,6,1,[],success,,1,most
WARFARIN SODIUM,CC(=O)CC(c1ccccc1)c1c([O-])c2ccccc2oc1=O.[Na+],CC(=O)CC(c1ccccc1)c1c([O-])c2ccccc2oc1=O,PJVWKTKQMONHTI-UHFFFAOYSA-M,CHEMBL1200879,exact_pref_name_match,20,2,['[Na+]'],success,,0,no
VALPROIC ACID,CCCC(CCC)C(=O)O,CCCC(CCC)C(=O)O,NIJJYAXOARWZEE-UHFFFAOYSA-N,CHEMBL109,exact_pref_name_match,20,1,[],success,,1,less
MEXILETINE HYDROCHLORIDE,Cc1cccc(C)c1OCC(C)N.Cl,Cc1cccc(C)c1OCC(C)N,VLPIATFUUWWMKC-UHFFFAOYSA-N,CHEMBL1200606,exact_pref_name_match,20,2,['Cl'],success,,1,most
MEFLOQUINE HYDROCHLORIDE,Cl.OC(c1cc(C(F)(F)F)nc2c(C(F)(F)F)cccc12)C1CCCCN1,OC(c1cc(C(F)(F)F)nc2c(C(F)(F)F)cccc12)C1CCCCN1,XEEQGYMUWCZPDN-UHFFFAOYSA-N,CHEMBL535650,exact_pref_name_match,20,2,['Cl'],success,,1,most
OXYMORPHONE HYDROCHLORIDE,CN1CC[C@]23c4c5ccc(O)c4O[C@H]2C(=O)CC[C@@]3(O)[C@H]1C5.Cl,CN1CC[C@]23c4c5ccc(O)c4O[C@H]2C(=O)CC[C@@]3(O)[C@H]1C5,UQCNKQCJZOAFTQ-ISWURRPUSA-N,CHEMBL1200794,exact_pref_name_match,20,2,['Cl'],success,,1,less
LEVONORGESTREL,C#C[C@]1(O)CC[C@H]2[C@@H]3CCC4=CC(=O)CC[C@@H]4[C@H]3CC[C@@]21CC,C#C[C@]1(O)CC[C@H]2[C@@H]3CCC4=CC(=O)CC[C@@H]4[C@H]3CC[C@@]21CC,WWYNJERNGUHSAO-XUDSTZEESA-N,CHEMBL1389,exact_pref_name_match,2,1,[],success,,0,no
ESCITALOPRAM OXALATE,CN(C)CCC[C@@]1(c2ccc(F)cc2)OCc2cc(C#N)ccc21.O=C(O)C(=O)O,CN(C)CCC[C@@]1(c2ccc(F)cc2)OCc2cc(C#N)ccc21,WSEQXVZVJXJVFP-FQEVSTJZSA-N,CHEMBL1200322,exact_pref_name_match,20,2,['O=C(O)C(=O)O'],success,,1,less
TOLTERODINE TARTRATE,Cc1ccc(O)c([C@H](CCN(C(C)C)C(C)C)c2ccccc2)c1.O=C(O)C(O)C(O)C(=O)O,Cc1ccc(O)c([C@H](CCN(C(C)C)C(C)C)c2ccccc2)c1,OOGJQPCLVADCPB-HXUWFJFHSA-N,CHEMBL1722209,exact_pref_name_match,20,2,['O=C(O)C(O)C(O)C(=O)O'],success,,1,less
CEPHALEXIN ANHYDROUS,CC1=C(C(=O)O)N2C(=O)[C@@H](NC(=O)[C@H](N)c3ccccc3)[C@H]2SC1,CC1=C(C(=O)O)N2C(=O)[C@@H](NC(=O)[C@H](N)c3ccccc3)[C@H]2SC1,ZAIPMKNFIOOWCQ-UEKVPHQBSA-N,CHEMBL1727,exact_pref_name_match,20,1,[],success,,0,no
ETHOSUXIMIDE,CCC1(C)CC(=O)NC1=O,CCC1(C)CC(=O)NC1=O,HAPOVYFOVVWLRS-UHFFFAOYSA-N,CHEMBL696,exact_pref_name_match,1,1,[],success,,0,no
FAMOTIDINE,NC(N)=Nc1nc(CSCC/C(N)=N/S(N)(=O)=O)cs1,NC(N)=Nc1nc(CSCC/C(N)=N/S(N)(=O)=O)cs1,XUFQPHANEAPEMJ-UHFFFAOYSA-N,CHEMBL902,exact_pref_name_match,3,1,[],success,,1,less
CLONAZEPAM,O=C1CN=C(c2ccccc2Cl)c2cc([N+](=O)[O-])ccc2N1,O=C1CN=C(c2ccccc2Cl)c2cc([N+](=O)[O-])ccc2N1,DGBIGWXXNGSACT-UHFFFAOYSA-N,CHEMBL452,exact_pref_name_match,2,1,[],success,,1,less
BENZONATATE,CCCCNc1ccc(C(=O)OCCOCCOCCOCCOCCOCCOCCOCCOCCOC)cc1,CCCCNc1ccc(C(=O)OCCOCCOCCOCCOCCOCCOCCOCCOCCOC)cc1,MAFMQEKGGFWBAB-UHFFFAOYSA-N,CHEMBL1374379,exact_pref_name_match,2,1,[],success,,0,no
VARDENAFIL HYDROCHLORIDE,CCCc1nc(C)c2c(O)nc(-c3cc(S(=O)(=O)N4CCN(CC)CC4)ccc3OCC)nn12.Cl,CCCc1nc(C)c2c(O)nc(-c3cc(S(=O)(=O)N4CCN(CC)CC4)ccc3OCC)nn12,SECKRCOLJRRGGV-UHFFFAOYSA-N,CHEMBL1339,exact_pref_name_match,20,2,['Cl'],success,,1,most
FLUVOXAMINE MALEATE,COCCCC/C(=N\OCCN)c1ccc(C(F)(F)F)cc1.O=C(O)/C=C\C(=O)O,COCCCC/C(=N\OCCN)c1ccc(C(F)(F)F)cc1,CJOFXWAVKWHTFT-XSFVSMFZSA-N,CHEMBL1409,exact_pref_name_match,20,2,['O=C(O)/C=C\\C(=O)O'],success,,1,less
CARGLUMIC ACID,NC(=O)N[C@@H](CCC(=O)O)C(=O)O,NC(=O)N[C@@H](CCC(=O)O)C(=O)O,LCQLHJZYVOQKHU-VKHMYHEASA-N,CHEMBL1201780,exact_pref_name_match,20,1,[],success,,0,no
FLURBIPROFEN,CC(C(=O)O)c1ccc(-c2ccccc2)c(F)c1,CC(C(=O)O)c1ccc(-c2ccccc2)c(F)c1,SYTBZMRGLBWNTM-UHFFFAOYSA-N,CHEMBL563,exact_pref_name_match,8,1,[],success,,1,most
AZITHROMYCIN DIHYDRATE,CC[C@H]1OC(=O)[C@H](C)[C@@H](O[C@H]2C[C@@](C)(OC)[C@@H](O)[C@H](C)O2)[C@H](C)[C@@H](O[C@@H]2O[C@H](C)C[C@H](N(C)C)[C@H]2O)[C@](C)(O)C[C@@H](C)CN(C)[C@H](C)[C@@H](O)[C@]1(C)O,CC[C@H]1OC(=O)[C@H](C)[C@@H](O[C@H]2C[C@@](C)(OC)[C@@H](O)[C@H](C)O2)[C@H](C)[C@@H](O[C@@H]2O[C@H](C)C[C@H](N(C)C)[C@H]2O)[C@](C)(O)C[C@@H](C)CN(C)[C@H](C)[C@@H](O)[C@]1(C)O,MQTOSJVFKKJCRP-BICOPXKESA-N,CHEMBL529,fallback_highest_score,20,1,[],success,No exact pref_name match; chose highest score (33.0) among 20 candidates,1,most
AMINOSALICYLIC ACID,Nc1ccc(C(=O)O)c(O)c1,Nc1ccc(C(=O)O)c(O)c1,WUBBRNOQWQTFEX-UHFFFAOYSA-N,CHEMBL1169,exact_pref_name_match,20,1,[],success,,1,less
MIDODRINE HYDROCHLORIDE,COc1ccc(OC)c(C(O)CNC(=O)CN)c1.Cl,COc1ccc(OC)c(C(O)CNC(=O)CN)c1,PTKSEFOSCHHMPD-UHFFFAOYSA-N,CHEMBL1200461,exact_pref_name_match,20,2,['Cl'],success,,1,most
ENTECAVIR,C=C1[C@H](CO)[C@@H](O)C[C@@H]1n1cnc2c(=O)[nH]c(N)nc21.O,C=C1[C@H](CO)[C@@H](O)C[C@@H]1n1cnc2c(=O)[nH]c(N)nc21,QDGZDCVAUDNJFG-FXQIFTODSA-N,CHEMBL5314362,exact_pref_name_match,3,2,['O'],success,,0,no
MINOXIDIL,Nc1cc(N2CCCCC2)nc(N)[n+]1[O-],Nc1cc(N2CCCCC2)nc(N)[n+]1[O-],ZFMITUMMTDLWHR-UHFFFAOYSA-N,CHEMBL802,exact_pref_name_match,3,1,[],success,,1,most
ACAMPROSATE CALCIUM,CC(=O)NCCCS(=O)(=O)[O-].CC(=O)NCCCS(=O)(=O)[O-].[Ca+2],CC(=O)NCCCS(=O)(=O)[O-],AFCGFAGUEYAMAO-UHFFFAOYSA-M,CHEMBL2068724,exact_pref_name_match,20,3,"['CC(=O)NCCCS(=O)(=O)[O-]', '[Ca+2]']",success,,1,less
NAPROXEN,COc1ccc2cc([C@H](C)C(=O)O)ccc2c1,COc1ccc2cc([C@H](C)C(=O)O)ccc2c1,CMWTZPSULFXXJA-VIFPVBQESA-N,CHEMBL154,exact_pref_name_match,12,1,[],success,,1,most
ATOMOXETINE HYDROCHLORIDE,CNCC[C@@H](Oc1ccccc1C)c1ccccc1.Cl,CNCC[C@@H](Oc1ccccc1C)c1ccccc1,VHGCDTVCOLNTBX-QGZVFWFLSA-N,CHEMBL1702,exact_pref_name_match,20,2,['Cl'],success,,1,most
NIMODIPINE,COCCOC(=O)C1=C(C)NC(C)=C(C(=O)OC(C)C)C1c1cccc([N+](=O)[O-])c1,COCCOC(=O)C1=C(C)NC(C)=C(C(=O)OC(C)C)C1c1cccc([N+](=O)[O-])c1,UIAGMCDKSXEBJQ-UHFFFAOYSA-N,CHEMBL1428,exact_pref_name_match,3,1,[],success,,1,less
FINASTERIDE,CC(C)(C)NC(=O)[C@H]1CC[C@H]2[C@@H]3CC[C@H]4NC(=O)C=C[C@]4(C)[C@H]3CC[C@]12C,CC(C)(C)NC(=O)[C@H]1CC[C@H]2[C@@H]3CC[C@H]4NC(=O)C=C[C@]4(C)[C@H]3CC[C@]12C,DBEPLOCGEIEOCV-WSBQPABSSA-N,CHEMBL710,exact_pref_name_match,4,1,[],success,,1,less
METHYLDOPA,C[C@](N)(Cc1ccc(O)c(O)c1)C(=O)O,C[C@](N)(Cc1ccc(O)c(O)c1)C(=O)O,CJCSPKMFHVPWAR-JTQLQIEISA-N,CHEMBL459,exact_pref_name_match,9,1,[],success,,1,less
PREGABALIN,CC(C)C[C@H](CN)CC(=O)O,CC(C)C[C@H](CN)CC(=O)O,AYXYPKUFHZROOJ-ZETCQYMHSA-N,CHEMBL1059,exact_pref_name_match,4,1,[],success,,1,most
METHIMAZOLE,Cn1ccnc1S,Cn1ccnc1S,PMRYVIKBURPHAH-UHFFFAOYSA-N,CHEMBL1515,exact_pref_name_match,1,1,[],success,,0,no
ATENOLOL,CC(C)NCC(O)COc1ccc(CC(N)=O)cc1,CC(C)NCC(O)COc1ccc(CC(N)=O)cc1,METKIMKYRPQLGS-UHFFFAOYSA-N,CHEMBL24,exact_pref_name_match,3,1,[],success,,1,most
THIORIDAZINE HYDROCHLORIDE,CSc1ccc2c(c1)N(CCC1CCCCN1C)c1ccccc1S2.Cl,CSc1ccc2c(c1)N(CCC1CCCCN1C)c1ccccc1S2,KLBQZWRITKRQQV-UHFFFAOYSA-N,CHEMBL1200916,exact_pref_name_match,20,2,['Cl'],success,,1,most
CEFPROZIL,CC=CC1=C(C(=O)O)N2C(=O)[C@@H](NC(=O)[C@H](N)c3ccc(O)cc3)[C@H]2SC1,CC=CC1=C(C(=O)O)N2C(=O)[C@@H](NC(=O)[C@H](N)c3ccc(O)cc3)[C@H]2SC1,WDLWHQDACQUCJR-PBFPGSCMSA-N,CHEMBL3301800,exact_pref_name_match,4,1,[],success,,0,no
ESTRADIOL,CCCCC(=O)O[C@H]1CC[C@H]2[C@@H]3CCc4cc(O)ccc4[C@H]3CC[C@]12C,CCCCC(=O)O[C@H]1CC[C@H]2[C@@H]3CCc4cc(O)ccc4[C@H]3CC[C@]12C,RSEPBGGWRJCQGY-RBRWEJTLSA-N,CHEMBL1511,fallback_highest_score,20,1,[],success,No exact pref_name match; chose highest score (29.0) among 20 candidates,1,most
VALGANCICLOVIR HYDROCHLORIDE,CC(C)[C@H](N)C(=O)OCC(CO)OCn1cnc2c(=O)nc(N)[nH]c21.Cl,CC(C)[C@H](N)C(=O)OCC(CO)OCn1cnc2c(=O)nc(N)[nH]c21,WPVFJKSGQUFQAP-GKAPJAKFSA-N,CHEMBL1200454,exact_pref_name_match,20,2,['Cl'],success,,1,less
ATAZANAVIR SULFATE,COC(=O)N[C@H](C(=O)N[C@@H](Cc1ccccc1)[C@@H](O)CN(Cc1ccc(-c2ccccn2)cc1)NC(=O)[C@@H](NC(=O)OC)C(C)(C)C)C(C)(C)C.O=S(=O)(O)O,COC(=O)N[C@H](C(=O)N[C@@H](Cc1ccccc1)[C@@H](O)CN(Cc1ccc(-c2ccccn2)cc1)NC(=O)[C@@H](NC(=O)OC)C(C)(C)C)C(C)(C)C,AXRYRYVKAWYZBR-GASGPIRDSA-N,CHEMBL1200678,exact_pref_name_match,20,2,['O=S(=O)(O)O'],success,,1,most
PROGESTERONE,CC(=O)[C@H]1CC[C@H]2[C@@H]3CCC4=CC(=O)CC[C@]4(C)[C@H]3CC[C@]12C,CC(=O)[C@H]1CC[C@H]2[C@@H]3CCC4=CC(=O)CC[C@]4(C)[C@H]3CC[C@]12C,RJKFOVLPORLFTN-LEKSSAKUSA-N,CHEMBL103,exact_pref_name_match,20,1,[],success,,1,most
KETOROLAC TROMETHAMINE,NC(CO)(CO)CO.O=C(c1ccccc1)c1ccc2n1CCC2C(=O)O,O=C(c1ccccc1)c1ccc2n1CCC2C(=O)O,OZWKMVRBQXNZKK-UHFFFAOYSA-N,CHEMBL1201124,exact_pref_name_match,20,2,['NC(CO)(CO)CO'],success,,1,most
CHOLINE FENOFIBRATE,CC(C)(Oc1ccc(C(=O)c2ccc(Cl)cc2)cc1)C(=O)[O-].C[N+](C)(C)CCO,CC(C)(Oc1ccc(C(=O)c2ccc(Cl)cc2)cc1)C(=O)[O-],MQOBSOSZFYZQOK-UHFFFAOYSA-M,CHEMBL1201745,exact_pref_name_match,20,2,['C[N+](C)(C)CCO'],success,,0,no
CIPROFLOXACIN HYDROCHLORIDE,Cl.O=C(O)c1cn(C2CC2)c2cc(N3CCNCC3)c(F)cc2c1=O,O=C(O)c1cn(C2CC2)c2cc(N3CCNCC3)c(F)cc2c1=O,MYSWGUAQZAJSOK-UHFFFAOYSA-N,CHEMBL1202,exact_pref_name_match,20,2,['Cl'],success,,1,most
ZIDOVUDINE,Cc1cn([C@H]2C[C@H](N=[N+]=[N-])[C@@H](CO)O2)c(=O)[nH]c1=O,Cc1cn([C@H]2C[C@H](N=[N+]=[N-])[C@@H](CO)O2)c(=O)[nH]c1=O,HBOMLICNUCNMMY-XLPZGREQSA-N,CHEMBL129,exact_pref_name_match,20,1,[],success,,1,less
METHYLPHENIDATE HYDROCHLORIDE,COC(=O)C(c1ccccc1)C1CCCCN1.Cl,COC(=O)C(c1ccccc1)C1CCCCN1,DUGOZIWVEXMGBE-UHFFFAOYSA-N,CHEMBL1722,exact_pref_name_match,20,2,['Cl'],success,,1,most
Cholestyramine,,,,CHEMBL1201625,exact_pref_name_match,2,0,[],no_structure, | No canonical_smiles in ChEMBL response,0,no
ONDANSETRON,Cc1nccn1CC1CCc2c(c3ccccc3n2C)C1=O,Cc1nccn1CC1CCc2c(c3ccccc3n2C)C1=O,FELGMEQIXOGIFQ-UHFFFAOYSA-N,CHEMBL46,exact_pref_name_match,6,1,[],success,,1,most
OSELTAMIVIR PHOSPHATE,CCOC(=O)C1=C[C@@H](OC(CC)CC)[C@H](NC(C)=O)[C@@H](N)C1.O=P(O)(O)O,CCOC(=O)C1=C[C@@H](OC(CC)CC)[C@H](NC(C)=O)[C@@H](N)C1,VSZGPKBBMSAYNT-RRFJBIMHSA-N,CHEMBL1200340,exact_pref_name_match,20,2,['O=P(O)(O)O'],success,,1,less
MECAMYLAMINE HYDROCHLORIDE,CNC1(C)C2CCC(C2)C1(C)C.Cl,CNC1(C)C2CCC(C2)C1(C)C,IMYZQPCYWPFTAG-UHFFFAOYSA-N,CHEMBL1237082,exact_pref_name_match,20,2,['Cl'],success,,1,less
LANTHANUM CARBONATE,,,,CHEMBL2096647,exact_pref_name_match,20,0,[],no_structure, | No canonical_smiles in ChEMBL response,0,no
ATORVASTATIN CALCIUM TRIHYDRATE,CC(C)c1c(C(=O)Nc2ccccc2)c(-c2ccccc2)c(-c2ccc(F)cc2)n1CC[C@@H](O)C[C@@H](O)CC(=O)[O-].CC(C)c1c(C(=O)Nc2ccccc2)c(-c2ccccc2)c(-c2ccc(F)cc2)n1CC[C@@H](O)C[C@@H](O)CC(=O)[O-].[Ca+2],CC(C)c1c(C(=O)Nc2ccccc2)c(-c2ccccc2)c(-c2ccc(F)cc2)n1CC[C@@H](O)C[C@@H](O)CC(=O)[O-],XUKUURHRXDUEBC-KAYWLYCHSA-M,CHEMBL393220,fallback_highest_score,20,3,"['CC(C)c1c(C(=O)Nc2ccccc2)c(-c2ccccc2)c(-c2ccc(F)cc2)n1CC[C@@H](O)C[C@@H](O)CC(=O)[O-]', '[Ca+2]']",success,No exact pref_name match; chose highest score (62.0) among 20 candidates,0,no
ZONISAMIDE,NS(=O)(=O)Cc1noc2ccccc12,NS(=O)(=O)Cc1noc2ccccc12,UBQNRHZMVUUOMG-UHFFFAOYSA-N,CHEMBL750,exact_pref_name_match,3,1,[],success,,1,less
LEVETIRACETAM,CC[C@@H](C(N)=O)N1CCCC1=O,CC[C@@H](C(N)=O)N1CCCC1=O,HPHUVLMMVZITSG-LURJTMIESA-N,CHEMBL1286,exact_pref_name_match,3,1,[],success,,1,less
PROTRIPTYLINE HYDROCHLORIDE,CNCCCC1c2ccccc2C=Cc2ccccc21.Cl,CNCCCC1c2ccccc2C=Cc2ccccc21,BWPIARFWQZKAIA-UHFFFAOYSA-N,CHEMBL1200332,exact_pref_name_match,20,2,['Cl'],success,,1,less
BENZPHETAMINE HYDROCHLORIDE,C[C@@H](Cc1ccccc1)N(C)Cc1ccccc1.Cl,C[C@@H](Cc1ccccc1)N(C)Cc1ccccc1,YXKTVDFXDRQTKV-HNNXBMFYSA-N,CHEMBL3544906,exact_pref_name_match,20,2,['Cl'],success,,1,less
NATEGLINIDE,CC(C)[C@H]1CC[C@H](C(=O)N[C@H](Cc2ccccc2)C(=O)O)CC1,CC(C)[C@H]1CC[C@H](C(=O)N[C@H](Cc2ccccc2)C(=O)O)CC1,OELFLUMRDSZNSF-BRWVUGGUSA-N,CHEMBL783,exact_pref_name_match,3,1,[],success,,0,no
PHENYTOIN SODIUM,O=C1N=C([O-])NC1(c1ccccc1)c1ccccc1.[Na+],O=C1N=C([O-])NC1(c1ccccc1)c1ccccc1,CXOFVDLJLONNDW-UHFFFAOYSA-M,CHEMBL1611,exact_pref_name_match,20,2,['[Na+]'],success,,1,most
ROSUVASTATIN,CC(C)c1nc(N(C)S(C)(=O)=O)nc(-c2ccc(F)cc2)c1/C=C/[C@@H](O)C[C@@H](O)CC(=O)O,CC(C)c1nc(N(C)S(C)(=O)=O)nc(-c2ccc(F)cc2)c1/C=C/[C@@H](O)C[C@@H](O)CC(=O)O,BPRHUIZQVSMCRT-VEUZHWNKSA-N,CHEMBL1496,exact_pref_name_match,3,1,[],success,,0,no
ELETRIPTAN HYDROBROMIDE MONOHYDRATE,Br.CN1CCC[C@@H]1Cc1c[nH]c2ccc(CCS(=O)(=O)c3ccccc3)cc12,CN1CCC[C@@H]1Cc1c[nH]c2ccc(CCS(=O)(=O)c3ccccc3)cc12,PWVXXGRKLHYWKM-LJQANCHMSA-N,CHEMBL1201003,fallback_highest_score,20,2,['Br'],success,No exact pref_name match; chose highest score (60.0) among 20 candidates,1,most
SULFASALAZINE,O=C(O)c1cc(/N=N/c2ccc(S(=O)(=O)Nc3ccccn3)cc2)ccc1O,O=C(O)c1cc(/N=N/c2ccc(S(=O)(=O)Nc3ccccn3)cc2)ccc1O,NCEXYHBECQHGNR-QZQOTICOSA-N,CHEMBL421,exact_pref_name_match,3,1,[],success,,1,less
DOXEPIN HYDROCHLORIDE,CN(C)CCC=C1c2ccccc2COc2ccccc21.Cl,CN(C)CCC=C1c2ccccc2COc2ccccc21,ODQWQRRAPPTVAG-UHFFFAOYSA-N,CHEMBL1628234,exact_pref_name_match,20,2,['Cl'],success,,1,less
LOSARTAN POTASSIUM,CCCCc1nc(Cl)c(CO)n1Cc1ccc(-c2ccccc2-c2nnn[n-]2)cc1.[K+],CCCCc1nc(Cl)c(CO)n1Cc1ccc(-c2ccccc2-c2nnn[n-]2)cc1,MDMTUGIZSFHDIC-UHFFFAOYSA-N,CHEMBL995,exact_pref_name_match,20,2,['[K+]'],success,,1,less
DONEPEZIL HYDROCHLORIDE,COc1cc2c(cc1OC)C(=O)C(CC1CCN(Cc3ccccc3)CC1)C2.Cl,COc1cc2c(cc1OC)C(=O)C(CC1CCN(Cc3ccccc3)CC1)C2,ADEBPBSSDYVVLD-UHFFFAOYSA-N,CHEMBL1678,exact_pref_name_match,20,2,['Cl'],success,,1,less
PRAVASTATIN SODIUM,CC[C@H](C)C(=O)O[C@H]1C[C@H](O)C=C2C=C[C@H](C)[C@H](CC[C@@H](O)C[C@@H](O)CC(=O)[O-])[C@H]21.[Na+],CC[C@H](C)C(=O)O[C@H]1C[C@H](O)C=C2C=C[C@H](C)[C@H](CC[C@@H](O)C[C@@H](O)CC(=O)[O-])[C@H]21,TUZYXOIXSAXUGO-PZAWKZKUSA-M,CHEMBL690,exact_pref_name_match,20,2,['[Na+]'],success,,1,less
SILDENAFIL,CCCc1nn(C)c2c(=O)[nH]c(-c3cc(S(=O)(=O)N4CCN(C)CC4)ccc3OCC)nc12,CCCc1nn(C)c2c(=O)[nH]c(-c3cc(S(=O)(=O)N4CCN(C)CC4)ccc3OCC)nc12,BNRNXUUZRGQAQC-UHFFFAOYSA-N,CHEMBL192,exact_pref_name_match,7,1,[],success,,1,less
RABEPRAZOLE SODIUM,COCCCOc1ccnc(C[S+]([O-])c2nc3ccccc3[n-]2)c1C.[Na+],COCCCOc1ccnc(C[S+]([O-])c2nc3ccccc3[n-]2)c1C,KNWNQAWYVGYXNR-UHFFFAOYSA-N,CHEMBL1200930,exact_pref_name_match,20,2,['[Na+]'],success,,0,no
METHOTREXATE SODIUM,CN(Cc1cnc2nc(N)nc(N)c2n1)c1ccc(C(=O)N[C@@H](CCC(=O)[O-])C(=O)[O-])cc1.[Na+].[Na+],CN(Cc1cnc2nc(N)nc(N)c2n1)c1ccc(C(=O)N[C@@H](CCC(=O)[O-])C(=O)[O-])cc1,FBOZXECLQNJBKD-ZDUSSCGKSA-L,CHEMBL3244648,exact_pref_name_match,20,3,"['[Na+]', '[Na+]']",success,,1,less
PAROXETINE HYDROCHLORIDE ANHYDROUS,Cl.Cl.Fc1ccc([C@@H]2CCNC[C@H]2COc2ccc3c(c2)OCO3)cc1.Fc1ccc([C@@H]2CCNC[C@H]2COc2ccc3c(c2)OCO3)cc1.O,Fc1ccc([C@@H]2CCNC[C@H]2COc2ccc3c(c2)OCO3)cc1,AHOUBRCZNHFOSL-YOEHRIQHSA-N,CHEMBL6067650,fallback_highest_score,20,5,"['Fc1ccc([C@@H]2CCNC[C@H]2COc2ccc3c(c2)OCO3)cc1', 'Cl', 'Cl', 'O']",success,No exact pref_name match; chose highest score (51.0) among 20 candidates,1,less
PRAMIPEXOLE DIHYDROCHLORIDE,CCCN[C@H]1CCc2nc(N)sc2C1.Cl.Cl.O,CCCN[C@H]1CCc2nc(N)sc2C1,FASDKYOPVNHBLU-ZETCQYMHSA-N,CHEMBL3182733,exact_pref_name_match,20,4,"['Cl', 'Cl', 'O']",success,,1,less
URSADIOL,,,,,,0,0,[],no_match,No ChEMBL candidates returned,0,no
"ESTROGENS, ESTERIFIED",,,,CHEMBL1201468,exact_pref_name_match,20,0,[],no_structure, | No canonical_smiles in ChEMBL response,1,most
ESTAZOLAM,Clc1ccc2c(c1)C(c1ccccc1)=NCc1nncn1-2,Clc1ccc2c(c1)C(c1ccccc1)=NCc1nncn1-2,CDCHDCWJMGXXRH-UHFFFAOYSA-N,CHEMBL285674,exact_pref_name_match,1,1,[],success,,1,less
ESOMEPRAZOLE MAGNESIUM DIHYDRATE,COc1ccc2[nH]c([S@@+]([O-])Cc3ncc(C)c(OC)c3C)nc2c1.COc1ccc2[nH]c([S@@+]([O-])Cc3ncc(C)c(OC)c3C)nc2c1.O.O.O.[Mg+2],COc1ccc2[nH]c([S@@+]([O-])Cc3ncc(C)c(OC)c3C)nc2c1,SUBDBMMJDZJVOS-DEOSSOPVSA-N,CHEMBL5314366,fallback_highest_score,20,6,"['COc1ccc2[nH]c([S@@+]([O-])Cc3ncc(C)c(OC)c3C)nc2c1', 'O', 'O', 'O', '[Mg+2]']",success,No exact pref_name match; chose highest score (68.0) among 20 candidates,1,less
MEFENAMIC ACID,Cc1cccc(Nc2ccccc2C(=O)O)c1C,Cc1cccc(Nc2ccccc2C(=O)O)c1C,HYYBABOKPJLUIN-UHFFFAOYSA-N,CHEMBL686,exact_pref_name_match,20,1,[],success,,1,most
PROPAFENONE HYDROCHLORIDE,CCCNCC(O)COc1ccccc1C(=O)CCc1ccccc1.Cl,CCCNCC(O)COc1ccccc1C(=O)CCc1ccccc1,JWHAUXFOSRPERK-UHFFFAOYSA-N,CHEMBL1201063,exact_pref_name_match,20,2,['Cl'],success,,1,most
CARBAMAZEPINE,NC(=O)N1c2ccccc2C=Cc2ccccc21,NC(=O)N1c2ccccc2C=Cc2ccccc21,FFGPTBGBLSHEPO-UHFFFAOYSA-N,CHEMBL108,exact_pref_name_match,4,1,[],success,,1,most
GRISEOFULVIN,COC1=CC(=O)C[C@@H](C)[C@]12Oc1c(Cl)c(OC)cc(OC)c1C2=O,COC1=CC(=O)C[C@@H](C)[C@]12Oc1c(Cl)c(OC)cc(OC)c1C2=O,DDUHZTYCFQRHIY-RBHXEPJQSA-N,CHEMBL562,exact_pref_name_match,3,1,[],success,,0,no
MIFEPRISTONE,CC#C[C@]1(O)CC[C@H]2[C@@H]3CCC4=CC(=O)CCC4=C3[C@@H](c3ccc(N(C)C)cc3)C[C@@]21C,CC#C[C@]1(O)CC[C@H]2[C@@H]3CCC4=CC(=O)CCC4=C3[C@@H](c3ccc(N(C)C)cc3)C[C@@]21C,VKHAHZOOUSRJNA-GCNJZUOMSA-N,CHEMBL1276308,exact_pref_name_match,4,1,[],success,,1,less
GUANFACINE,N=C(N)NC(=O)Cc1c(Cl)cccc1Cl,N=C(N)NC(=O)Cc1c(Cl)cccc1Cl,INJOMKTZOLKMBF-UHFFFAOYSA-N,CHEMBL862,exact_pref_name_match,2,1,[],success,,1,less
ITRACONAZOLE,CCC(C)n1ncn(-c2ccc(N3CCN(c4ccc(OCC5COC(Cn6cncn6)(c6ccc(Cl)cc6Cl)O5)cc4)CC3)cc2)c1=O,CCC(C)n1ncn(-c2ccc(N3CCN(c4ccc(OCC5COC(Cn6cncn6)(c6ccc(Cl)cc6Cl)O5)cc4)CC3)cc2)c1=O,VHVPQPYKVGDNFY-UHFFFAOYSA-N,CHEMBL64391,exact_pref_name_match,5,1,[],success,,1,less
ANASTROZOLE,CC(C)(C#N)c1cc(Cn2cncn2)cc(C(C)(C)C#N)c1,CC(C)(C#N)c1cc(Cn2cncn2)cc(C(C)(C)C#N)c1,YBBLVLTVTVSKRW-UHFFFAOYSA-N,CHEMBL1399,exact_pref_name_match,6,1,[],success,,1,less
CYPROHEPTADINE,CN1CCC(=C2c3ccccc3C=Cc3ccccc32)CC1,CN1CCC(=C2c3ccccc3C=Cc3ccccc32)CC1,JJCFRYNCJDLXIK-UHFFFAOYSA-N,CHEMBL516,exact_pref_name_match,3,1,[],success,,1,less
ALENDRONATE SODIUM,NCCCC(O)(P(=O)([O-])O)P(=O)(O)O.[Na+],NCCCC(O)(P(=O)([O-])O)P(=O)(O)O,OGSPWJRAVKPPFI-UHFFFAOYSA-M,CHEMBL675,exact_pref_name_match,20,2,['[Na+]'],success,,0,no
CEFPODOXIME PROXETIL,COCC1=C(C(=O)OC(C)OC(=O)OC(C)C)N2C(=O)[C@@H](NC(=O)/C(=N\OC)c3csc(N)n3)[C@H]2SC1,COCC1=C(C(=O)OC(C)OC(=O)OC(C)C)N2C(=O)[C@@H](NC(=O)/C(=N\OC)c3csc(N)n3)[C@H]2SC1,LTINZAODLRIQIX-FBXRGJNPSA-N,CHEMBL1201016,exact_pref_name_match,2,1,[],success,,1,less
LAMIVUDINE,Nc1ccn([C@@H]2CS[C@H](CO)O2)c(=O)n1,Nc1ccn([C@@H]2CS[C@H](CO)O2)c(=O)n1,JTEGQNOMFQHVDC-NKWVEPMBSA-N,CHEMBL141,exact_pref_name_match,13,1,[],success,,0,no
QUETIAPINE FUMARATE,O=C(O)/C=C/C(=O)O.OCCOCCN1CCN(C2=Nc3ccccc3Sc3ccccc32)CC1.OCCOCCN1CCN(C2=Nc3ccccc3Sc3ccccc32)CC1,OCCOCCN1CCN(C2=Nc3ccccc3Sc3ccccc32)CC1,URKOMYMAXPYINW-UHFFFAOYSA-N,CHEMBL3188993,exact_pref_name_match,20,3,"['OCCOCCN1CCN(C2=Nc3ccccc3Sc3ccccc32)CC1', 'O=C(O)/C=C/C(=O)O']",success,,1,less
FEXOFENADINE HYDROCHLORIDE,CC(C)(C(=O)O)c1ccc(C(O)CCCN2CCC(C(O)(c3ccccc3)c3ccccc3)CC2)cc1.Cl,CC(C)(C(=O)O)c1ccc(C(O)CCCN2CCC(C(O)(c3ccccc3)c3ccccc3)CC2)cc1,RWTNPBWLLIMQHL-UHFFFAOYSA-N,CHEMBL1200618,exact_pref_name_match,20,2,['Cl'],success,,0,no
CLOBAZAM,CN1C(=O)CC(=O)N(c2ccccc2)c2cc(Cl)ccc21,CN1C(=O)CC(=O)N(c2ccccc2)c2cc(Cl)ccc21,CXOXHMZGEKVPMT-UHFFFAOYSA-N,CHEMBL70418,exact_pref_name_match,2,1,[],success,,0,no
ETODOLAC,CCc1cccc2c3c([nH]c12)C(CC)(CC(=O)O)OCC3,CCc1cccc2c3c([nH]c12)C(CC)(CC(=O)O)OCC3,NNYBQONXHNTVIJ-UHFFFAOYSA-N,CHEMBL622,exact_pref_name_match,4,1,[],success,,1,most
CLOMIPRAMINE HYDROCHLORIDE,CN(C)CCCN1c2ccccc2CCc2ccc(Cl)cc21.Cl,CN(C)CCCN1c2ccccc2CCc2ccc(Cl)cc21,GDLIGKIOYRNHDA-UHFFFAOYSA-N,CHEMBL1200710,exact_pref_name_match,20,2,['Cl'],success,,1,less
PYRAZINAMIDE,NC(=O)c1cnccn1,NC(=O)c1cnccn1,IPEHBUMCGVEMRF-UHFFFAOYSA-N,CHEMBL614,exact_pref_name_match,4,1,[],success,,0,no
ZOLMITRIPTAN,CN(C)CCc1c[nH]c2ccc(C[C@H]3COC(=O)N3)cc12,CN(C)CCc1c[nH]c2ccc(C[C@H]3COC(=O)N3)cc12,ULSDMUVEXKOYBU-ZDUSSCGKSA-N,CHEMBL1185,exact_pref_name_match,3,1,[],success,,1,most
ALOSETRON HYDROCHLORIDE,Cc1[nH]cnc1CN1CCc2c(c3ccccc3n2C)C1=O.Cl,Cc1[nH]cnc1CN1CCc2c(c3ccccc3n2C)C1=O,JSWZEAMFRNKZNL-UHFFFAOYSA-N,CHEMBL1200885,exact_pref_name_match,20,2,['Cl'],success,,1,less
DEFERIPRONE,Cc1c(O)c(=O)ccn1C,Cc1c(O)c(=O)ccn1C,TZXKOCQBRNJULO-UHFFFAOYSA-N,CHEMBL70927,exact_pref_name_match,1,1,[],success,,1,less
SODIUM IODIDE I-131,[131I-].[Na+],[131I-],XMBWDFGMSWQBCA-RNFDNDRNSA-M,CHEMBL1201084,fallback_highest_score,20,2,['[Na+]'],success,No exact pref_name match; chose highest score (66.0) among 20 candidates,1,less
SODIUM IODIDE I-123,[123I-].[Na+],[123I-],XMBWDFGMSWQBCA-AHCXROLUSA-M,CHEMBL1201083,fallback_highest_score,20,2,['[Na+]'],success,No exact pref_name match; chose highest score (62.0) among 20 candidates,0,no
CEFADROXIL,CC1=C(C(=O)O)N2C(=O)[C@@H](NC(=O)[C@H](N)c3ccc(O)cc3)[C@H]2SC1,CC1=C(C(=O)O)N2C(=O)[C@@H](NC(=O)[C@H](N)c3ccc(O)cc3)[C@H]2SC1,BOEGTKLJZSQCCD-UEKVPHQBSA-N,CHEMBL1644,exact_pref_name_match,2,1,[],success,,0,no
NEFAZODONE HYDROCHLORIDE,CCc1nn(CCCN2CCN(c3cccc(Cl)c3)CC2)c(=O)n1CCOc1ccccc1.Cl,CCc1nn(CCCN2CCN(c3cccc(Cl)c3)CC2)c(=O)n1CCOc1ccccc1,VRBKIVRKKCLPHA-UHFFFAOYSA-N,CHEMBL1200492,exact_pref_name_match,20,2,['Cl'],success,,1,less
SPIRONOLACTONE,CC(=O)S[C@@H]1CC2=CC(=O)CC[C@]2(C)[C@H]2CC[C@@]3(C)[C@@H](CC[C@@]34CCC(=O)O4)[C@H]12,CC(=O)S[C@@H]1CC2=CC(=O)CC[C@]2(C)[C@H]2CC[C@@]3(C)[C@@H](CC[C@@]34CCC(=O)O4)[C@H]12,LXMSZDCAJNLERA-ZHYRCANASA-N,CHEMBL1393,exact_pref_name_match,17,1,[],success,,1,less
AMITRIPTYLINE HYDROCHLORIDE,CN(C)CCC=C1c2ccccc2CCc2ccccc21.Cl,CN(C)CCC=C1c2ccccc2CCc2ccccc21,KRMDCWKBEZIMAB-UHFFFAOYSA-N,CHEMBL1200964,exact_pref_name_match,20,2,['Cl'],success,,1,most
TRIMIPRAMINE MALEATE,CC(CN(C)C)CN1c2ccccc2CCc2ccccc21.O=C(O)/C=C\C(=O)O,CC(CN(C)C)CN1c2ccccc2CCc2ccccc21,ZSCDBOWYZJWBIY-UHFFFAOYSA-N,CHEMBL1200948,exact_pref_name_match,20,2,['O=C(O)/C=C\\C(=O)O'],success,,1,less
niacin,O=C(O)c1cccnc1,O=C(O)c1cccnc1,PVNIIMVLHYAWGP-UHFFFAOYSA-N,CHEMBL573,exact_pref_name_match,7,1,[],success,,1,less
TOREMIFENE CITRATE,CN(C)CCOc1ccc(/C(=C(/CCCl)c2ccccc2)c2ccccc2)cc1.O=C(O)CC(O)(CC(=O)O)C(=O)O,CN(C)CCOc1ccc(/C(=C(/CCCl)c2ccccc2)c2ccccc2)cc1,XFCLJVABOIYOMF-QPLCGJKRSA-N,CHEMBL1200675,exact_pref_name_match,20,2,['O=C(O)CC(O)(CC(=O)O)C(=O)O'],success,,1,most
METHADONE HYDROCHLORIDE,CCC(=O)C(CC(C)N(C)C)(c1ccccc1)c1ccccc1.Cl,CCC(=O)C(CC(C)N(C)C)(c1ccccc1)c1ccccc1,USSIQXCVUWKGNF-UHFFFAOYSA-N,CHEMBL1200825,exact_pref_name_match,20,2,['Cl'],success,,1,most
TOLVAPTAN,Cc1ccccc1C(=O)Nc1ccc(C(=O)N2CCCC(O)c3cc(Cl)ccc32)c(C)c1,Cc1ccccc1C(=O)Nc1ccc(C(=O)N2CCCC(O)c3cc(Cl)ccc32)c(C)c1,GYHCTFXIZSNGJT-UHFFFAOYSA-N,CHEMBL344159,exact_pref_name_match,2,1,[],success,,1,less
CARISOPRODOL,CCCC(C)(COC(N)=O)COC(=O)NC(C)C,CCCC(C)(COC(N)=O)COC(=O)NC(C)C,OFZCIYFFPZCNJE-UHFFFAOYSA-N,CHEMBL1233,exact_pref_name_match,4,1,[],success,,1,less
ZIPRASIDONE HYDROCHLORIDE,Cl.O.O=C1Cc2cc(CCN3CCN(c4nsc5ccccc45)CC3)c(Cl)cc2N1,O=C1Cc2cc(CCN3CCN(c4nsc5ccccc45)CC3)c(Cl)cc2N1,MVWVFYHBGMAFLY-UHFFFAOYSA-N,CHEMBL1375743,exact_pref_name_match,20,3,"['Cl', 'O']",success,,1,most
BUSPIRONE HYDROCHLORIDE,Cl.O=C1CC2(CCCC2)CC(=O)N1CCCCN1CCN(c2ncccn2)CC1,O=C1CC2(CCCC2)CC(=O)N1CCCCN1CCN(c2ncccn2)CC1,QWCRAEMEVRGPNT-UHFFFAOYSA-N,CHEMBL1200399,exact_pref_name_match,20,2,['Cl'],success,,1,less
DESIPRAMINE HYDROCHLORIDE,CNCCCN1c2ccccc2CCc2ccccc21.Cl,CNCCCN1c2ccccc2CCc2ccccc21,HCYAFALTSJYZDH-UHFFFAOYSA-N,CHEMBL1696,exact_pref_name_match,20,2,['Cl'],success,,1,less
BALSALAZIDE DISODIUM,O=C([O-])CCNC(=O)c1ccc(/N=N/c2ccc(O)c(C(=O)[O-])c2)cc1.[Na+].[Na+],O=C([O-])CCNC(=O)c1ccc(/N=N/c2ccc(O)c(C(=O)[O-])c2)cc1,IPOKCKJONYRRHP-FMQUCBEESA-L,CHEMBL1200760,exact_pref_name_match,20,3,"['[Na+]', '[Na+]']",success,,1,less
RIFABUTIN,CO[C@H]1/C=C/O[C@@]2(C)Oc3c(C)c(O)c4c(c3C2=O)C2=NC3(CCN(CC(C)C)CC3)NC2=C(NC(=O)/C(C)=C\C=C\[C@H](C)[C@H](O)[C@@H](C)[C@@H](O)[C@@H](C)[C@H](OC(C)=O)[C@@H]1C)C4=O,CO[C@H]1/C=C/O[C@@]2(C)Oc3c(C)c(O)c4c(c3C2=O)C2=NC3(CCN(CC(C)C)CC3)NC2=C(NC(=O)/C(C)=C\C=C\[C@H](C)[C@H](O)[C@@H](C)[C@@H](O)[C@@H](C)[C@H](OC(C)=O)[C@@H]1C)C4=O,ATEBXHFBFRCZMA-VXTBVIBXSA-N,CHEMBL444633,exact_pref_name_match,12,1,[],success,,1,less
TRANDOLAPRIL,CCOC(=O)[C@H](CCc1ccccc1)N[C@@H](C)C(=O)N1[C@H](C(=O)O)C[C@H]2CCCC[C@@H]21,CCOC(=O)[C@H](CCc1ccccc1)N[C@@H](C)C(=O)N1[C@H](C(=O)O)C[C@H]2CCCC[C@@H]21,VXFJYXUZANRPDJ-WTNASJBWSA-N,CHEMBL1519,exact_pref_name_match,2,1,[],success,,1,less
METAXALONE,Cc1cc(C)cc(OCC2CNC(=O)O2)c1,Cc1cc(C)cc(OCC2CNC(=O)O2)c1,IMWZZHHPURKASS-UHFFFAOYSA-N,CHEMBL1079604,exact_pref_name_match,1,1,[],success,,0,no
APREPITANT,C[C@@H](O[C@H]1OCCN(Cc2n[nH]c(=O)[nH]2)[C@H]1c1ccc(F)cc1)c1cc(C(F)(F)F)cc(C(F)(F)F)c1,C[C@@H](O[C@H]1OCCN(Cc2n[nH]c(=O)[nH]2)[C@H]1c1ccc(F)cc1)c1cc(C(F)(F)F)cc(C(F)(F)F)c1,ATALOFNDEOCMKK-OITMNORJSA-N,CHEMBL1471,exact_pref_name_match,2,1,[],success,,1,less
CINACALCET HYDROCHLORIDE,C[C@@H](NCCCc1cccc(C(F)(F)F)c1)c1cccc2ccccc12.Cl,C[C@@H](NCCCc1cccc(C(F)(F)F)c1)c1cccc2ccccc12,VDHAWDNDOKGFTD-MRXNPFEDSA-N,CHEMBL1200776,exact_pref_name_match,20,2,['Cl'],success,,1,most
TRIAZOLAM,Cc1nnc2n1-c1ccc(Cl)cc1C(c1ccccc1Cl)=NC2,Cc1nnc2n1-c1ccc(Cl)cc1C(c1ccccc1Cl)=NC2,JOFWLTCLBGQGBO-UHFFFAOYSA-N,CHEMBL646,exact_pref_name_match,1,1,[],success,,0,no
PIMOZIDE,O=c1[nH]c2ccccc2n1C1CCN(CCCC(c2ccc(F)cc2)c2ccc(F)cc2)CC1,O=c1[nH]c2ccccc2n1C1CCN(CCCC(c2ccc(F)cc2)c2ccc(F)cc2)CC1,YVUQSNJEYSNKRX-UHFFFAOYSA-N,CHEMBL1423,exact_pref_name_match,2,1,[],success,,1,less
LABETALOL HYDROCHLORIDE,CC(CCc1ccccc1)NCC(O)c1ccc(O)c(C(N)=O)c1.Cl,CC(CCc1ccccc1)NCC(O)c1ccc(O)c(C(N)=O)c1,SGUAFYQXFOLMHL-UHFFFAOYSA-N,CHEMBL1200323,exact_pref_name_match,20,2,['Cl'],success,,1,most
TROSPIUM CHLORIDE,O=C(O[C@H]1C[C@H]2CC[C@@H](C1)[N+]21CCCC1)C(O)(c1ccccc1)c1ccccc1.[Cl-],O=C(O[C@H]1C[C@H]2CC[C@@H](C1)[N+]21CCCC1)C(O)(c1ccccc1)c1ccccc1,OYYDSUSKLWTMMQ-JKHIJQBDSA-N,CHEMBL3084748,exact_pref_name_match,20,2,['[Cl-]'],success,,1,less
MOLINDONE HYDROCHLORIDE,CCc1c(C)[nH]c2c1C(=O)C(CN1CCOCC1)CC2.Cl,CCc1c(C)[nH]c2c1C(=O)C(CN1CCOCC1)CC2,KLPWJLBORRMFGK-UHFFFAOYSA-N,CHEMBL1200419,exact_pref_name_match,20,2,['Cl'],success,,1,less
CLOMIPHENE CITRATE,CCN(CC)CCOc1ccc(C(=C(Cl)c2ccccc2)c2ccccc2)cc1.O=C(O)CC(O)(CC(=O)O)C(=O)O,CCN(CC)CCOc1ccc(C(=C(Cl)c2ccccc2)c2ccccc2)cc1,GKIRPKYJQBWNGO-UHFFFAOYSA-N,CHEMBL3185958,exact_pref_name_match,20,2,['O=C(O)CC(O)(CC(=O)O)C(=O)O'],success,,1,less
DIETHYLPROPION HYDROCHLORIDE,CCN(CC)C(C)C(=O)c1ccccc1.Cl,CCN(CC)C(C)C(=O)c1ccccc1,XXEPPPIWZFICOJ-UHFFFAOYSA-N,CHEMBL1693,exact_pref_name_match,20,2,['Cl'],success,,1,most
PERINDOPRIL ERBUMINE,CC(C)(C)N.CCC[C@H](N[C@@H](C)C(=O)N1[C@H](C(=O)O)C[C@@H]2CCCC[C@@H]21)C(=O)OCC,CCC[C@H](N[C@@H](C)C(=O)N1[C@H](C(=O)O)C[C@@H]2CCCC[C@@H]21)C(=O)OCC,IPVQLZZIHOAWMC-QXKUPLGCSA-N,CHEMBL1200343,exact_pref_name_match,6,2,['CC(C)(C)N'],success,,1,less
CLEMASTINE FUMARATE,CN1CCC[C@@H]1CCO[C@](C)(c1ccccc1)c1ccc(Cl)cc1.O=C(O)/C=C/C(=O)O,CN1CCC[C@@H]1CCO[C@](C)(c1ccccc1)c1ccc(Cl)cc1,YNNUSGIPVFPVBX-NHCUHLMSSA-N,CHEMBL1200795,exact_pref_name_match,20,2,['O=C(O)/C=C/C(=O)O'],success,,1,less
SULINDAC,CC1=C(CC(=O)O)c2cc(F)ccc2/C1=C\c1ccc([S+](C)[O-])cc1,CC1=C(CC(=O)O)c2cc(F)ccc2/C1=C\c1ccc([S+](C)[O-])cc1,MLKXDPUZXIRXEP-MFOYZWKCSA-N,CHEMBL15770,exact_pref_name_match,10,1,[],success,,1,most
DEXMETHYLPHENIDATE HYDROCHLORIDE,COC(=O)[C@H](c1ccccc1)[C@H]1CCCCN1.Cl,COC(=O)[C@H](c1ccccc1)[C@H]1CCCCN1,DUGOZIWVEXMGBE-CHWSQXEVSA-N,CHEMBL904,exact_pref_name_match,20,2,['Cl'],success,,1,most
PIROXICAM,CN1C(C(=O)Nc2ccccn2)=C(O)c2ccccc2S1(=O)=O,CN1C(C(=O)Nc2ccccn2)=C(O)c2ccccc2S1(=O)=O,QYSPLQLAKJAUJT-UHFFFAOYSA-N,CHEMBL527,exact_pref_name_match,7,1,[],success,,1,most
PRIMIDONE,CCC1(c2ccccc2)C(=O)NCNC1=O,CCC1(c2ccccc2)C(=O)NCNC1=O,DQMZLTXERSFNPB-UHFFFAOYSA-N,CHEMBL856,exact_pref_name_match,1,1,[],success,,0,no
METHOCARBAMOL,COc1ccccc1OCC(O)COC(N)=O,COc1ccccc1OCC(O)COC(N)=O,GNXFOGHNGIVQEH-UHFFFAOYSA-N,CHEMBL1201117,exact_pref_name_match,1,1,[],success,,1,less
NARATRIPTAN HYDROCHLORIDE,CNS(=O)(=O)CCc1ccc2[nH]cc(C3CCN(C)CC3)c2c1.Cl,CNS(=O)(=O)CCc1ccc2[nH]cc(C3CCN(C)CC3)c2c1,AMKVXSZCKVJAGH-UHFFFAOYSA-N,CHEMBL1200601,exact_pref_name_match,20,2,['Cl'],success,,1,most
CYCLOBENZAPRINE HYDROCHLORIDE,CN(C)CCC=C1c2ccccc2C=Cc2ccccc21.Cl,CN(C)CCC=C1c2ccccc2C=Cc2ccccc21,JURKNVYFZMSNLP-UHFFFAOYSA-N,CHEMBL1200636,exact_pref_name_match,20,2,['Cl'],success,,1,less
MIGLITOL,OCCN1C[C@H](O)[C@@H](O)[C@H](O)[C@H]1CO,OCCN1C[C@H](O)[C@@H](O)[C@H](O)[C@H]1CO,IBAQFPQHRJAVAV-ULAWRXDQSA-N,CHEMBL1561,exact_pref_name_match,1,1,[],success,,0,no
LANSOPRAZOLE,Cc1c(OCC(F)(F)F)ccnc1C[S+]([O-])c1nc2ccccc2[nH]1,Cc1c(OCC(F)(F)F)ccnc1C[S+]([O-])c1nc2ccccc2[nH]1,MJIHNNLFOKEZEW-UHFFFAOYSA-N,CHEMBL480,exact_pref_name_match,6,1,[],success,,1,less
CARVEDILOL,COc1ccccc1OCCNCC(O)COc1cccc2[nH]c3ccccc3c12,COc1ccccc1OCCNCC(O)COc1cccc2[nH]c3ccccc3c12,OGHNVEJMJSYVRP-UHFFFAOYSA-N,CHEMBL723,exact_pref_name_match,5,1,[],success,,1,most
HYDROCHLOROTHIAZIDE,NS(=O)(=O)c1cc2c(cc1Cl)NCNS2(=O)=O,NS(=O)(=O)c1cc2c(cc1Cl)NCNS2(=O)=O,JZUFKLXOESDKRF-UHFFFAOYSA-N,CHEMBL435,exact_pref_name_match,8,1,[],success,,1,less
THEOPHYLLINE ANHYDROUS,Cn1c(=O)c2[nH]cnc2n(C)c1=O,Cn1c(=O)c2[nH]cnc2n(C)c1=O,ZFXYFBGIUFBOJW-UHFFFAOYSA-N,CHEMBL190,exact_pref_name_match,20,1,[],success,,1,less
CHENODIOL,C[C@H](CCC(=O)O)[C@H]1CC[C@H]2[C@@H]3[C@H](O)C[C@@H]4C[C@H](O)CC[C@]4(C)[C@H]3CC[C@]12C,C[C@H](CCC(=O)O)[C@H]1CC[C@H]2[C@@H]3[C@H](O)C[C@@H]4C[C@H](O)CC[C@]4(C)[C@H]3CC[C@]12C,RUDATBOHQWOJDD-BSWAIDMHSA-N,CHEMBL240597,exact_pref_name_match,1,1,[],success,,0,no
MISOPROSTOL,CCCCC(C)(O)C/C=C/[C@H]1[C@H](O)CC(=O)[C@@H]1CCCCCCC(=O)OC,CCCCC(C)(O)C/C=C/[C@H]1[C@H](O)CC(=O)[C@@H]1CCCCCCC(=O)OC,OJLOPKGSLYJEMD-URPKTTJQSA-N,CHEMBL606,exact_pref_name_match,3,1,[],success,,1,less
CITALOPRAM,CN(C)CCCC1(c2ccc(F)cc2)OCc2cc(C#N)ccc21,CN(C)CCCC1(c2ccc(F)cc2)OCc2cc(C#N)ccc21,WSEQXVZVJXJVFP-UHFFFAOYSA-N,CHEMBL549,exact_pref_name_match,11,1,[],success,,1,less
ETRAVIRINE,Cc1cc(C#N)cc(C)c1Oc1nc(Nc2ccc(C#N)cc2)nc(N)c1Br,Cc1cc(C#N)cc(C)c1Oc1nc(Nc2ccc(C#N)cc2)nc(N)c1Br,PYGWGZALEOIKDF-UHFFFAOYSA-N,CHEMBL308954,exact_pref_name_match,1,1,[],success,,1,less
CLOPIDOGREL BISULFATE,COC(=O)[C@H](c1ccccc1Cl)N1CCc2sccc2C1.O=S(=O)(O)O,COC(=O)[C@H](c1ccccc1Cl)N1CCc2sccc2C1,GKTWGGQPFAXNFI-HNNXBMFYSA-N,CHEMBL1083385,exact_pref_name_match,20,2,['O=S(=O)(O)O'],success,,1,less
NEOMYCIN SULFATE,,,,CHEMBL3989769,exact_pref_name_match,20,0,[],no_structure, | No canonical_smiles in ChEMBL response,0,no
LEVORPHANOL TARTRATE,CN1CC[C@]23CCCC[C@H]2[C@H]1Cc1ccc(O)cc13.O.O.O=C(O)C(O)C(O)C(=O)O,CN1CC[C@]23CCCC[C@H]2[C@H]1Cc1ccc(O)cc13,JAQUASYNZVUNQP-USXIJHARSA-N,CHEMBL3989768,exact_pref_name_match,20,4,"['O=C(O)C(O)C(O)C(=O)O', 'O', 'O']",success,,1,less
TINIDAZOLE,CCS(=O)(=O)CCn1c([N+](=O)[O-])cnc1C,CCS(=O)(=O)CCn1c([N+](=O)[O-])cnc1C,HJLSLZFTEKNLFI-UHFFFAOYSA-N,CHEMBL1220,exact_pref_name_match,1,1,[],success,,1,less
TOLMETIN SODIUM,Cc1ccc(C(=O)c2ccc(CC(=O)[O-])n2C)cc1.[Na+],Cc1ccc(C(=O)c2ccc(CC(=O)[O-])n2C)cc1,UPSPUYADGBWSHF-UHFFFAOYSA-M,CHEMBL1200613,exact_pref_name_match,20,2,['[Na+]'],success,,1,most
NORTRIPTYLINE HYDROCHLORIDE,CNCCC=C1c2ccccc2CCc2ccccc21.Cl,CNCCC=C1c2ccccc2CCc2ccccc21,PHVGLTMQBUFIQQ-UHFFFAOYSA-N,CHEMBL1201156,exact_pref_name_match,20,2,['Cl'],success,,1,most
MOLNUPIRAVIR,CC(C)C(=O)OC[C@H]1O[C@@H](n2cc/c(=N\O)[nH]c2=O)[C@H](O)[C@@H]1O,CC(C)C(=O)OC[C@H]1O[C@@H](n2cc/c(=N\O)[nH]c2=O)[C@H](O)[C@@H]1O,HTNPEHXGEKVIHG-QCNRFFRDSA-N,CHEMBL4650320,exact_pref_name_match,1,1,[],success,,0,no
secobarbital sodium,C=CCC1(C(C)CCC)C(=O)[N-]C(=O)NC1=O.[Na+],C=CCC1(C(C)CCC)C(=O)[N-]C(=O)NC1=O,KQPKPCNLIDLUMF-UHFFFAOYSA-M,CHEMBL1200903,exact_pref_name_match,20,2,['[Na+]'],success,,1,less
isosorbide,O[C@@H]1CO[C@H]2[C@@H]1OC[C@@H]2O,O[C@@H]1CO[C@H]2[C@@H]1OC[C@@H]2O,KLDXJTOLSGUMSJ-JGWLITMVSA-N,CHEMBL1200660,exact_pref_name_match,20,1,[],success,,0,no
sotalol,CC(C)NCC(O)c1ccc(NS(C)(=O)=O)cc1,CC(C)NCC(O)c1ccc(NS(C)(=O)=O)cc1,ZBMZVLHSJCTVON-UHFFFAOYSA-N,CHEMBL471,exact_pref_name_match,5,1,[],success,,1,most
lomefloxacin hydrochloride,CCn1cc(C(=O)O)c(=O)c2cc(F)c(N3CCNC(C)C3)c(F)c21.Cl,CCn1cc(C(=O)O)c(=O)c2cc(F)c(N3CCNC(C)C3)c(F)c21,ZEKZLJVOYLTDKK-UHFFFAOYSA-N,CHEMBL1728,exact_pref_name_match,20,2,['Cl'],success,,1,most
polythiazide,CN1C(CSCC(F)(F)F)Nc2cc(Cl)c(S(N)(=O)=O)cc2S1(=O)=O,CN1C(CSCC(F)(F)F)Nc2cc(Cl)c(S(N)(=O)=O)cc2S1(=O)=O,CYLWJCABXYDINA-UHFFFAOYSA-N,CHEMBL1587,exact_pref_name_match,1,1,[],success,,1,less
pergolide,CCCN1C[C@H](CSC)C[C@@H]2c3cccc4[nH]cc(c34)C[C@H]21,CCCN1C[C@H](CSC)C[C@@H]2c3cccc4[nH]cc(c34)C[C@H]21,YEHCICAEULNIGD-MZMPZRCHSA-N,CHEMBL531,exact_pref_name_match,4,1,[],success,,1,most
LAROTRECTINIB,O=C(Nc1cnn2ccc(N3CCC[C@@H]3c3cc(F)ccc3F)nc12)N1CC[C@H](O)C1,O=C(Nc1cnn2ccc(N3CCC[C@@H]3c3cc(F)ccc3F)nc12)N1CC[C@H](O)C1,NYNZQNWKBKUAII-KBXCAEBGSA-N,CHEMBL3889654,exact_pref_name_match,4,1,[],success,,0,no
SODIUM POLYSTYRENE SULFONATE,,,,CHEMBL1201484,exact_pref_name_match,20,0,[],no_structure, | No canonical_smiles in ChEMBL response,1,most
METHYLNALTREXONE BROMIDE,C[N+]1(CC2CC2)CC[C@]23c4c5ccc(O)c4O[C@H]2C(=O)CC[C@@]3(O)[C@H]1C5.[Br-],C[N+]1(CC2CC2)CC[C@]23c4c5ccc(O)c4O[C@H]2C(=O)CC[C@@]3(O)[C@H]1C5,JVLBPIPGETUEET-GAAHOAFPSA-O,CHEMBL1201770,exact_pref_name_match,20,2,['[Br-]'],success,,1,less
ESZOPICLONE,CN1CCN(C(=O)O[C@H]2c3nccnc3C(=O)N2c2ccc(Cl)cn2)CC1,CN1CCN(C(=O)O[C@H]2c3nccnc3C(=O)N2c2ccc(Cl)cn2)CC1,GBBSUAFBMRNDJC-INIZCTEOSA-N,CHEMBL1522,exact_pref_name_match,2,1,[],success,,1,less
VASOPRESSIN,,,,CHEMBL1201528,fallback_highest_score,20,0,[],no_structure,No exact pref_name match; chose highest score (30.0) among 20 candidates | No canonical_smiles in ChEMBL response,1,less
NALOXONE HYDROCHLORIDE,C=CCN1CC[C@]23c4c5ccc(O)c4O[C@H]2C(=O)CC[C@@]3(O)[C@H]1C5.Cl,C=CCN1CC[C@]23c4c5ccc(O)c4O[C@H]2C(=O)CC[C@@]3(O)[C@H]1C5,UZHSEJADLWPNLE-GRGSLBFTSA-N,CHEMBL1718,exact_pref_name_match,20,2,['Cl'],success,,1,less
PHYTONADIONE,CC1=C(C/C=C(\C)CCC[C@H](C)CCC[C@H](C)CCCC(C)C)C(=O)c2ccccc2C1=O,CC1=C(C/C=C(\C)CCC[C@H](C)CCC[C@H](C)CCCC(C)C)C(=O)c2ccccc2C1=O,MBWXNTAXLNYFJB-NKFFZRIASA-N,CHEMBL1550,exact_pref_name_match,1,1,[],success,,1,less
ALCOHOL,OCc1ccccc1,OCc1ccccc1,WVDDGKGOMKODPV-UHFFFAOYSA-N,CHEMBL720,fallback_highest_score,20,1,[],success,No exact pref_name match; chose highest score (28.0) among 20 candidates,1,most
PROCHLORPERAZINE,CN1CCN(CCCN2c3ccccc3Sc3ccc(Cl)cc32)CC1,CN1CCN(CCCN2c3ccccc3Sc3ccc(Cl)cc32)CC1,WIKYUJGCLQQFNW-UHFFFAOYSA-N,CHEMBL728,exact_pref_name_match,4,1,[],success,,1,less
INCLISIRAN SODIUM,,,,CHEMBL5095052,exact_pref_name_match,20,0,[],no_structure, | No canonical_smiles in ChEMBL response,0,no
Pegcetacoplan,,,,CHEMBL4298211,exact_pref_name_match,1,0,[],no_structure, | No canonical_smiles in ChEMBL response,1,less
DEGARELIX,CC(=O)N[C@H](Cc1ccc2ccccc2c1)C(=O)N[C@H](Cc1ccc(Cl)cc1)C(=O)N[C@H](Cc1cccnc1)C(=O)N[C@@H](CO)C(=O)N[C@@H](Cc1ccc(NC(=O)[C@@H]2CC(=O)NC(=O)N2)cc1)C(=O)N[C@H](Cc1ccc(NC(N)=O)cc1)C(=O)N[C@@H](CC(C)C)C(=O)N[C@@H](CCCCNC(C)C)C(=O)N1CCC[C@H]1C(=O)N[C@H](C)C(N)=O,CC(=O)N[C@H](Cc1ccc2ccccc2c1)C(=O)N[C@H](Cc1ccc(Cl)cc1)C(=O)N[C@H](Cc1cccnc1)C(=O)N[C@@H](CO)C(=O)N[C@@H](Cc1ccc(NC(=O)[C@@H]2CC(=O)NC(=O)N2)cc1)C(=O)N[C@H](Cc1ccc(NC(N)=O)cc1)C(=O)N[C@@H](CC(C)C)C(=O)N[C@@H](CCCCNC(C)C)C(=O)N1CCC[C@H]1C(=O)N[C@H](C)C(N)=O,MEUCPCLKGZSHTA-XYAYPHGZSA-N,CHEMBL415606,exact_pref_name_match,20,1,[],success,,1,most
LUMASIRAN,,,,CHEMBL4297779,exact_pref_name_match,2,0,[],no_structure, | No canonical_smiles in ChEMBL response,0,no
HISTRELIN ACETATE,CC(=O)O.CCNC(=O)[C@@H]1CCCN1C(=O)[C@H](CCCNC(=N)N)NC(=O)[C@H](CC(C)C)NC(=O)[C@@H](Cc1cn(Cc2ccccc2)cn1)NC(=O)[C@H](Cc1ccc(O)cc1)NC(=O)[C@H](CO)NC(=O)[C@H](Cc1c[nH]c2ccccc12)NC(=O)[C@H](Cc1cnc[nH]1)NC(=O)[C@@H]1CCC(=O)N1,CCNC(=O)[C@@H]1CCCN1C(=O)[C@H](CCCNC(=N)N)NC(=O)[C@H](CC(C)C)NC(=O)[C@@H](Cc1cn(Cc2ccccc2)cn1)NC(=O)[C@H](Cc1ccc(O)cc1)NC(=O)[C@H](CO)NC(=O)[C@H](Cc1c[nH]c2ccccc12)NC(=O)[C@H](Cc1cnc[nH]1)NC(=O)[C@@H]1CCC(=O)N1,HHXHVIJIIXKSOE-QILQGKCVSA-N,CHEMBL1200509,exact_pref_name_match,20,2,['CC(=O)O'],success,,1,most
bremelanotide acetate,CC(=O)O.CCCC[C@H](NC(C)=O)C(=O)N[C@H]1CC(=O)NCCCC[C@@H](C(=O)O)NC(=O)[C@H](Cc2c[nH]c3ccccc23)NC(=O)[C@H](CCCNC(=N)N)NC(=O)[C@@H](Cc2ccccc2)NC(=O)[C@H](Cc2c[nH]cn2)NC1=O,CCCC[C@H](NC(C)=O)C(=O)N[C@H]1CC(=O)NCCCC[C@@H](C(=O)O)NC(=O)[C@H](Cc2c[nH]c3ccccc23)NC(=O)[C@H](CCCNC(=N)N)NC(=O)[C@@H](Cc2ccccc2)NC(=O)[C@H](Cc2c[nH]cn2)NC1=O,FFHBJDQSGDNCIV-MFVUMRCOSA-N,CHEMBL4297533,exact_pref_name_match,20,2,['CC(=O)O'],success,,1,less
SETMELANOTIDE,CC(=O)N[C@@H](CCCNC(=N)N)C(=O)N[C@H]1CSSC[C@@H](C(N)=O)NC(=O)[C@H](Cc2c[nH]c3ccccc23)NC(=O)[C@H](CCCNC(=N)N)NC(=O)[C@@H](Cc2ccccc2)NC(=O)[C@H](Cc2c[nH]cn2)NC(=O)[C@@H](C)NC1=O,CC(=O)N[C@@H](CCCNC(=N)N)C(=O)N[C@H]1CSSC[C@@H](C(N)=O)NC(=O)[C@H](Cc2c[nH]c3ccccc23)NC(=O)[C@H](CCCNC(=N)N)NC(=O)[C@@H](Cc2ccccc2)NC(=O)[C@H](Cc2c[nH]cn2)NC(=O)[C@@H](C)NC1=O,HDHDTKMUACZDAA-PHNIDTBTSA-N,CHEMBL3301624,exact_pref_name_match,4,1,[],success,,0,no
LANREOTIDE ACETATE,CC(=O)O.CC(C)[C@@H]1NC(=O)[C@H](CCCCN)NC(=O)[C@@H](Cc2c[nH]c3ccccc23)NC(=O)[C@H](Cc2ccc(O)cc2)NC(=O)[C@@H](NC(=O)[C@H](N)Cc2ccc3ccccc3c2)CSSC[C@@H](C(=O)N[C@H](C(N)=O)[C@@H](C)O)NC1=O,CC(C)[C@@H]1NC(=O)[C@H](CCCCN)NC(=O)[C@@H](Cc2c[nH]c3ccccc23)NC(=O)[C@H](Cc2ccc(O)cc2)NC(=O)[C@@H](NC(=O)[C@H](N)Cc2ccc3ccccc3c2)CSSC[C@@H](C(=O)N[C@H](C(N)=O)[C@@H](C)O)NC1=O,PUDHBTGHUJUUFI-SCTWWAJVSA-N,CHEMBL1201184,exact_pref_name_match,20,2,['CC(=O)O'],success,,1,less
ABALOPARATIDE,,,,CHEMBL3301581,exact_pref_name_match,1,0,[],no_structure, | No canonical_smiles in ChEMBL response,1,less
DASIGLUCAGON,,,,CHEMBL4297741,exact_pref_name_match,2,0,[],no_structure, | No canonical_smiles in ChEMBL response,1,less
exenatide,CC[C@H](C)[C@H](NC(=O)[C@H](Cc1ccccc1)NC(=O)[C@H](CC(C)C)NC(=O)[C@H](CCCNC(=N)N)NC(=O)[C@@H](NC(=O)[C@H](C)NC(=O)[C@H](CCC(=O)O)NC(=O)[C@H](CCC(=O)O)NC(=O)[C@H](CCC(=O)O)NC(=O)[C@H](CCSC)NC(=O)[C@H](CCC(N)=O)NC(=O)[C@H](CCCCN)NC(=O)[C@H](CO)NC(=O)[C@H](CC(C)C)NC(=O)[C@H](CC(=O)O)NC(=O)[C@H](CO)NC(=O)[C@@H](NC(=O)[C@H](Cc1ccccc1)NC(=O)[C@@H](NC(=O)CNC(=O)[C@H](CCC(=O)O)NC(=O)CNC(=O)[C@@H](N)Cc1cnc[nH]1)[C@@H](C)O)[C@@H](C)O)C(C)C)C(=O)N[C@@H](CCC(=O)O)C(=O)N[C@@H](Cc1c[nH]c2ccccc12)C(=O)N[C@@H](CC(C)C)C(=O)N[C@@H](CCCCN)C(=O)N[C@@H](CC(N)=O)C(=O)NCC(=O)NCC(=O)N1CCC[C@H]1C(=O)N[C@@H](CO)C(=O)N[C@@H](CO)C(=O)NCC(=O)N[C@@H](C)C(=O)N1CCC[C@H]1C(=O)N1CCC[C@H]1C(=O)N1CCC[C@H]1C(=O)N[C@@H](CO)C(N)=O,CC[C@H](C)[C@H](NC(=O)[C@H](Cc1ccccc1)NC(=O)[C@H](CC(C)C)NC(=O)[C@H](CCCNC(=N)N)NC(=O)[C@@H](NC(=O)[C@H](C)NC(=O)[C@H](CCC(=O)O)NC(=O)[C@H](CCC(=O)O)NC(=O)[C@H](CCC(=O)O)NC(=O)[C@H](CCSC)NC(=O)[C@H](CCC(N)=O)NC(=O)[C@H](CCCCN)NC(=O)[C@H](CO)NC(=O)[C@H](CC(C)C)NC(=O)[C@H](CC(=O)O)NC(=O)[C@H](CO)NC(=O)[C@@H](NC(=O)[C@H](Cc1ccccc1)NC(=O)[C@@H](NC(=O)CNC(=O)[C@H](CCC(=O)O)NC(=O)CNC(=O)[C@@H](N)Cc1cnc[nH]1)[C@@H](C)O)[C@@H](C)O)C(C)C)C(=O)N[C@@H](CCC(=O)O)C(=O)N[C@@H](Cc1c[nH]c2ccccc12)C(=O)N[C@@H](CC(C)C)C(=O)N[C@@H](CCCCN)C(=O)N[C@@H](CC(N)=O)C(=O)NCC(=O)NCC(=O)N1CCC[C@H]1C(=O)N[C@@H](CO)C(=O)N[C@@H](CO)C(=O)NCC(=O)N[C@@H](C)C(=O)N1CCC[C@H]1C(=O)N1CCC[C@H]1C(=O)N1CCC[C@H]1C(=O)N[C@@H](CO)C(N)=O,HTQBXNHDCUEHJF-XWLPCZSASA-N,CHEMBL414357,exact_pref_name_match,4,1,[],success,,0,no
INOTERSEN SODIUM,,,,CHEMBL4297537,exact_pref_name_match,20,0,[],no_structure, | No canonical_smiles in ChEMBL response,1,less
LIRAGLUTIDE,CCCCCCCCCCCCCCCC(=O)N[C@@H](CCC(=O)NCCCC[C@H](NC(=O)[C@H](C)NC(=O)[C@H](C)NC(=O)[C@H](CCC(N)=O)NC(=O)CNC(=O)[C@H](CCC(=O)O)NC(=O)[C@H](CC(C)C)NC(=O)[C@H](Cc1ccc(O)cc1)NC(=O)[C@H](CO)NC(=O)[C@H](CO)NC(=O)[C@@H](NC(=O)[C@H](CC(=O)O)NC(=O)[C@H](CO)NC(=O)[C@@H](NC(=O)[C@H](Cc1ccccc1)NC(=O)[C@@H](NC(=O)CNC(=O)[C@H](CCC(=O)O)NC(=O)[C@H](C)NC(=O)[C@@H](N)Cc1cnc[nH]1)[C@@H](C)O)[C@@H](C)O)C(C)C)C(=O)N[C@@H](CCC(=O)O)C(=O)N[C@@H](Cc1ccccc1)C(=O)N[C@H](C(=O)N[C@@H](C)C(=O)N[C@@H](Cc1c[nH]c2ccccc12)C(=O)N[C@@H](CC(C)C)C(=O)N[C@H](C(=O)N[C@@H](CCCNC(=N)N)C(=O)NCC(=O)N[C@@H](CCCNC(=N)N)C(=O)NCC(=O)O)C(C)C)[C@@H](C)CC)C(=O)O,CCCCCCCCCCCCCCCC(=O)N[C@@H](CCC(=O)NCCCC[C@H](NC(=O)[C@H](C)NC(=O)[C@H](C)NC(=O)[C@H](CCC(N)=O)NC(=O)CNC(=O)[C@H](CCC(=O)O)NC(=O)[C@H](CC(C)C)NC(=O)[C@H](Cc1ccc(O)cc1)NC(=O)[C@H](CO)NC(=O)[C@H](CO)NC(=O)[C@@H](NC(=O)[C@H](CC(=O)O)NC(=O)[C@H](CO)NC(=O)[C@@H](NC(=O)[C@H](Cc1ccccc1)NC(=O)[C@@H](NC(=O)CNC(=O)[C@H](CCC(=O)O)NC(=O)[C@H](C)NC(=O)[C@@H](N)Cc1cnc[nH]1)[C@@H](C)O)[C@@H](C)O)C(C)C)C(=O)N[C@@H](CCC(=O)O)C(=O)N[C@@H](Cc1ccccc1)C(=O)N[C@H](C(=O)N[C@@H](C)C(=O)N[C@@H](Cc1c[nH]c2ccccc12)C(=O)N[C@@H](CC(C)C)C(=O)N[C@H](C(=O)N[C@@H](CCCNC(=N)N)C(=O)NCC(=O)N[C@@H](CCCNC(=N)N)C(=O)NCC(=O)O)C(C)C)[C@@H](C)CC)C(=O)O,YSDQQAXHVYUZIW-QCIJIYAXSA-N,CHEMBL4084119,exact_pref_name_match,9,1,[],success,,1,less
TESTOSTERONE ENANTHATE,CCCCCCC(=O)O[C@H]1CC[C@H]2[C@@H]3CCC4=CC(=O)CC[C@]4(C)[C@H]3CC[C@]12C,CCCCCCC(=O)O[C@H]1CC[C@H]2[C@@H]3CCC4=CC(=O)CC[C@]4(C)[C@H]3CC[C@]12C,VOCBWIIFXDYGNZ-IXKNJLPQSA-N,CHEMBL1200335,exact_pref_name_match,20,1,[],success,,1,most
VOSORITIDE,,,,CHEMBL3707276,exact_pref_name_match,1,0,[],no_structure, | No canonical_smiles in ChEMBL response,1,less
pramlintide acetate,CC(=O)O.CC[C@H](C)[C@H](NC(=O)[C@@H]1CCCN1C(=O)CNC(=O)[C@H](Cc1ccccc1)NC(=O)[C@H](CC(N)=O)NC(=O)[C@H](CC(N)=O)NC(=O)[C@H](CO)NC(=O)[C@H](CO)NC(=O)[C@H](Cc1c[nH]cn1)NC(=O)[C@@H](NC(=O)[C@H](CC(C)C)NC(=O)[C@H](Cc1ccccc1)NC(=O)[C@H](CC(N)=O)NC(=O)[C@H](C)NC(=O)[C@H](CC(C)C)NC(=O)[C@H](CCCNC(=N)N)NC(=O)[C@H](CCC(N)=O)NC(=O)[C@@H](NC(=O)[C@H](C)NC(=O)[C@@H]1CSSC[C@H](NC(=O)[C@@H](N)CCCCN)C(=O)N[C@@H](CC(N)=O)C(=O)N[C@@H]([C@@H](C)O)C(=O)N[C@@H](C)C(=O)N[C@@H]([C@@H](C)O)C(=O)N1)[C@@H](C)O)C(C)C)C(=O)N[C@@H](CC(C)C)C(=O)N1CCC[C@H]1C(=O)N1CCC[C@H]1C(=O)N[C@H](C(=O)N[C@@H](CC(N)=O)C(=O)N[C@H](C(=O)NCC(=O)N[C@@H](CO)C(=O)N[C@@H](CC(N)=O)C(=O)N[C@H](C(=O)N[C@@H](Cc1ccc(O)cc1)C(N)=O)[C@@H](C)O)C(C)C)[C@@H](C)O,CC[C@H](C)[C@H](NC(=O)[C@@H]1CCCN1C(=O)CNC(=O)[C@H](Cc1ccccc1)NC(=O)[C@H](CC(N)=O)NC(=O)[C@H](CC(N)=O)NC(=O)[C@H](CO)NC(=O)[C@H](CO)NC(=O)[C@H](Cc1c[nH]cn1)NC(=O)[C@@H](NC(=O)[C@H](CC(C)C)NC(=O)[C@H](Cc1ccccc1)NC(=O)[C@H](CC(N)=O)NC(=O)[C@H](C)NC(=O)[C@H](CC(C)C)NC(=O)[C@H](CCCNC(=N)N)NC(=O)[C@H](CCC(N)=O)NC(=O)[C@@H](NC(=O)[C@H](C)NC(=O)[C@@H]1CSSC[C@H](NC(=O)[C@@H](N)CCCCN)C(=O)N[C@@H](CC(N)=O)C(=O)N[C@@H]([C@@H](C)O)C(=O)N[C@@H](C)C(=O)N[C@@H]([C@@H](C)O)C(=O)N1)[C@@H](C)O)C(C)C)C(=O)N[C@@H](CC(C)C)C(=O)N1CCC[C@H]1C(=O)N1CCC[C@H]1C(=O)N[C@H](C(=O)N[C@@H](CC(N)=O)C(=O)N[C@H](C(=O)NCC(=O)N[C@@H](CO)C(=O)N[C@@H](CC(N)=O)C(=O)N[C@H](C(=O)N[C@@H](Cc1ccc(O)cc1)C(N)=O)[C@@H](C)O)C(C)C)[C@@H](C)O,TZIRZGBAFTZREM-MKAGXXMWSA-N,CHEMBL3833353,exact_pref_name_match,20,2,['CC(=O)O'],success,,0,no
goserelin acetate,CC(=O)O.CC(C)C[C@H](NC(=O)[C@@H](COC(C)(C)C)NC(=O)[C@H](Cc1ccc(O)cc1)NC(=O)[C@H](CO)NC(=O)[C@H](Cc1c[nH]c2ccccc12)NC(=O)[C@H](Cc1cnc[nH]1)NC(=O)[C@@H]1CCC(=O)N1)C(=O)N[C@@H](CCCNC(=N)N)C(=O)N1CCC[C@H]1C(=O)NNC(N)=O,CC(C)C[C@H](NC(=O)[C@@H](COC(C)(C)C)NC(=O)[C@H](Cc1ccc(O)cc1)NC(=O)[C@H](CO)NC(=O)[C@H](Cc1c[nH]c2ccccc12)NC(=O)[C@H](Cc1cnc[nH]1)NC(=O)[C@@H]1CCC(=O)N1)C(=O)N[C@@H](CCCNC(=N)N)C(=O)N1CCC[C@H]1C(=O)NNC(N)=O,BLCLNMBMMGCOAS-URPVMXJPSA-N,CHEMBL1200501,exact_pref_name_match,20,2,['CC(=O)O'],success,,1,most
OMACETAXINE MEPESUCCINATE,COC(=O)C[C@](O)(CCCC(C)(C)O)C(=O)O[C@@H]1C(OC)=C[C@]23CCCN2CCc2cc4c(cc2[C@H]13)OCO4,COC(=O)C[C@](O)(CCCC(C)(C)O)C(=O)O[C@@H]1C(OC)=C[C@]23CCCN2CCc2cc4c(cc2[C@H]13)OCO4,HYFHYPWGAURHIV-JFIAXGOJSA-N,CHEMBL46286,exact_pref_name_match,1,1,[],success,,1,less
givosiran sodium,,,,CHEMBL4594265,exact_pref_name_match,20,0,[],no_structure, | No canonical_smiles in ChEMBL response,0,no
GLATIRAMER ACETATE,,,,CHEMBL1201507,exact_pref_name_match,20,0,[],no_structure, | No canonical_smiles in ChEMBL response,1,less
SEMAGLUTIDE,,,,CHEMBL2108724,exact_pref_name_match,4,0,[],no_structure, | No canonical_smiles in ChEMBL response,1,less
etonogestrel,C#C[C@]1(O)CC[C@H]2[C@@H]3CCC4=CC(=O)CC[C@@H]4[C@H]3C(=C)C[C@@]21CC,C#C[C@]1(O)CC[C@H]2[C@@H]3CCC4=CC(=O)CC[C@@H]4[C@H]3C(=C)C[C@@]21CC,GCKFUYQCUCGESZ-BPIQYHPVSA-N,CHEMBL1531,exact_pref_name_match,2,1,[],success,,1,most
Enfuvirtide,CC[C@H](C)[C@H](NC(=O)[C@H](CC(C)C)NC(=O)[C@H](CO)NC(=O)[C@H](Cc1cnc[nH]1)NC(=O)[C@@H](NC(=O)[C@H](CC(C)C)NC(=O)[C@H](CO)NC(=O)[C@@H](NC(=O)[C@H](Cc1ccc(O)cc1)NC(C)=O)[C@@H](C)O)[C@@H](C)CC)C(=O)N[C@@H](CCC(=O)O)C(=O)N[C@@H](CCC(=O)O)C(=O)N[C@@H](CO)C(=O)N[C@@H](CCC(N)=O)C(=O)N[C@@H](CC(N)=O)C(=O)N[C@@H](CCC(N)=O)C(=O)N[C@@H](CCC(N)=O)C(=O)N[C@@H](CCC(=O)O)C(=O)N[C@@H](CCCCN)C(=O)N[C@@H](CC(N)=O)C(=O)N[C@@H](CCC(=O)O)C(=O)N[C@@H](CCC(N)=O)C(=O)N[C@@H](CCC(=O)O)C(=O)N[C@@H](CC(C)C)C(=O)N[C@@H](CC(C)C)C(=O)N[C@@H](CCC(=O)O)C(=O)N[C@@H](CC(C)C)C(=O)N[C@@H](CC(=O)O)C(=O)N[C@@H](CCCCN)C(=O)N[C@@H](Cc1c[nH]c2ccccc12)C(=O)N[C@@H](C)C(=O)N[C@@H](CO)C(=O)N[C@@H](CC(C)C)C(=O)N[C@@H](Cc1c[nH]c2ccccc12)C(=O)N[C@@H](CC(N)=O)C(=O)N[C@@H](Cc1c[nH]c2ccccc12)C(=O)N[C@@H](Cc1ccccc1)C(N)=O,CC[C@H](C)[C@H](NC(=O)[C@H](CC(C)C)NC(=O)[C@H](CO)NC(=O)[C@H](Cc1cnc[nH]1)NC(=O)[C@@H](NC(=O)[C@H](CC(C)C)NC(=O)[C@H](CO)NC(=O)[C@@H](NC(=O)[C@H](Cc1ccc(O)cc1)NC(C)=O)[C@@H](C)O)[C@@H](C)CC)C(=O)N[C@@H](CCC(=O)O)C(=O)N[C@@H](CCC(=O)O)C(=O)N[C@@H](CO)C(=O)N[C@@H](CCC(N)=O)C(=O)N[C@@H](CC(N)=O)C(=O)N[C@@H](CCC(N)=O)C(=O)N[C@@H](CCC(N)=O)C(=O)N[C@@H](CCC(=O)O)C(=O)N[C@@H](CCCCN)C(=O)N[C@@H](CC(N)=O)C(=O)N[C@@H](CCC(=O)O)C(=O)N[C@@H](CCC(N)=O)C(=O)N[C@@H](CCC(=O)O)C(=O)N[C@@H](CC(C)C)C(=O)N[C@@H](CC(C)C)C(=O)N[C@@H](CCC(=O)O)C(=O)N[C@@H](CC(C)C)C(=O)N[C@@H](CC(=O)O)C(=O)N[C@@H](CCCCN)C(=O)N[C@@H](Cc1c[nH]c2ccccc12)C(=O)N[C@@H](C)C(=O)N[C@@H](CO)C(=O)N[C@@H](CC(C)C)C(=O)N[C@@H](Cc1c[nH]c2ccccc12)C(=O)N[C@@H](CC(N)=O)C(=O)N[C@@H](Cc1c[nH]c2ccccc12)C(=O)N[C@@H](Cc1ccccc1)C(N)=O,PEASPLKKXBYDKL-FXEVSJAOSA-N,CHEMBL525076,exact_pref_name_match,2,1,[],success,,1,less
MIPOMERSEN SODIUM,COCCO[C@@H]1[C@H](SP(=O)([O-])OC[C@H]2O[C@@H](n3cc(C)c(=O)[nH]c3=O)[C@H](OCCOC)[C@@H]2SP(=O)([O-])OC[C@H]2O[C@@H](n3cc(C)c(N)nc3=O)[C@H](OCCOC)[C@@H]2SP(=O)([O-])OC[C@H]2O[C@@H](n3cnc4c(N)ncnc43)C[C@@H]2SP(=O)([O-])OC[C@H]2O[C@@H](n3cnc4c(=O)[nH]c(N)nc43)C[C@@H]2SP(=O)([O-])OC[C@H]2O[C@@H](n3cc(C)c(=O)[nH]c3=O)C[C@@H]2SP(=O)([O-])OC[C@H]2O[C@@H](n3cc(C)c(N)nc3=O)C[C@@H]2SP(=O)([O-])OC[C@H]2O[C@@H](n3cc(C)c(=O)[nH]c3=O)C[C@@H]2SP(=O)([O-])OC[C@H]2O[C@@H](n3cnc4c(=O)[nH]c(N)nc43)C[C@@H]2SP(=O)([O-])OC[C@H]2O[C@@H](n3cc(C)c(N)nc3=O)C[C@@H]2SP(=O)([O-])OC[C@H]2O[C@@H](n3cc(C)c(=O)[nH]c3=O)C[C@@H]2SP(=O)([O-])OC[C@H]2O[C@@H](n3cc(C)c(=O)[nH]c3=O)C[C@@H]2SP(=O)([O-])OC[C@H]2O[C@@H](n3cc(C)c(N)nc3=O)C[C@@H]2SP(=O)([O-])OC[C@H]2O[C@@H](n3cnc4c(=O)[nH]c(N)nc43)[C@H](OCCOC)[C@@H]2SP(=O)([O-])OC[C@@H]2O[C@H](n3cc(C)c(N)nc3=O)[C@@H](OCCOC)[C@H]2SP(=O)([O-])OC[C@@H]2O[C@H](n3cnc4c(N)ncnc43)[C@@H](OCCOC)[C@H]2SP(=O)([O-])OC[C@@H]2O[C@H](n3cc(C)c(N)nc3=O)[C@@H](OCCOC)[C@H]2SP(=O)([O-])OC[C@@H]2O[C@H](n3cc(C)c(N)nc3=O)[C@@H](OCCOC)[C@H]2O)[C@@H](COP(=O)([O-])S[C@H]2[C@@H](OCCOC)[C@H](n3cc(C)c(N)nc3=O)O[C@@H]2COP(=O)([O-])S[C@H]2[C@@H](OCCOC)[C@H](n3cnc4c(=O)[nH]c(N)nc43)O[C@@H]2CO)O[C@H]1n1cc(C)c(N)nc1=O.[Na+].[Na+].[Na+].[Na+].[Na+].[Na+].[Na+].[Na+].[Na+].[Na+].[Na+].[Na+].[Na+].[Na+].[Na+].[Na+].[Na+].[Na+].[Na+],COCCO[C@@H]1[C@H](SP(=O)([O-])OC[C@H]2O[C@@H](n3cc(C)c(=O)[nH]c3=O)[C@H](OCCOC)[C@@H]2SP(=O)([O-])OC[C@H]2O[C@@H](n3cc(C)c(N)nc3=O)[C@H](OCCOC)[C@@H]2SP(=O)([O-])OC[C@H]2O[C@@H](n3cnc4c(N)ncnc43)C[C@@H]2SP(=O)([O-])OC[C@H]2O[C@@H](n3cnc4c(=O)[nH]c(N)nc43)C[C@@H]2SP(=O)([O-])OC[C@H]2O[C@@H](n3cc(C)c(=O)[nH]c3=O)C[C@@H]2SP(=O)([O-])OC[C@H]2O[C@@H](n3cc(C)c(N)nc3=O)C[C@@H]2SP(=O)([O-])OC[C@H]2O[C@@H](n3cc(C)c(=O)[nH]c3=O)C[C@@H]2SP(=O)([O-])OC[C@H]2O[C@@H](n3cnc4c(=O)[nH]c(N)nc43)C[C@@H]2SP(=O)([O-])OC[C@H]2O[C@@H](n3cc(C)c(N)nc3=O)C[C@@H]2SP(=O)([O-])OC[C@H]2O[C@@H](n3cc(C)c(=O)[nH]c3=O)C[C@@H]2SP(=O)([O-])OC[C@H]2O[C@@H](n3cc(C)c(=O)[nH]c3=O)C[C@@H]2SP(=O)([O-])OC[C@H]2O[C@@H](n3cc(C)c(N)nc3=O)C[C@@H]2SP(=O)([O-])OC[C@H]2O[C@@H](n3cnc4c(=O)[nH]c(N)nc43)[C@H](OCCOC)[C@@H]2SP(=O)([O-])OC[C@@H]2O[C@H](n3cc(C)c(N)nc3=O)[C@@H](OCCOC)[C@H]2SP(=O)([O-])OC[C@@H]2O[C@H](n3cnc4c(N)ncnc43)[C@@H](OCCOC)[C@H]2SP(=O)([O-])OC[C@@H]2O[C@H](n3cc(C)c(N)nc3=O)[C@@H](OCCOC)[C@H]2SP(=O)([O-])OC[C@@H]2O[C@H](n3cc(C)c(N)nc3=O)[C@@H](OCCOC)[C@H]2O)[C@@H](COP(=O)([O-])S[C@H]2[C@@H](OCCOC)[C@H](n3cc(C)c(N)nc3=O)O[C@@H]2COP(=O)([O-])S[C@H]2[C@@H](OCCOC)[C@H](n3cnc4c(=O)[nH]c(N)nc43)O[C@@H]2CO)O[C@H]1n1cc(C)c(N)nc1=O,TZRFSLHOCZEXCC-HIVFKXHNSA-A,CHEMBL502097,exact_pref_name_match,20,20,"['[Na+]', '[Na+]', '[Na+]', '[Na+]', '[Na+]', '[Na+]', '[Na+]', '[Na+]', '[Na+]', '[Na+]', '[Na+]', '[Na+]', '[Na+]', '[Na+]', '[Na+]', '[Na+]', '[Na+]', '[Na+]', '[Na+]']",success,,0,no
DALTEPARIN SODIUM,,,,CHEMBL1201460,exact_pref_name_match,20,0,[],no_structure, | No canonical_smiles in ChEMBL response,0,no
Teriparatide,CC[C@H](C)[C@H](NC(=O)[C@H](CCC(=O)O)NC(=O)[C@H](CO)NC(=O)[C@@H](NC(=O)[C@@H](N)CO)C(C)C)C(=O)N[C@@H](CCC(N)=O)C(=O)N[C@@H](CC(C)C)C(=O)N[C@@H](CCSC)C(=O)N[C@@H](Cc1cnc[nH]1)C(=O)N[C@@H](CC(N)=O)C(=O)N[C@@H](CC(C)C)C(=O)NCC(=O)N[C@@H](CCCCN)C(=O)N[C@@H](Cc1cnc[nH]1)C(=O)N[C@@H](CC(C)C)C(=O)N[C@@H](CC(N)=O)C(=O)N[C@@H](CO)C(=O)N[C@@H](CCSC)C(=O)N[C@@H](CCC(=O)O)C(=O)N[C@@H](CCCNC(=N)N)C(=O)N[C@H](C(=O)N[C@@H](CCC(=O)O)C(=O)N[C@@H](Cc1c[nH]c2ccccc12)C(=O)N[C@@H](CC(C)C)C(=O)N[C@@H](CCCNC(=N)N)C(=O)N[C@@H](CCCCN)C(=O)N[C@@H](CCCCN)C(=O)N[C@@H](CC(C)C)C(=O)N[C@@H](CCC(N)=O)C(=O)N[C@@H](CC(=O)O)C(=O)N[C@H](C(=O)N[C@@H](Cc1cnc[nH]1)C(=O)N[C@@H](CC(N)=O)C(=O)N[C@@H](Cc1ccccc1)C(=O)O)C(C)C)C(C)C,CC[C@H](C)[C@H](NC(=O)[C@H](CCC(=O)O)NC(=O)[C@H](CO)NC(=O)[C@@H](NC(=O)[C@@H](N)CO)C(C)C)C(=O)N[C@@H](CCC(N)=O)C(=O)N[C@@H](CC(C)C)C(=O)N[C@@H](CCSC)C(=O)N[C@@H](Cc1cnc[nH]1)C(=O)N[C@@H](CC(N)=O)C(=O)N[C@@H](CC(C)C)C(=O)NCC(=O)N[C@@H](CCCCN)C(=O)N[C@@H](Cc1cnc[nH]1)C(=O)N[C@@H](CC(C)C)C(=O)N[C@@H](CC(N)=O)C(=O)N[C@@H](CO)C(=O)N[C@@H](CCSC)C(=O)N[C@@H](CCC(=O)O)C(=O)N[C@@H](CCCNC(=N)N)C(=O)N[C@H](C(=O)N[C@@H](CCC(=O)O)C(=O)N[C@@H](Cc1c[nH]c2ccccc12)C(=O)N[C@@H](CC(C)C)C(=O)N[C@@H](CCCNC(=N)N)C(=O)N[C@@H](CCCCN)C(=O)N[C@@H](CCCCN)C(=O)N[C@@H](CC(C)C)C(=O)N[C@@H](CCC(N)=O)C(=O)N[C@@H](CC(=O)O)C(=O)N[C@H](C(=O)N[C@@H](Cc1cnc[nH]1)C(=O)N[C@@H](CC(N)=O)C(=O)N[C@@H](Cc1ccccc1)C(=O)O)C(C)C)C(C)C,OGBMKVWORPGQRR-UMXFMPSGSA-N,CHEMBL525610,exact_pref_name_match,3,1,[],success,,1,less
DEOXYCHOLIC ACID,C[C@H](CCC(=O)O)[C@H]1CC[C@H]2[C@@H]3CC[C@@H]4C[C@H](O)CC[C@]4(C)[C@H]3C[C@H](O)[C@]12C,C[C@H](CCC(=O)O)[C@H]1CC[C@H]2[C@@H]3CC[C@@H]4C[C@H](O)CC[C@]4(C)[C@H]3C[C@H](O)[C@]12C,KXGVEGMKQFWNSR-LLQZFEROSA-N,CHEMBL406393,exact_pref_name_match,20,1,[],success,,1,less
FONDAPARINUX SODIUM,CO[C@H]1O[C@H](COS(=O)(=O)[O-])[C@@H](O[C@@H]2O[C@@H](C(=O)[O-])[C@@H](O[C@H]3O[C@H](COS(=O)(=O)[O-])[C@@H](O[C@@H]4O[C@H](C(=O)[O-])[C@@H](O[C@H]5O[C@H](COS(=O)(=O)[O-])[C@@H](O)[C@H](O)[C@H]5NS(=O)(=O)[O-])[C@H](O)[C@H]4O)[C@H](OS(=O)(=O)[O-])[C@H]3NS(=O)(=O)[O-])[C@H](O)[C@H]2OS(=O)(=O)[O-])[C@H](O)[C@H]1NS(=O)(=O)[O-].[Na+].[Na+].[Na+].[Na+].[Na+].[Na+].[Na+].[Na+].[Na+].[Na+],CO[C@H]1O[C@H](COS(=O)(=O)[O-])[C@@H](O[C@@H]2O[C@@H](C(=O)[O-])[C@@H](O[C@H]3O[C@H](COS(=O)(=O)[O-])[C@@H](O[C@@H]4O[C@H](C(=O)[O-])[C@@H](O[C@H]5O[C@H](COS(=O)(=O)[O-])[C@@H](O)[C@H](O)[C@H]5NS(=O)(=O)[O-])[C@H](O)[C@H]4O)[C@H](OS(=O)(=O)[O-])[C@H]3NS(=O)(=O)[O-])[C@H](O)[C@H]2OS(=O)(=O)[O-])[C@H](O)[C@H]1NS(=O)(=O)[O-],KANJSNBRCNMZMV-ABRZTLGGSA-D,CHEMBL1200644,exact_pref_name_match,20,11,"['[Na+]', '[Na+]', '[Na+]', '[Na+]', '[Na+]', '[Na+]', '[Na+]', '[Na+]', '[Na+]', '[Na+]']",success,,0,no
terbutaline sulfate,CC(C)(C)NCC(O)c1cc(O)cc(O)c1.CC(C)(C)NCC(O)c1cc(O)cc(O)c1.O=S(=O)(O)O,CC(C)(C)NCC(O)c1cc(O)cc(O)c1,XWTYSIMOBUGWOL-UHFFFAOYSA-N,CHEMBL1315867,exact_pref_name_match,20,3,"['CC(C)(C)NCC(O)c1cc(O)cc(O)c1', 'O=S(=O)(O)O']",success,,1,most
ganirelix acetate,CC(=O)O.CC(=O)O.CC/N=C(\NCC)NCCCC[C@H](NC(=O)[C@H](CC(C)C)NC(=O)[C@@H](CCCCN/C(=N/CC)NCC)NC(=O)[C@H](Cc1ccc(O)cc1)NC(=O)[C@H](CO)NC(=O)[C@@H](Cc1cccnc1)NC(=O)[C@@H](Cc1ccc(Cl)cc1)NC(=O)[C@@H](Cc1ccc2ccccc2c1)NC(C)=O)C(=O)N1CCC[C@H]1C(=O)N[C@H](C)C(N)=O,CC/N=C(\NCC)NCCCC[C@H](NC(=O)[C@H](CC(C)C)NC(=O)[C@@H](CCCCN/C(=N/CC)NCC)NC(=O)[C@H](Cc1ccc(O)cc1)NC(=O)[C@H](CO)NC(=O)[C@@H](Cc1cccnc1)NC(=O)[C@@H](Cc1ccc(Cl)cc1)NC(=O)[C@@H](Cc1ccc2ccccc2c1)NC(C)=O)C(=O)N1CCC[C@H]1C(=O)N[C@H](C)C(N)=O,GJNXBNATEDXMAK-PFLSVRRQSA-N,CHEMBL5314377,exact_pref_name_match,20,3,"['CC(=O)O', 'CC(=O)O']",success,,0,no
ISOSULFAN BLUE,CCN(CC)c1ccc(C(=C2C=CC(=[N+](CC)CC)C=C2)c2cc(S(=O)(=O)[O-])ccc2S(=O)(=O)[O-])cc1.[Na+],CCN(CC)c1ccc(C(=C2C=CC(=[N+](CC)CC)C=C2)c2cc(S(=O)(=O)[O-])ccc2S(=O)(=O)[O-])cc1,YFKDCGWIINMRQY-UHFFFAOYSA-M,CHEMBL1200859,exact_pref_name_match,20,2,['[Na+]'],success,,0,no
ICATIBANT ACETATE,CC(=O)O.N=C(N)NCCC[C@@H](N)C(=O)N[C@@H](CCCNC(=N)N)C(=O)N1CCC[C@H]1C(=O)N1C[C@H](O)C[C@H]1C(=O)NCC(=O)N[C@@H](Cc1cccs1)C(=O)N[C@@H](CO)C(=O)N1Cc2ccccc2C[C@@H]1C(=O)N1[C@H](C(=O)N[C@@H](CCCNC(=N)N)C(=O)O)C[C@@H]2CCCC[C@@H]21,N=C(N)NCCC[C@@H](N)C(=O)N[C@@H](CCCNC(=N)N)C(=O)N1CCC[C@H]1C(=O)N1C[C@H](O)C[C@H]1C(=O)NCC(=O)N[C@@H](Cc1cccs1)C(=O)N[C@@H](CO)C(=O)N1Cc2ccccc2C[C@@H]1C(=O)N1[C@H](C(=O)N[C@@H](CCCNC(=N)N)C(=O)O)C[C@@H]2CCCC[C@@H]21,QURWXBZNHXJZBE-SKXRKSCCSA-N,CHEMBL2028852,exact_pref_name_match,20,2,['CC(=O)O'],success,,0,no
tinzaparin sodium,,,,CHEMBL1201414,exact_pref_name_match,20,0,[],no_structure, | No canonical_smiles in ChEMBL response,1,less
apomorphine hydrochloride,CN1CCc2cccc3c2[C@H]1Cc1ccc(O)c(O)c1-3.CN1CCc2cccc3c2[C@H]1Cc1ccc(O)c(O)c1-3.Cl.Cl.O,CN1CCc2cccc3c2[C@H]1Cc1ccc(O)c(O)c1-3,VMWNQDUVQKEIOC-CYBMUJFWSA-N,CHEMBL3187985,exact_pref_name_match,20,5,"['CN1CCc2cccc3c2[C@H]1Cc1ccc(O)c(O)c1-3', 'Cl', 'Cl', 'O']",success,,1,most
SUFENTANIL,CCC(=O)N(c1ccccc1)C1(COC)CCN(CCc2cccs2)CC1,CCC(=O)N(c1ccccc1)C1(COC)CCN(CCc2cccs2)CC1,GGCSSNBKKAUURC-UHFFFAOYSA-N,CHEMBL658,exact_pref_name_match,4,1,[],success,,1,less
NITROGLYCERIN,O=[N+]([O-])OCC(CO[N+](=O)[O-])O[N+](=O)[O-],O=[N+]([O-])OCC(CO[N+](=O)[O-])O[N+](=O)[O-],SNIOPGDIGTZGOP-UHFFFAOYSA-N,CHEMBL730,exact_pref_name_match,1,1,[],success,,1,most
ASENAPINE MALEATE,CN1CC2c3ccccc3Oc3ccc(Cl)cc3C2C1.O=C(O)/C=C\C(=O)O,CN1CC2c3ccccc3Oc3ccc(Cl)cc3C2C1,VSWBSWWIRNCQIJ-UHFFFAOYSA-N,CHEMBL3544974,exact_pref_name_match,20,2,['O=C(O)/C=C\\C(=O)O'],success,,1,most
BUPRENORPHINE HYDROCHLORIDE,CO[C@@]12CC[C@@]3(C[C@@H]1[C@](C)(O)C(C)(C)C)[C@H]1Cc4ccc(O)c5c4[C@@]3(CCN1CC1CC1)[C@H]2O5.Cl,CO[C@@]12CC[C@@]3(C[C@@H]1[C@](C)(O)C(C)(C)C)[C@H]1Cc4ccc(O)c5c4[C@@]3(CCN1CC1CC1)[C@H]2O5,RMRJXGBAOAMLHD-CTAPUXPBSA-N,CHEMBL2368861,exact_pref_name_match,20,2,['Cl'],success,,1,less
PRILOCAINE HYDROCHLORIDE,CCCNC(C)C(=O)Nc1ccccc1C.Cl,CCCNC(C)C(=O)Nc1ccccc1C,MVFGUOIZUNYYSO-UHFFFAOYSA-N,CHEMBL1200586,exact_pref_name_match,20,2,['Cl'],success,,1,less
Etoricoxib,Cc1ccc(-c2ncc(Cl)cc2-c2ccc(S(C)(=O)=O)cc2)cn1,Cc1ccc(-c2ncc(Cl)cc2-c2ccc(S(C)(=O)=O)cc2)cn1,MNJVRJDLRVPLFE-UHFFFAOYSA-N,CHEMBL416146,exact_pref_name_match,1,1,[],success,,1,most
Rofecoxib,CS(=O)(=O)c1ccc(C2=C(c3ccccc3)C(=O)OC2)cc1,CS(=O)(=O)c1ccc(C2=C(c3ccccc3)C(=O)OC2)cc1,RZJQGNCSTQAWON-UHFFFAOYSA-N,CHEMBL122,exact_pref_name_match,6,1,[],success,,1,most
Benfluorex,CC(Cc1cccc(C(F)(F)F)c1)NCCOC(=O)c1ccccc1,CC(Cc1cccc(C(F)(F)F)c1)NCCOC(=O)c1ccccc1,CJAVTWRYCDNHSM-UHFFFAOYSA-N,CHEMBL400599,exact_pref_name_match,2,1,[],success,,1,most
Chlorphentermine,CC(C)(N)Cc1ccc(Cl)cc1,CC(C)(N)Cc1ccc(Cl)cc1,ZCKAMNXUHHNZLN-UHFFFAOYSA-N,CHEMBL1201269,exact_pref_name_match,2,1,[],success,,1,most
Dexfenfluramine,CCN[C@@H](C)Cc1cccc(C(F)(F)F)c1,CCN[C@@H](C)Cc1cccc(C(F)(F)F)c1,DBGIVFWFUFKIQN-VIFPVBQESA-N,CHEMBL248702,exact_pref_name_match,4,1,[],success,,1,most
Fenfluramine,CCNC(C)Cc1cccc(C(F)(F)F)c1,CCNC(C)Cc1cccc(C(F)(F)F)c1,DBGIVFWFUFKIQN-UHFFFAOYSA-N,CHEMBL87493,exact_pref_name_match,6,1,[],success,,1,most
Levomethadyl acetate,CC[C@H](OC(C)=O)C(C[C@H](C)N(C)C)(c1ccccc1)c1ccccc1,CC[C@H](OC(C)=O)C(C[C@H](C)N(C)C)(c1ccccc1)c1ccccc1,XBMIVRRWGCYBTQ-AVRDEDQJSA-N,CHEMBL1514,exact_pref_name_match,20,1,[],success,,1,most
Phentermine,CC(C)(N)Cc1ccccc1,CC(C)(N)Cc1ccccc1,DHHVAGZRUROJKS-UHFFFAOYSA-N,CHEMBL1574,exact_pref_name_match,2,1,[],success,,1,most
Propoxyphene,CCC(=O)O[C@](Cc1ccccc1)(c1ccccc1)[C@H](C)CN(C)C,CCC(=O)O[C@](Cc1ccccc1)(c1ccccc1)[C@H](C)CN(C)C,XLMALTXPSGQGBX-GCJKJVERSA-N,CHEMBL1213351,exact_pref_name_match,5,1,[],success,,1,most
Sertindole,O=C1NCCN1CCN1CCC(c2cn(-c3ccc(F)cc3)c3ccc(Cl)cc23)CC1,O=C1NCCN1CCN1CCC(c2cn(-c3ccc(F)cc3)c3ccc(Cl)cc23)CC1,GZKLJWGUPQBVJQ-UHFFFAOYSA-N,CHEMBL12713,exact_pref_name_match,1,1,[],success,,1,most
Sibutramine,CC(C)CC(N(C)C)C1(c2ccc(Cl)cc2)CCC1,CC(C)CC(N(C)C)C1(c2ccc(Cl)cc2)CCC1,UNAANXDKBXWMLN-UHFFFAOYSA-N,CHEMBL1419,exact_pref_name_match,3,1,[],success,,1,most
Cisapride,COc1cc(N)c(Cl)cc1C(=O)NC1CCN(CCCOc2ccc(F)cc2)CC1OC,COc1cc(N)c(Cl)cc1C(=O)NC1CCN(CCCOc2ccc(F)cc2)CC1OC,DCSUBABJRXZOMT-UHFFFAOYSA-N,CHEMBL1729,exact_pref_name_match,7,1,[],success,,1,most
Tegaserod,CCCCCNC(=N)N/N=C/c1c[nH]c2ccc(OC)cc12,CCCCCNC(=N)N/N=C/c1c[nH]c2ccc(OC)cc12,IKBKZGMPCYNSLU-RGVLZGJSSA-N,CHEMBL76370,exact_pref_name_match,4,1,[],success,,1,most
Terodiline,CC(CC(c1ccccc1)c1ccccc1)NC(C)(C)C,CC(CC(c1ccccc1)c1ccccc1)NC(C)(C)C,UISARWKNNNHPGI-UHFFFAOYSA-N,CHEMBL363295,exact_pref_name_match,2,1,[],success,,1,most
Astemizole,COc1ccc(CCN2CCC(Nc3nc4ccccc4n3Cc3ccc(F)cc3)CC2)cc1,COc1ccc(CCN2CCC(Nc3nc4ccccc4n3Cc3ccc(F)cc3)CC2)cc1,GXDALQBWZGODGZ-UHFFFAOYSA-N,CHEMBL296419,exact_pref_name_match,2,1,[],success,,1,most
Terfenadine,CC(C)(C)c1ccc(C(O)CCCN2CCC(C(O)(c3ccccc3)c3ccccc3)CC2)cc1,CC(C)(C)c1ccc(C(O)CCCN2CCC(C(O)(c3ccccc3)c3ccccc3)CC2)cc1,GUGOEEXESWIERI-UHFFFAOYSA-N,CHEMBL17157,exact_pref_name_match,3,1,[],success,,1,most
Grepafloxacin,Cc1c(F)c(N2CCNC(C)C2)cc2c1c(=O)c(C(=O)O)cn2C1CC1,Cc1c(F)c(N2CCNC(C)C2)cc2c1c(=O)c(C(=O)O)cn2C1CC1,AIJTTZAVMXIJGM-UHFFFAOYSA-N,CHEMBL583,exact_pref_name_match,3,1,[],success,,1,most
Sparfloxacin,C[C@@H]1CN(c2c(F)c(N)c3c(=O)c(C(=O)O)cn(C4CC4)c3c2F)C[C@H](C)N1,C[C@@H]1CN(c2c(F)c(N)c3c(=O)c(C(=O)O)cn(C4CC4)c3c2F)C[C@H](C)N1,DZZWHBIBMUVIIW-DTORHVGOSA-N,CHEMBL850,exact_pref_name_match,1,1,[],success,,1,most
Buflomedil,COc1cc(OC)c(C(=O)CCCN2CCCC2)c(OC)c1,COc1cc(OC)c(C(=O)CCCN2CCCC2)c(OC)c1,OWYLAEYXIQKAOL-UHFFFAOYSA-N,CHEMBL188921,exact_pref_name_match,2,1,[],success,,1,most
Dofetilide,CN(CCOc1ccc(NS(C)(=O)=O)cc1)CCc1ccc(NS(C)(=O)=O)cc1,CN(CCOc1ccc(NS(C)(=O)=O)cc1)CCc1ccc(NS(C)(=O)=O)cc1,IXTMWRCNAAVVAI-UHFFFAOYSA-N,CHEMBL473,exact_pref_name_match,1,1,[],success,,1,most
Encainide,COc1ccc(C(=O)Nc2ccccc2CCC2CCCCN2C)cc1,COc1ccc(C(=O)Nc2ccccc2CCC2CCCCN2C)cc1,PJWPNDMDCLXCOM-UHFFFAOYSA-N,CHEMBL315838,exact_pref_name_match,2,1,[],success,,1,most
Lidoflazine,Cc1cccc(C)c1NC(=O)CN1CCN(CCCC(c2ccc(F)cc2)c2ccc(F)cc2)CC1,Cc1cccc(C)c1NC(=O)CN1CCN(CCCC(c2ccc(F)cc2)c2ccc(F)cc2)CC1,ZBIAKUMOEKILTF-UHFFFAOYSA-N,CHEMBL92870,exact_pref_name_match,1,1,[],success,,1,most
Mibefradil,COCC(=O)O[C@]1(CCN(C)CCCc2nc3ccccc3[nH]2)CCc2cc(F)ccc2[C@@H]1C(C)C,COCC(=O)O[C@]1(CCN(C)CCCc2nc3ccccc3[nH]2)CCc2cc(F)ccc2[C@@H]1C(C)C,HBNPJJILLOYFJU-VMPREFPWSA-N,CHEMBL45816,exact_pref_name_match,5,1,[],success,,1,most
Orciprenaline,CC(C)NCC(O)c1cc(O)cc(O)c1.CC(C)NCC(O)c1cc(O)cc(O)c1,CC(C)NCC(O)c1cc(O)cc(O)c1,LMOINURANNBYCM-UHFFFAOYSA-N,CHEMBL1628446,fallback_highest_score,4,2,['CC(C)NCC(O)c1cc(O)cc(O)c1'],success,No exact pref_name match; chose highest score (32.0) among 4 candidates,1,most
Prenylamine,CC(Cc1ccccc1)NCCC(c1ccccc1)c1ccccc1,CC(Cc1ccccc1)NCCC(c1ccccc1)c1ccccc1,IFFPICMESYHZPQ-UHFFFAOYSA-N,CHEMBL24072,exact_pref_name_match,4,1,[],success,,1,most
Probucol,CC(C)(Sc1cc(C(C)(C)C)c(O)c(C(C)(C)C)c1)Sc1cc(C(C)(C)C)c(O)c(C(C)(C)C)c1,CC(C)(Sc1cc(C(C)(C)C)c(O)c(C(C)(C)C)c1)Sc1cc(C(C)(C)C)c(O)c(C(C)(C)C)c1,FYPMFJGVHOHGLL-UHFFFAOYSA-N,CHEMBL608,exact_pref_name_match,1,1,[],success,,1,most
Clobutinol,CC(CN(C)C)C(C)(O)Cc1ccc(Cl)cc1,CC(CN(C)C)C(C)(O)Cc1ccc(Cl)cc1,KVHHQGIIZCJATJ-UHFFFAOYSA-N,CHEMBL1474889,exact_pref_name_match,2,1,[],success,,1,most
