name,graph_path,label,smiles,status,n_atoms,n_edges
Olanzapine pamoate,C:\Users\patel\Desktop\group_project\cardiotox-fusion\data\processed\graphs\Olanzapine_pamoate.pt,1,O=C(O)c1cc2ccccc2c(Cc2c(O)c(C(=O)O)cc3ccccc23)c1O,built,29.0,32.0
Trimethobenzamide Hydrochloride,C:\Users\patel\Desktop\group_project\cardiotox-fusion\data\processed\graphs\Trimethobenzamide_Hydrochloride.pt,0,COc1cc(C(=O)NCc2ccc(OCCN(C)C)cc2)cc(OC)c1OC,built,28.0,29.0
PENICILLIN G BENZATHINE,C:\Users\patel\Desktop\group_project\cardiotox-fusion\data\processed\graphs\PENICILLIN_G_BENZATHINE.pt,1,CC1(C)S[C@@H]2[C@H](NC(=O)Cc3ccccc3)C(=O)N2[C@H]1C(=O)O,built,23.0,25.0
paliperidone palmitate,C:\Users\patel\Desktop\group_project\cardiotox-fusion\data\processed\graphs\paliperidone_palmitate.pt,1,CCCCCCCCCCCCCCCC(=O)OC1CCCn2c1nc(C)c(CCN1CCC(c3noc4cc(F)ccc34)CC1)c2=O,built,48.0,52.0
TESTOSTERONE UNDECANOATE,C:\Users\patel\Desktop\group_project\cardiotox-fusion\data\processed\graphs\TESTOSTERONE_UNDECANOATE.pt,1,CCCCCCCCCCC(=O)O[C@H]1CC[C@H]2[C@@H]3CCC4=CC(=O)CC[C@]4(C)[C@H]3CC[C@]12C,built,33.0,36.0
aripiprazole lauroxil,C:\Users\patel\Desktop\group_project\cardiotox-fusion\data\processed\graphs\aripiprazole_lauroxil.pt,1,CCCCCCCCCCCC(=O)OCN1C(=O)CCc2ccc(OCCCCN3CCN(c4cccc(Cl)c4Cl)CC3)cc21,built,45.0,48.0
PASIREOTIDE,C:\Users\patel\Desktop\group_project\cardiotox-fusion\data\processed\graphs\PASIREOTIDE.pt,1,NCCCC[C@@H]1NC(=O)[C@@H](Cc2c[nH]c3ccccc23)NC(=O)[C@H](c2ccccc2)NC(=O)[C@@H]2C[C@@H](OC(=O)NCCN)CN2C(=O)[C@H](Cc2ccccc2)NC(=O)[C@H](Cc2ccc(OCc3ccccc3)cc2)NC1=O,built,77.0,84.0
triptorelin,C:\Users\patel\Desktop\group_project\cardiotox-fusion\data\processed\graphs\triptorelin.pt,1,CC(C)C[C@H](NC(=O)[C@@H](Cc1c[nH]c2ccccc12)NC(=O)[C@H](Cc1ccc(O)cc1)NC(=O)[C@H](CO)NC(=O)[C@H](Cc1c[nH]c2ccccc12)NC(=O)[C@H](Cc1c[nH]cn1)NC(=O)[C@@H]1CCC(=O)N1)C(=O)N[C@@H](CCCNC(=N)N)C(=O)N1CCC[C@H]1C(=O)NCC(N)=O,built,95.0,102.0
TRIPTORELIN PAMOATE,C:\Users\patel\Desktop\group_project\cardiotox-fusion\data\processed\graphs\TRIPTORELIN_PAMOATE.pt,1,CC(C)C[C@H](NC(=O)[C@@H](Cc1c[nH]c2ccccc12)NC(=O)[C@H](Cc1ccc(O)cc1)NC(=O)[C@H](CO)NC(=O)[C@H](Cc1c[nH]c2ccccc12)NC(=O)[C@H](Cc1c[nH]cn1)NC(=O)[C@@H]1CCC(=O)N1)C(=O)N[C@@H](CCCNC(=N)N)C(=O)N1CCC[C@H]1C(=O)NCC(N)=O,built,95.0,102.0
CARBOPROST TROMETHAMINE,C:\Users\patel\Desktop\group_project\cardiotox-fusion\data\processed\graphs\CARBOPROST_TROMETHAMINE.pt,1,CCCCC[C@](C)(O)/C=C/[C@@H]1[C@@H](C/C=C\CCCC(=O)O)[C@@H](O)C[C@H]1O,built,26.0,26.0
HALOPERIDOL DECANOATE,C:\Users\patel\Desktop\group_project\cardiotox-fusion\data\processed\graphs\HALOPERIDOL_DECANOATE.pt,1,CCCCCCCCCC(=O)OC1(c2ccc(Cl)cc2)CCN(CCCC(=O)c2ccc(F)cc2)CC1,built,37.0,39.0
ZIPRASIDONE MESYLATE,C:\Users\patel\Desktop\group_project\cardiotox-fusion\data\processed\graphs\ZIPRASIDONE_MESYLATE.pt,1,O=C1Cc2cc(CCN3CCN(c4nsc5ccccc45)CC3)c(Cl)cc2N1,built,28.0,32.0
PENICILLIN G SODIUM,C:\Users\patel\Desktop\group_project\cardiotox-fusion\data\processed\graphs\PENICILLIN_G_SODIUM.pt,1,CC1(C)S[C@@H]2[C@H](NC(=O)Cc3ccccc3)C(=O)N2[C@H]1C(=O)[O-],built,23.0,25.0
Phentolamine Mesylate,C:\Users\patel\Desktop\group_project\cardiotox-fusion\data\processed\graphs\Phentolamine_Mesylate.pt,1,Cc1ccc(N(CC2=NCCN2)c2cccc(O)c2)cc1,built,21.0,23.0
Orphenadrine Citrate,C:\Users\patel\Desktop\group_project\cardiotox-fusion\data\processed\graphs\Orphenadrine_Citrate.pt,1,Cc1ccccc1C(OCCN(C)C)c1ccccc1,built,20.0,21.0
PENICILLIN G POTASSIUM,C:\Users\patel\Desktop\group_project\cardiotox-fusion\data\processed\graphs\PENICILLIN_G_POTASSIUM.pt,1,CC1(C)S[C@@H]2[C@H](NC(=O)Cc3ccccc3)C(=O)N2[C@H]1C(=O)[O-],built,23.0,25.0
PENTAMIDINE ISETHIONATE,C:\Users\patel\Desktop\group_project\cardiotox-fusion\data\processed\graphs\PENTAMIDINE_ISETHIONATE.pt,1,N=C(N)c1ccc(OCCCCCOc2ccc(C(=N)N)cc2)cc1,built,25.0,26.0
PROCAINAMIDE HYDROCHLORIDE,C:\Users\patel\Desktop\group_project\cardiotox-fusion\data\processed\graphs\PROCAINAMIDE_HYDROCHLORIDE.pt,1,CCN(CC)CCNC(=O)c1ccc(N)cc1,built,17.0,17.0
CEFAZOLIN SODIUM,C:\Users\patel\Desktop\group_project\cardiotox-fusion\data\processed\graphs\CEFAZOLIN_SODIUM.pt,0,Cc1nnc(SCC2=C(C(=O)[O-])N3C(=O)[C@@H](NC(=O)Cn4cnnn4)[C@H]3SC2)s1,built,29.0,32.0
DROPERIDOL,C:\Users\patel\Desktop\group_project\cardiotox-fusion\data\processed\graphs\DROPERIDOL.pt,1,O=C(CCCN1CC=C(n2c(=O)[nH]c3ccccc32)CC1)c1ccc(F)cc1,built,28.0,31.0
KETAMINE HYDROCHLORIDE,C:\Users\patel\Desktop\group_project\cardiotox-fusion\data\processed\graphs\KETAMINE_HYDROCHLORIDE.pt,1,CNC1(c2ccccc2Cl)CCCCC1=O,built,16.0,17.0
ONDANSETRON HYDROCHLORIDE,C:\Users\patel\Desktop\group_project\cardiotox-fusion\data\processed\graphs\ONDANSETRON_HYDROCHLORIDE.pt,1,Cc1nccn1CC1CCc2c(c3ccccc3n2C)C1=O,built,22.0,25.0
Pentobarbital Sodium,C:\Users\patel\Desktop\group_project\cardiotox-fusion\data\processed\graphs\Pentobarbital_Sodium.pt,1,CCCC(C)C1(CC)C(=O)N=C([O-])NC1=O,built,16.0,16.0
AMIKACIN SULFATE,C:\Users\patel\Desktop\group_project\cardiotox-fusion\data\processed\graphs\AMIKACIN_SULFATE.pt,0,NCC[C@H](O)C(=O)N[C@@H]1C[C@H](N)[C@@H](O[C@H]2O[C@H](CN)[C@@H](O)[C@H](O)[C@H]2O)[C@H](O)[C@H]1O[C@H]1O[C@H](CO)[C@@H](O)[C@H](N)[C@H]1O,built,40.0,42.0
THIAMINE HYDROCHLORIDE,C:\Users\patel\Desktop\group_project\cardiotox-fusion\data\processed\graphs\THIAMINE_HYDROCHLORIDE.pt,0,Cc1ncc(C[n+]2csc(CCO)c2C)c(N)n1,built,18.0,19.0
METHYLPREDNISOLONE SODIUM SUCCINATE,C:\Users\patel\Desktop\group_project\cardiotox-fusion\data\processed\graphs\METHYLPREDNISOLONE_SODIUM_SUCCINATE.pt,1,C[C@H]1C[C@@H]2[C@H]([C@@H](O)C[C@@]3(C)[C@H]2CC[C@]3(O)C(=O)COC(=O)CCC(=O)[O-])[C@@]2(C)C=CC(=O)C=C12,built,34.0,37.0
DIMENHYDRINATE,C:\Users\patel\Desktop\group_project\cardiotox-fusion\data\processed\graphs\DIMENHYDRINATE.pt,1,CN(C)CCOC(c1ccccc1)c1ccccc1,built,19.0,20.0
Methylergonovine Maleate,C:\Users\patel\Desktop\group_project\cardiotox-fusion\data\processed\graphs\Methylergonovine_Maleate.pt,1,CC[C@@H](CO)NC(=O)[C@@H]1C=C2c3cccc4[nH]cc(c34)C[C@H]2N(C)C1,built,25.0,28.0
SUCCINYLCHOLINE CHLORIDE,C:\Users\patel\Desktop\group_project\cardiotox-fusion\data\processed\graphs\SUCCINYLCHOLINE_CHLORIDE.pt,1,C[N+](C)(C)CCOC(=O)CCC(=O)OCC[N+](C)(C)C,built,20.0,19.0
Tobramycin Sulfate,C:\Users\patel\Desktop\group_project\cardiotox-fusion\data\processed\graphs\Tobramycin_Sulfate.pt,0,NC[C@H]1O[C@H](O[C@H]2[C@H](O)[C@@H](O[C@H]3O[C@H](CO)[C@@H](O)[C@H](N)[C@H]3O)[C@H](N)C[C@@H]2N)[C@H](N)C[C@@H]1O,built,32.0,34.0
AZTREONAM,C:\Users\patel\Desktop\group_project\cardiotox-fusion\data\processed\graphs\AZTREONAM.pt,1,C[C@H]1[C@H](NC(=O)/C(=N\OC(C)(C)C(=O)O)c2csc(N)n2)C(=O)N1S(=O)(=O)O,built,28.0,29.0
OXACILLIN SODIUM,C:\Users\patel\Desktop\group_project\cardiotox-fusion\data\processed\graphs\OXACILLIN_SODIUM.pt,1,Cc1onc(-c2ccccc2)c1C(=O)N[C@@H]1C(=O)N2[C@@H]1SC(C)(C)[C@@H]2C(=O)[O-],built,28.0,31.0
Hydralazine Hydrochloride,C:\Users\patel\Desktop\group_project\cardiotox-fusion\data\processed\graphs\Hydralazine_Hydrochloride.pt,1,NNc1nncc2ccccc12,built,12.0,13.0
SUCCINYLCHOLINE CHLORIDE DIHYDRATE,C:\Users\patel\Desktop\group_project\cardiotox-fusion\data\processed\graphs\SUCCINYLCHOLINE_CHLORIDE_DIHYDRATE.pt,1,C[N+](C)(C)CCOC(=O)CCC(=O)OCC[N+](C)(C)C,built,20.0,19.0
FOSPHENYTOIN SODIUM,C:\Users\patel\Desktop\group_project\cardiotox-fusion\data\processed\graphs\FOSPHENYTOIN_SODIUM.pt,1,O=C1NC(c2ccccc2)(c2ccccc2)C(=O)N1COP(=O)([O-])[O-],built,25.0,27.0
PYRIDOXINE HYDROCHLORIDE,C:\Users\patel\Desktop\group_project\cardiotox-fusion\data\processed\graphs\PYRIDOXINE_HYDROCHLORIDE.pt,0,Cc1ncc(CO)c(CO)c1O,built,12.0,12.0
CEFOTETAN,C:\Users\patel\Desktop\group_project\cardiotox-fusion\data\processed\graphs\CEFOTETAN.pt,0,CO[C@@]1(NC(=O)C2SC(=C(C(N)=O)C(=O)O)S2)C(=O)N2C(C(=O)O)=C(CSc3nnnn3C)CS[C@@H]21,built,36.0,39.0
ERTAPENEM SODIUM,C:\Users\patel\Desktop\group_project\cardiotox-fusion\data\processed\graphs\ERTAPENEM_SODIUM.pt,1,C[C@@H](O)[C@H]1C(=O)N2C(C(=O)[O-])=C(S[C@@H]3CN[C@H](C(=O)Nc4cccc(C(=O)O)c4)C3)[C@H](C)[C@H]12,built,33.0,36.0
bumetanide,C:\Users\patel\Desktop\group_project\cardiotox-fusion\data\processed\graphs\bumetanide.pt,1,CCCCNc1cc(C(=O)O)cc(S(N)(=O)=O)c1Oc1ccccc1,built,25.0,26.0
edrophonium chloride,C:\Users\patel\Desktop\group_project\cardiotox-fusion\data\processed\graphs\edrophonium_chloride.pt,1,CC[N+](C)(C)c1cccc(O)c1,built,12.0,12.0
Piperacillin Sodium,C:\Users\patel\Desktop\group_project\cardiotox-fusion\data\processed\graphs\Piperacillin_Sodium.pt,0,CCN1CCN(C(=O)N[C@@H](C(=O)N[C@@H]2C(=O)N3[C@@H]2SC(C)(C)[C@@H]3C(=O)[O-])c2ccccc2)C(=O)C1=O,built,36.0,39.0
Cosyntropin,C:\Users\patel\Desktop\group_project\cardiotox-fusion\data\processed\graphs\Cosyntropin.pt,1,CSCC[C@H](NC(=O)[C@H](CO)NC(=O)[C@H](Cc1ccc(O)cc1)NC(=O)[C@@H](N)CO)C(=O)N[C@@H](CCC(=O)O)C(=O)N[C@@H](Cc1c[nH]cn1)C(=O)N[C@@H](Cc1ccccc1)C(=O)N[C@@H](CCCNC(=N)N)C(=O)N[C@@H](Cc1c[nH]c2ccccc12)C(=O)NCC(=O)N[C@@H](CCCCN)C(=O)N1CCC[C@H]1C(=O)N[C@H](C(=O)NCC(=O)N[C@@H](CCCCN)C(=O)N[C@@H](CCCCN)C(=O)N[C@@H](CCCNC(=N)N)C(=O)N[C@@H](CCCNC(=N)N)C(=O)N1CCC[C@H]1C(=O)N[C@H](C(=O)N[C@@H](CCCCN)C(=O)N[C@H](C(=O)N[C@@H](Cc1ccc(O)cc1)C(=O)N1CCC[C@H]1C(=O)O)C(C)C)C(C)C)C(C)C,built,208.0,216.0
METHOHEXITAL SODIUM,C:\Users\patel\Desktop\group_project\cardiotox-fusion\data\processed\graphs\METHOHEXITAL_SODIUM.pt,1,C=CCC1(C(C)C#CCC)C(=O)N=C([O-])N(C)C1=O,built,19.0,19.0
MEPERIDINE HYDROCHLORIDE,C:\Users\patel\Desktop\group_project\cardiotox-fusion\data\processed\graphs\MEPERIDINE_HYDROCHLORIDE.pt,1,CCOC(=O)C1(c2ccccc2)CCN(C)CC1,built,18.0,19.0
PRALIDOXIME CHLORIDE,C:\Users\patel\Desktop\group_project\cardiotox-fusion\data\processed\graphs\PRALIDOXIME_CHLORIDE.pt,1,C[n+]1ccccc1/C=N/O,built,10.0,10.0
Nalbuphine Hydrochloride,C:\Users\patel\Desktop\group_project\cardiotox-fusion\data\processed\graphs\Nalbuphine_Hydrochloride.pt,1,Oc1ccc2c3c1O[C@H]1[C@@H](O)CC[C@@]4(O)[C@@H](C2)N(CC2CCC2)CC[C@]314,built,26.0,31.0
Hydromorphone Hydrochloride,C:\Users\patel\Desktop\group_project\cardiotox-fusion\data\processed\graphs\Hydromorphone_Hydrochloride.pt,1,CN1CC[C@]23c4c5ccc(O)c4O[C@H]2C(=O)CC[C@H]3[C@H]1C5,built,21.0,25.0
WATER,C:\Users\patel\Desktop\group_project\cardiotox-fusion\data\processed\graphs\WATER.pt,0,O,built,1.0,0.0
CALCITONIN SALMON,C:\Users\patel\Desktop\group_project\cardiotox-fusion\data\processed\graphs\CALCITONIN_SALMON.pt,1,CC(C)C[C@H](NC(=O)[C@H](CCCCN)NC(=O)CNC(=O)[C@H](CC(C)C)NC(=O)[C@@H](NC(=O)[C@@H]1CSSC[C@H](N)C(=O)N[C@@H](CO)C(=O)N[C@@H](CC(N)=O)C(=O)N[C@@H](CC(C)C)C(=O)N[C@@H](CO)C(=O)N[C@@H]([C@@H](C)O)C(=O)N1)C(C)C)C(=O)N[C@@H](CO)C(=O)N[C@@H](CCC(N)=O)C(=O)N[C@@H](CCC(=O)O)C(=O)N[C@@H](CC(C)C)C(=O)N[C@@H](Cc1c[nH]cn1)C(=O)N[C@@H](CCCCN)C(=O)N[C@@H](CC(C)C)C(=O)N[C@@H](CCC(N)=O)C(=O)N[C@H](C(=O)N[C@@H](Cc1ccc(O)cc1)C(=O)N1CCC[C@H]1C(=O)N[C@@H](CCCNC(=N)N)C(=O)N[C@H](C(=O)N[C@@H](CC(N)=O)C(=O)N[C@H](C(=O)NCC(=O)N[C@@H](CO)C(=O)NCC(=O)N[C@H](C(=O)N1CCC[C@H]1C(N)=O)[C@@H](C)O)[C@@H](C)O)[C@@H](C)O)[C@@H](C)O,built,239.0,243.0
Iohexol,C:\Users\patel\Desktop\group_project\cardiotox-fusion\data\processed\graphs\Iohexol.pt,1,CC(=O)N(CC(O)CO)c1c(I)c(C(=O)NCC(O)CO)c(I)c(C(=O)NCC(O)CO)c1I,built,34.0,34.0
cytarabine,C:\Users\patel\Desktop\group_project\cardiotox-fusion\data\processed\graphs\cytarabine.pt,1,Nc1ccn([C@@H]2O[C@H](CO)[C@@H](O)[C@@H]2O)c(=O)n1,built,17.0,18.0
IOPAMIDOL,C:\Users\patel\Desktop\group_project\cardiotox-fusion\data\processed\graphs\IOPAMIDOL.pt,1,C[C@H](O)C(=O)Nc1c(I)c(C(=O)NC(CO)CO)c(I)c(C(=O)NC(CO)CO)c1I,built,31.0,31.0
Iodixanol,C:\Users\patel\Desktop\group_project\cardiotox-fusion\data\processed\graphs\Iodixanol.pt,1,CC(=O)N(CC(O)CN(C(C)=O)c1c(I)c(C(=O)NCC(O)CO)c(I)c(C(=O)NCC(O)CO)c1I)c1c(I)c(C(=O)NCC(O)CO)c(I)c(C(=O)NCC(O)CO)c1I,built,62.0,63.0
ALPROSTADIL,C:\Users\patel\Desktop\group_project\cardiotox-fusion\data\processed\graphs\ALPROSTADIL.pt,1,CCCCC[C@H](O)/C=C/[C@H]1[C@H](O)CC(=O)[C@@H]1CCCCCCC(=O)O,built,25.0,25.0
CYSTEINE HYDROCHLORIDE,C:\Users\patel\Desktop\group_project\cardiotox-fusion\data\processed\graphs\CYSTEINE_HYDROCHLORIDE.pt,0,N[C@@H](CS)C(=O)O,built,7.0,6.0
GALLIUM GA-68 GOZETOTIDE,C:\Users\patel\Desktop\group_project\cardiotox-fusion\data\processed\graphs\GALLIUM_GA-68_GOZETOTIDE.pt,0,O=C([O-])CN(CCN(CC(=O)[O-])Cc1cc(CCC(=O)NCCCCCC(=O)NCCCC[C@H](NC(=O)N[C@@H](CCC(=O)O)C(=O)O)C(=O)O)ccc1[O-])Cc1cc(CCC(=O)O)ccc1[O-],built,67.0,68.0
Etomidate,C:\Users\patel\Desktop\group_project\cardiotox-fusion\data\processed\graphs\Etomidate.pt,1,CCOC(=O)c1cncn1[C@H](C)c1ccccc1,built,18.0,19.0
fosdenopterin hydrobromide,C:\Users\patel\Desktop\group_project\cardiotox-fusion\data\processed\graphs\fosdenopterin_hydrobromide.pt,0,Nc1nc(=O)c2c([nH]1)N[C@@H]1O[C@@H]3COP(=O)(O)O[C@@H]3C(O)(O)[C@@H]1N2,built,24.0,27.0
ERAVACYCLINE DIHYDROCHLORIDE,C:\Users\patel\Desktop\group_project\cardiotox-fusion\data\processed\graphs\ERAVACYCLINE_DIHYDROCHLORIDE.pt,1,CN(C)[C@@H]1C(O)=C(C(N)=O)C(=O)[C@@]2(O)C(O)=C3C(=O)c4c(O)c(NC(=O)CN5CCCC5)cc(F)c4C[C@H]3C[C@@H]12,built,40.0,44.0
oritavancin diphosphate,C:\Users\patel\Desktop\group_project\cardiotox-fusion\data\processed\graphs\oritavancin_diphosphate.pt,1,CN[C@H](CC(C)C)C(=O)N[C@H]1C(=O)N[C@@H](CC(N)=O)C(=O)N[C@H]2C(=O)N[C@H]3C(=O)N[C@H](C(=O)N[C@H](C(=O)O)c4cc(O)cc(O)c4-c4cc3ccc4O)[C@H](O[C@H]3C[C@](C)(N)[C@@H](O)[C@H](C)O3)c3ccc(c(Cl)c3)Oc3cc2cc(c3O[C@@H]2O[C@H](CO)[C@@H](O)[C@H](O)[C@H]2O[C@H]2C[C@](C)(NCc3ccc(-c4ccc(Cl)cc4)cc3)[C@@H](O)[C@H](C)O2)Oc2ccc(cc2Cl)[C@H]1O,built,125.0,137.0
FLUOROESTRADIOL F-18,C:\Users\patel\Desktop\group_project\cardiotox-fusion\data\processed\graphs\FLUOROESTRADIOL_F-18.pt,0,C[C@]12CC[C@@H]3c4ccc(O)cc4CC[C@H]3[C@@H]1C[C@@H]([18F])[C@@H]2O,built,21.0,24.0
Flortaucipir F-18,C:\Users\patel\Desktop\group_project\cardiotox-fusion\data\processed\graphs\Flortaucipir_F-18.pt,0,[18F]c1ccc(-c2ccc3c(c2)[nH]c2ccncc23)cn1,built,20.0,23.0
BREXANOLONE,C:\Users\patel\Desktop\group_project\cardiotox-fusion\data\processed\graphs\BREXANOLONE.pt,1,CC(=O)[C@H]1CC[C@H]2[C@@H]3CC[C@H]4C[C@H](O)CC[C@]4(C)[C@H]3CC[C@]12C,built,23.0,26.0
IOBENGUANE I-131,C:\Users\patel\Desktop\group_project\cardiotox-fusion\data\processed\graphs\IOBENGUANE_I-131.pt,1,N=C(N)NCc1cccc([131I])c1,built,12.0,12.0
ORITAVANCIN,C:\Users\patel\Desktop\group_project\cardiotox-fusion\data\processed\graphs\ORITAVANCIN.pt,1,CN[C@H](CC(C)C)C(=O)N[C@H]1C(=O)N[C@@H](CC(N)=O)C(=O)N[C@H]2C(=O)N[C@H]3C(=O)N[C@H](C(=O)N[C@H](C(=O)O)c4cc(O)cc(O)c4-c4cc3ccc4O)[C@H](O[C@H]3C[C@](C)(N)[C@@H](O)[C@H](C)O3)c3ccc(c(Cl)c3)Oc3cc2cc(c3O[C@@H]2O[C@H](CO)[C@@H](O)[C@H](O)[C@H]2O[C@H]2C[C@](C)(NCc3ccc(-c4ccc(Cl)cc4)cc3)[C@@H](O)[C@H](C)O2)Oc2ccc(cc2Cl)[C@H]1O,built,125.0,137.0
DOXAPRAM HYDROCHLORIDE,C:\Users\patel\Desktop\group_project\cardiotox-fusion\data\processed\graphs\DOXAPRAM_HYDROCHLORIDE.pt,1,CCN1CC(CCN2CCOCC2)C(c2ccccc2)(c2ccccc2)C1=O,built,28.0,31.0
DAPTOMYCIN,C:\Users\patel\Desktop\group_project\cardiotox-fusion\data\processed\graphs\DAPTOMYCIN.pt,1,CCCCCCCCCC(=O)N[C@@H](Cc1c[nH]c2ccccc12)C(=O)N[C@@H](CC(N)=O)C(=O)N[C@@H](CC(=O)O)C(=O)N[C@@H]1C(=O)NCC(=O)N[C@@H](CCCN)C(=O)N[C@@H](CC(=O)O)C(=O)N[C@H](C)C(=O)N[C@@H](CC(=O)O)C(=O)NCC(=O)N[C@H](CO)C(=O)N[C@@H]([C@H](C)CC(=O)O)C(=O)N[C@@H](CC(=O)c2ccccc2N)C(=O)O[C@@H]1C,built,115.0,118.0
ARGATROBAN,C:\Users\patel\Desktop\group_project\cardiotox-fusion\data\processed\graphs\ARGATROBAN.pt,1,CC1CNc2c(cccc2S(=O)(=O)N[C@@H](CCCNC(=N)N)C(=O)N2CC[C@@H](C)C[C@@H]2C(=O)O)C1,built,35.0,37.0
indocyanine green,C:\Users\patel\Desktop\group_project\cardiotox-fusion\data\processed\graphs\indocyanine_green.pt,0,CC1(C)C(/C=C/C=C/C=C/C=C2\N(CCCCS(=O)(=O)[O-])c3ccc4ccccc4c3C2(C)C)=[N+](CCCCS(=O)(=O)[O-])c2ccc3ccccc3c21,built,53.0,58.0
Trabectedin,C:\Users\patel\Desktop\group_project\cardiotox-fusion\data\processed\graphs\Trabectedin.pt,1,COc1cc2c(cc1O)CCN[C@]21CS[C@@H]2c3c(OC(C)=O)c(C)c4c(c3[C@H](COC1=O)N1[C@@H]2[C@H]2c3c(cc(C)c(OC)c3O)C[C@@H]([C@@H]1O)N2C)OCO4,built,54.0,62.0
Sodium Thiosulfate,C:\Users\patel\Desktop\group_project\cardiotox-fusion\data\processed\graphs\Sodium_Thiosulfate.pt,1,O=S([O-])([O-])=S,built,5.0,4.0
FENOLDOPAM MESYLATE,C:\Users\patel\Desktop\group_project\cardiotox-fusion\data\processed\graphs\FENOLDOPAM_MESYLATE.pt,1,Oc1ccc(C2CNCCc3c2cc(O)c(O)c3Cl)cc1,built,21.0,23.0
SELENIUM,C:\Users\patel\Desktop\group_project\cardiotox-fusion\data\processed\graphs\SELENIUM.pt,0,[Se],built,1.0,0.0
ARGININE HYDROCHLORIDE,C:\Users\patel\Desktop\group_project\cardiotox-fusion\data\processed\graphs\ARGININE_HYDROCHLORIDE.pt,0,N=C(N)NCCC[C@H](N)C(=O)O,built,12.0,11.0
BELINOSTAT,C:\Users\patel\Desktop\group_project\cardiotox-fusion\data\processed\graphs\BELINOSTAT.pt,1,O=C(/C=C/c1cccc(S(=O)(=O)Nc2ccccc2)c1)NO,built,22.0,23.0
RUBIDIUM CHLORIDE RB-82,C:\Users\patel\Desktop\group_project\cardiotox-fusion\data\processed\graphs\RUBIDIUM_CHLORIDE_RB-82.pt,1,[82Rb+],built,1.0,0.0
SUGAMMADEX SODIUM,C:\Users\patel\Desktop\group_project\cardiotox-fusion\data\processed\graphs\SUGAMMADEX_SODIUM.pt,1,O=C([O-])CCSC[C@H]1O[C@@H]2O[C@H]3[C@H](O)[C@@H](O)[C@@H](O[C@H]4[C@H](O)[C@@H](O)[C@@H](O[C@H]5[C@H](O)[C@@H](O)[C@@H](O[C@H]6[C@H](O)[C@@H](O)[C@@H](O[C@H]7[C@H](O)[C@@H](O)[C@@H](O[C@H]8[C@H](O)[C@@H](O)[C@@H](O[C@H]9[C@H](O)C(O)[C@@H](O[C@H]1[C@H](O)[C@H]2O)O[C@@H]9CSCCC(=O)[O-])O[C@@H]8CSCCC(=O)[O-])O[C@@H]7CSCCC(=O)[O-])O[C@@H]6CSCCC(=O)[O-])O[C@@H]5CSCCC(=O)[O-])O[C@@H]4CSCCC(=O)[O-])O[C@@H]3CSCCC(=O)[O-],built,128.0,136.0
epoprostenol,C:\Users\patel\Desktop\group_project\cardiotox-fusion\data\processed\graphs\epoprostenol.pt,1,CCCCC[C@H](O)/C=C/[C@@H]1[C@H]2C/C(=C/CCCC(=O)O)O[C@H]2C[C@H]1O,built,25.0,26.0
CALCIUM GLUCONATE MONOHYDRATE,C:\Users\patel\Desktop\group_project\cardiotox-fusion\data\processed\graphs\CALCIUM_GLUCONATE_MONOHYDRATE.pt,1,O=C([O-])[C@H](O)[C@@H](O)[C@H](O)[C@H](O)CO,built,13.0,12.0
PERFLUTREN,C:\Users\patel\Desktop\group_project\cardiotox-fusion\data\processed\graphs\PERFLUTREN.pt,1,FC(F)(F)C(F)(F)C(F)(F)F,built,11.0,10.0
ERIBULIN MESYLATE,C:\Users\patel\Desktop\group_project\cardiotox-fusion\data\processed\graphs\ERIBULIN_MESYLATE.pt,1,C=C1C[C@@H]2CC[C@@]34C[C@H]5O[C@H]6[C@@H](O3)[C@H]3O[C@H](CC[C@@H]3O[C@H]6[C@H]5O4)CC(=O)C[C@@H]3[C@@H](OC)[C@@H](C[C@H](O)CN)O[C@H]3C[C@H]3O[C@@H](CC[C@@H]1O2)C[C@@H](C)C3=C,built,52.0,60.0
PRALATREXATE,C:\Users\patel\Desktop\group_project\cardiotox-fusion\data\processed\graphs\PRALATREXATE.pt,1,C#CCC(Cc1cnc2nc(N)nc(N)c2n1)c1ccc(C(=O)N[C@@H](CCC(=O)O)C(=O)O)cc1,built,35.0,37.0
Pemetrexed disodium heptahydrate,C:\Users\patel\Desktop\group_project\cardiotox-fusion\data\processed\graphs\Pemetrexed_disodium_heptahydrate.pt,1,Nc1nc2[nH]cc(CCc3ccc(C(=O)N[C@@H](CCC(=O)[O-])C(=O)[O-])cc3)c2c(=O)[nH]1,built,31.0,33.0
IBUTILIDE FUMARATE,C:\Users\patel\Desktop\group_project\cardiotox-fusion\data\processed\graphs\IBUTILIDE_FUMARATE.pt,1,CCCCCCCN(CC)CCCC(O)c1ccc(NS(C)(=O)=O)cc1,built,26.0,26.0
ANIDULAFUNGIN,C:\Users\patel\Desktop\group_project\cardiotox-fusion\data\processed\graphs\ANIDULAFUNGIN.pt,1,CCCCCOc1ccc(-c2ccc(-c3ccc(C(=O)N[C@H]4C[C@@H](O)[C@@H](O)NC(=O)[C@@H]5[C@@H](O)[C@@H](C)CN5C(=O)[C@H]([C@@H](C)O)NC(=O)[C@H]([C@H](O)[C@@H](O)c5ccc(O)cc5)NC(=O)[C@@H]5C[C@@H](O)CN5C(=O)[C@H]([C@@H](C)O)NC4=O)cc3)cc2)cc1,built,82.0,88.0
GOZETOTIDE,C:\Users\patel\Desktop\group_project\cardiotox-fusion\data\processed\graphs\GOZETOTIDE.pt,0,O=C(O)CCc1ccc(O)c(CN(CCN(CC(=O)O)Cc2cc(CCC(=O)NCCCCCC(=O)NCCCC[C@H](NC(=O)N[C@@H](CCC(=O)O)C(=O)O)C(=O)O)ccc2O)CC(=O)O)c1,built,67.0,68.0
BENDAMUSTINE HYDROCHLORIDE,C:\Users\patel\Desktop\group_project\cardiotox-fusion\data\processed\graphs\BENDAMUSTINE_HYDROCHLORIDE.pt,1,Cn1c(CCCC(=O)O)nc2cc(N(CCCl)CCCl)ccc21,built,23.0,24.0
foscarnet sodium,C:\Users\patel\Desktop\group_project\cardiotox-fusion\data\processed\graphs\foscarnet_sodium.pt,1,O=C([O-])P(=O)([O-])[O-],built,7.0,6.0
ZINC SULFATE,C:\Users\patel\Desktop\group_project\cardiotox-fusion\data\processed\graphs\ZINC_SULFATE.pt,0,O=S(=O)([O-])[O-],built,5.0,4.0
Amisulpride,C:\Users\patel\Desktop\group_project\cardiotox-fusion\data\processed\graphs\Amisulpride.pt,1,CCN1CCCC1CNC(=O)c1cc(S(=O)(=O)CC)c(N)cc1OC,built,25.0,26.0
MEBROFENIN,C:\Users\patel\Desktop\group_project\cardiotox-fusion\data\processed\graphs\MEBROFENIN.pt,0,Cc1cc(C)c(NC(=O)CN(CC(=O)O)CC(=O)O)c(C)c1Br,built,23.0,23.0
CEFTAROLINE FOSAMIL,C:\Users\patel\Desktop\group_project\cardiotox-fusion\data\processed\graphs\CEFTAROLINE_FOSAMIL.pt,1,CCO/N=C(\C(=O)N[C@@H]1C(=O)N2C(C(=O)[O-])=C(Sc3nc(-c4cc[n+](C)cc4)cs3)CS[C@H]12)c1nsc(NP(=O)(O)O)n1,built,43.0,47.0
DOPAMINE HYDROCHLORIDE,C:\Users\patel\Desktop\group_project\cardiotox-fusion\data\processed\graphs\DOPAMINE_HYDROCHLORIDE.pt,1,NCCc1ccc(O)c(O)c1,built,11.0,11.0
conivaptan hydrochloride,C:\Users\patel\Desktop\group_project\cardiotox-fusion\data\processed\graphs\conivaptan_hydrochloride.pt,1,Cc1nc2c([nH]1)-c1ccccc1N(C(=O)c1ccc(NC(=O)c3ccccc3-c3ccccc3)cc1)CC2,built,38.0,43.0
CARFILZOMIB,C:\Users\patel\Desktop\group_project\cardiotox-fusion\data\processed\graphs\CARFILZOMIB.pt,1,CC(C)C[C@H](NC(=O)[C@H](CCc1ccccc1)NC(=O)CN1CCOCC1)C(=O)N[C@@H](Cc1ccccc1)C(=O)N[C@@H](CC(C)C)C(=O)[C@@]1(C)CO1,built,52.0,55.0
ETELCALCETIDE HYDROCHLORIDE,C:\Users\patel\Desktop\group_project\cardiotox-fusion\data\processed\graphs\ETELCALCETIDE_HYDROCHLORIDE.pt,1,CC(=O)N[C@H](CSSC[C@H](N)C(=O)O)C(=O)N[C@H](C)C(=O)N[C@H](CCCNC(=N)N)C(=O)N[C@H](CCCNC(=N)N)C(=O)N[C@H](CCCNC(=N)N)C(=O)N[C@H](C)C(=O)N[C@H](CCCNC(=N)N)C(N)=O,built,71.0,70.0
FLORBETAPIR F-18,C:\Users\patel\Desktop\group_project\cardiotox-fusion\data\processed\graphs\FLORBETAPIR_F-18.pt,1,CNc1ccc(/C=C/c2ccc(OCCOCCOCC[18F])nc2)cc1,built,26.0,27.0
CYCLOPHOSPHAMIDE ANHYDROUS,C:\Users\patel\Desktop\group_project\cardiotox-fusion\data\processed\graphs\CYCLOPHOSPHAMIDE_ANHYDROUS.pt,1,O=P1(N(CCCl)CCCl)NCCCO1,built,14.0,14.0
VANCOMYCIN,C:\Users\patel\Desktop\group_project\cardiotox-fusion\data\processed\graphs\VANCOMYCIN.pt,1,CN[C@H](CC(C)C)C(=O)N[C@H]1C(=O)N[C@@H](CC(N)=O)C(=O)N[C@H]2C(=O)N[C@H]3C(=O)N[C@H](C(=O)N[C@H](C(=O)O)c4cc(O)cc(O)c4-c4cc3ccc4O)[C@H](O)c3ccc(c(Cl)c3)Oc3cc2cc(c3O[C@@H]2O[C@H](CO)[C@@H](O)[C@H](O)[C@H]2O[C@H]2C[C@](C)(N)[C@H](O)[C@H](C)O2)Oc2ccc(cc2Cl)[C@H]1O,built,101.0,110.0
TIROFIBAN HYDROCHLORIDE,C:\Users\patel\Desktop\group_project\cardiotox-fusion\data\processed\graphs\TIROFIBAN_HYDROCHLORIDE.pt,1,CCCCS(=O)(=O)N[C@@H](Cc1ccc(OCCCCC2CCNCC2)cc1)C(=O)O,built,30.0,31.0
CANGRELOR,C:\Users\patel\Desktop\group_project\cardiotox-fusion\data\processed\graphs\CANGRELOR.pt,0,CSCCNc1nc(SCCC(F)(F)F)nc2c1ncn2[C@@H]1O[C@H](COP(=O)(O)OP(=O)(O)C(Cl)(Cl)P(=O)(O)O)[C@@H](O)[C@H]1O,built,44.0,46.0
TEMSIROLIMUS,C:\Users\patel\Desktop\group_project\cardiotox-fusion\data\processed\graphs\TEMSIROLIMUS.pt,1,CO[C@H]1C[C@@H]2CC[C@@H](C)[C@@](O)(O2)C(=O)C(=O)N2CCCC[C@H]2C(=O)O[C@H]([C@H](C)C[C@@H]2CC[C@@H](OC(=O)C(C)(CO)CO)[C@H](OC)C2)CC(=O)[C@H](C)/C=C(\C)[C@@H](O)[C@@H](OC)C(=O)[C@H](C)C[C@H](C)/C=C/C=C/C=C/1C,built,73.0,76.0
STREPTOZOCIN,C:\Users\patel\Desktop\group_project\cardiotox-fusion\data\processed\graphs\STREPTOZOCIN.pt,0,CN(N=O)C(=O)N[C@@H](C=O)[C@@H](O)[C@H](O)[C@H](O)CO,built,18.0,17.0
Remifentanil Hydrochloride,C:\Users\patel\Desktop\group_project\cardiotox-fusion\data\processed\graphs\Remifentanil_Hydrochloride.pt,1,CCC(=O)N(c1ccccc1)C1(C(=O)OC)CCN(CCC(=O)OC)CC1,built,27.0,28.0
LEVOLEUCOVORIN DISODIUM,C:\Users\patel\Desktop\group_project\cardiotox-fusion\data\processed\graphs\LEVOLEUCOVORIN_DISODIUM.pt,0,Nc1nc(=O)c2c([nH]1)NC[C@H](CNc1ccc(C(=O)N[C@@H](CCC(=O)O)C(=O)O)cc1)N2C=O,built,34.0,36.0
etoposide phosphate,C:\Users\patel\Desktop\group_project\cardiotox-fusion\data\processed\graphs\etoposide_phosphate.pt,0,COc1cc([C@@H]2c3cc4c(cc3[C@@H](O[C@@H]3O[C@@H]5CO[C@@H](C)O[C@H]5[C@H](O)[C@H]3O)[C@H]3COC(=O)[C@H]23)OCO4)cc(OC)c1OP(=O)(O)O,built,46.0,52.0
PAFOLACIANINE SODIUM,C:\Users\patel\Desktop\group_project\cardiotox-fusion\data\processed\graphs\PAFOLACIANINE_SODIUM.pt,0,CC1(C)C(/C=C/C2=C(Oc3ccc(C[C@H](NC(=O)c4ccc(NCc5cnc6nc(N)[nH]c(=O)c6n5)cc4)C(=O)[O-])cc3)C(=C/C=C3\N(CCCCS(=O)(=O)[O-])c4ccc(S(=O)(=O)[O-])cc4C3(C)C)/CCC2)=[N+](CCCCS(=O)(=O)[O-])c2ccc(S(=O)(=O)[O-])cc21,built,91.0,99.0
trilaciclib dihydrochloride,C:\Users\patel\Desktop\group_project\cardiotox-fusion\data\processed\graphs\trilaciclib_dihydrochloride.pt,0,CN1CCN(c2ccc(Nc3ncc4cc5n(c4n3)C3(CCCCC3)CNC5=O)nc2)CC1,built,33.0,38.0
ioflupane I-123,C:\Users\patel\Desktop\group_project\cardiotox-fusion\data\processed\graphs\ioflupane_I-123.pt,0,COC(=O)[C@H]1[C@@H](c2ccc([123I])cc2)C[C@@H]2CC[C@H]1N2CCCF,built,23.0,25.0
Tetrofosmin,C:\Users\patel\Desktop\group_project\cardiotox-fusion\data\processed\graphs\Tetrofosmin.pt,1,CCOCCP(CCOCC)CCP(CCOCC)CCOCC,built,24.0,23.0
PENTOSTATIN,C:\Users\patel\Desktop\group_project\cardiotox-fusion\data\processed\graphs\PENTOSTATIN.pt,1,OC[C@H]1O[C@@H](n2cnc3c2N=CNC[C@H]3O)C[C@@H]1O,built,19.0,21.0
PIFLUFOLASTAT F-18,C:\Users\patel\Desktop\group_project\cardiotox-fusion\data\processed\graphs\PIFLUFOLASTAT_F-18.pt,0,O=C(O)CC[C@H](NC(=O)N[C@@H](CCCCNC(=O)c1ccc([18F])nc1)C(=O)O)C(=O)O,built,31.0,31.0
Fluciclovine F-18,C:\Users\patel\Desktop\group_project\cardiotox-fusion\data\processed\graphs\Fluciclovine_F-18.pt,0,N[C@]1(C(=O)O)C[C@@H]([18F])C1,built,9.0,9.0
ACETAMINOPHEN,C:\Users\patel\Desktop\group_project\cardiotox-fusion\data\processed\graphs\ACETAMINOPHEN.pt,1,CC(=O)Nc1ccc(O)cc1,built,11.0,11.0
melphalan flufenamide hydrochloride,C:\Users\patel\Desktop\group_project\cardiotox-fusion\data\processed\graphs\melphalan_flufenamide_hydrochloride.pt,0,CCOC(=O)[C@H](Cc1ccc(F)cc1)NC(=O)[C@@H](N)Cc1ccc(N(CCCl)CCCl)cc1,built,33.0,34.0
DALBAVANCIN HYDROCHLORIDE,C:\Users\patel\Desktop\group_project\cardiotox-fusion\data\processed\graphs\DALBAVANCIN_HYDROCHLORIDE.pt,0,CN[C@H]1C(=O)N[C@@H]2Cc3ccc(cc3)Oc3cc4cc(c3O[C@@H]3O[C@H](C(=O)O)[C@@H](O)[C@H](O)[C@H]3NC(=O)CCCCCCCCC(C)C)Oc3ccc(cc3Cl)[C@@H](O)[C@@H]3NC(=O)[C@H](NC(=O)[C@@H]4NC(=O)[C@@H](NC2=O)c2cc(cc(O)c2Cl)Oc2cc1ccc2O)c1ccc(O)c(c1)-c1c(O[C@H]2O[C@H](CO)[C@@H](O)[C@H](O)[C@@H]2O)cc(O)cc1[C@@H](C(=O)NCCCN(C)C)NC3=O,built,128.0,140.0
IOTHALAMATE SODIUM I-125,C:\Users\patel\Desktop\group_project\cardiotox-fusion\data\processed\graphs\IOTHALAMATE_SODIUM_I-125.pt,0,CNC(=O)c1c(I)c(NC(C)=O)c([125I])c(C(=O)[O-])c1[125I],built,20.0,20.0
REGADENOSON,C:\Users\patel\Desktop\group_project\cardiotox-fusion\data\processed\graphs\REGADENOSON.pt,1,CNC(=O)c1cnn(-c2nc(N)c3ncn([C@@H]4O[C@H](CO)[C@@H](O)[C@H]4O)c3n2)c1,built,28.0,31.0
LURBINECTEDIN,C:\Users\patel\Desktop\group_project\cardiotox-fusion\data\processed\graphs\LURBINECTEDIN.pt,0,COc1ccc2[nH]c3c(c2c1)CCN[C@]31CS[C@@H]2c3c(OC(C)=O)c(C)c4c(c3[C@H](COC1=O)N1[C@@H]2[C@H]2c3c(cc(C)c(OC)c3O)C[C@@H]([C@@H]1O)N2C)OCO4,built,56.0,65.0
FLUORODOPA F-18,C:\Users\patel\Desktop\group_project\cardiotox-fusion\data\processed\graphs\FLUORODOPA_F-18.pt,0,N[C@@H](Cc1cc(O)c(O)cc1[18F])C(=O)O,built,15.0,15.0
remimazolam besylate,C:\Users\patel\Desktop\group_project\cardiotox-fusion\data\processed\graphs\remimazolam_besylate.pt,1,COC(=O)CC[C@@H]1N=C(c2ccccn2)c2cc(Br)ccc2-n2c(C)cnc21,built,28.0,31.0
PEMETREXED MONOHYDRATE,C:\Users\patel\Desktop\group_project\cardiotox-fusion\data\processed\graphs\PEMETREXED_MONOHYDRATE.pt,1,Nc1nc2[nH]cc(CCc3ccc(C(=O)N[C@@H](CCC(=O)O)C(=O)O)cc3)c2c(=O)[nH]1,built,31.0,33.0
EPIRUBICIN HYDROCHLORIDE,C:\Users\patel\Desktop\group_project\cardiotox-fusion\data\processed\graphs\EPIRUBICIN_HYDROCHLORIDE.pt,1,COc1cccc2c1C(=O)c1c(O)c3c(c(O)c1C2=O)C[C@@](O)(C(=O)CO)C[C@@H]3O[C@H]1C[C@H](N)[C@@H](O)[C@H](C)O1,built,39.0,43.0
SODIUM CITRATE,C:\Users\patel\Desktop\group_project\cardiotox-fusion\data\processed\graphs\SODIUM_CITRATE.pt,0,O=C([O-])CC(O)(CC(=O)[O-])C(=O)[O-],built,13.0,12.0
CLEVIDIPINE,C:\Users\patel\Desktop\group_project\cardiotox-fusion\data\processed\graphs\CLEVIDIPINE.pt,1,CCCC(=O)OCOC(=O)C1=C(C)NC(C)=C(C(=O)OC)C1c1cccc(Cl)c1Cl,built,30.0,31.0
Alfentanil Hydrochloride,C:\Users\patel\Desktop\group_project\cardiotox-fusion\data\processed\graphs\Alfentanil_Hydrochloride.pt,1,CCC(=O)N(c1ccccc1)C1(COC)CCN(CCn2nnn(CC)c2=O)CC1,built,30.0,32.0
DEXMEDETOMIDINE HYDROCHLORIDE,C:\Users\patel\Desktop\group_project\cardiotox-fusion\data\processed\graphs\DEXMEDETOMIDINE_HYDROCHLORIDE.pt,1,Cc1cccc([C@H](C)c2c[nH]cn2)c1C,built,15.0,16.0
DIFELIKEFALIN ACETATE,C:\Users\patel\Desktop\group_project\cardiotox-fusion\data\processed\graphs\DIFELIKEFALIN_ACETATE.pt,1,CC(C)C[C@@H](NC(=O)[C@@H](Cc1ccccc1)NC(=O)[C@H](N)Cc1ccccc1)C(=O)N[C@H](CCCCN)C(=O)N1CCC(N)(C(=O)O)CC1,built,49.0,51.0
telavancin hydrochloride,C:\Users\patel\Desktop\group_project\cardiotox-fusion\data\processed\graphs\telavancin_hydrochloride.pt,1,CCCCCCCCCCNCCN[C@@]1(C)C[C@H](O[C@H]2[C@H](Oc3c4cc5cc3Oc3ccc(cc3Cl)[C@@H](O)[C@@H](NC(=O)[C@@H](CC(C)C)NC)C(=O)N[C@@H](CC(N)=O)C(=O)N[C@H]5C(=O)N[C@H]3C(=O)N[C@H](C(=O)N[C@H](C(=O)O)c5cc(O)c(CNCP(=O)(O)O)c(O)c5-c5cc3ccc5O)[C@H](O)c3ccc(c(Cl)c3)O4)O[C@H](CO)[C@@H](O)[C@@H]2O)O[C@@H](C)[C@H]1O,built,121.0,130.0
LEVOTHYROXINE SODIUM ANHYDROUS,C:\Users\patel\Desktop\group_project\cardiotox-fusion\data\processed\graphs\LEVOTHYROXINE_SODIUM_ANHYDROUS.pt,1,N[C@@H](Cc1cc(I)c(Oc2cc(I)c(O)c(I)c2)c(I)c1)C(=O)[O-],built,24.0,25.0
ATROPINE SULFATE,C:\Users\patel\Desktop\group_project\cardiotox-fusion\data\processed\graphs\ATROPINE_SULFATE.pt,1,CN1[C@@H]2CC[C@H]1C[C@@H](OC(=O)C(CO)c1ccccc1)C2,built,21.0,23.0
ganciclovir sodium,C:\Users\patel\Desktop\group_project\cardiotox-fusion\data\processed\graphs\ganciclovir_sodium.pt,1,Nc1nc([O-])c2ncn(COC(CO)CO)c2n1,built,18.0,19.0
TROMETHAMINE,C:\Users\patel\Desktop\group_project\cardiotox-fusion\data\processed\graphs\TROMETHAMINE.pt,0,NC(CO)(CO)CO,built,8.0,7.0
PROPOFOL,C:\Users\patel\Desktop\group_project\cardiotox-fusion\data\processed\graphs\PROPOFOL.pt,1,CC(C)c1cccc(C(C)C)c1O,built,13.0,13.0
LEVOLEUCOVORIN CALCIUM PENTAHYDRATE,C:\Users\patel\Desktop\group_project\cardiotox-fusion\data\processed\graphs\LEVOLEUCOVORIN_CALCIUM_PENTAHYDRATE.pt,0,Nc1nc(=O)c2c([nH]1)NC[C@H](CNc1ccc(C(=O)N[C@@H](CCC(=O)[O-])C(=O)[O-])cc1)N2C=O,built,34.0,36.0
CASPOFUNGIN ACETATE,C:\Users\patel\Desktop\group_project\cardiotox-fusion\data\processed\graphs\CASPOFUNGIN_ACETATE.pt,1,CC[C@H](C)C[C@H](C)CCCCCCCCC(=O)N[C@H]1C[C@@H](O)[C@@H](NCCN)NC(=O)[C@@H]2[C@@H](O)CCN2C(=O)[C@H]([C@H](O)CCN)NC(=O)[C@H]([C@H](O)[C@@H](O)c2ccc(O)cc2)NC(=O)[C@@H]2C[C@@H](O)CN2C(=O)[C@H]([C@@H](C)O)NC1=O,built,77.0,80.0
ESMOLOL HYDROCHLORIDE,C:\Users\patel\Desktop\group_project\cardiotox-fusion\data\processed\graphs\ESMOLOL_HYDROCHLORIDE.pt,1,COC(=O)CCc1ccc(OCC(O)CNC(C)C)cc1,built,21.0,21.0
IFOSFAMIDE,C:\Users\patel\Desktop\group_project\cardiotox-fusion\data\processed\graphs\IFOSFAMIDE.pt,1,O=P1(NCCCl)OCCCN1CCCl,built,14.0,14.0
DAUNORUBICIN HYDROCHLORIDE,C:\Users\patel\Desktop\group_project\cardiotox-fusion\data\processed\graphs\DAUNORUBICIN_HYDROCHLORIDE.pt,1,COc1cccc2c1C(=O)c1c(O)c3c(c(O)c1C2=O)C[C@@](O)(C(C)=O)C[C@@H]3O[C@H]1C[C@H](N)[C@H](O)[C@H](C)O1,built,38.0,42.0
MITOXANTRONE HYDROCHLORIDE,C:\Users\patel\Desktop\group_project\cardiotox-fusion\data\processed\graphs\MITOXANTRONE_HYDROCHLORIDE.pt,1,O=C1c2c(O)ccc(O)c2C(=O)c2c(NCCNCCO)ccc(NCCNCCO)c21,built,32.0,34.0
CARMUSTINE,C:\Users\patel\Desktop\group_project\cardiotox-fusion\data\processed\graphs\CARMUSTINE.pt,1,O=NN(CCCl)C(=O)NCCCl,built,12.0,11.0
GEMCITABINE HYDROCHLORIDE,C:\Users\patel\Desktop\group_project\cardiotox-fusion\data\processed\graphs\GEMCITABINE_HYDROCHLORIDE.pt,1,Nc1ccn([C@@H]2O[C@H](CO)[C@@H](O)C2(F)F)c(=O)n1,built,18.0,19.0
CAFFEINE CITRATE,C:\Users\patel\Desktop\group_project\cardiotox-fusion\data\processed\graphs\CAFFEINE_CITRATE.pt,1,Cn1c(=O)c2c(ncn2C)n(C)c1=O,built,14.0,15.0
VINCRISTINE SULFATE,C:\Users\patel\Desktop\group_project\cardiotox-fusion\data\processed\graphs\VINCRISTINE_SULFATE.pt,1,CC[C@]1(O)C[C@H]2CN(CCc3c([nH]c4ccccc34)[C@@](C(=O)OC)(c3cc4c(cc3OC)N(C=O)[C@H]3[C@@](O)(C(=O)OC)[C@H](OC(C)=O)[C@]5(CC)C=CCN6CC[C@]43[C@@H]65)C2)C1,built,60.0,68.0
ARSENIC TRIOXIDE,C:\Users\patel\Desktop\group_project\cardiotox-fusion\data\processed\graphs\ARSENIC_TRIOXIDE.pt,1,O=[As][As+](=O)[O-],built,5.0,4.0
MICAFUNGIN,C:\Users\patel\Desktop\group_project\cardiotox-fusion\data\processed\graphs\MICAFUNGIN.pt,1,CCCCCOc1ccc(-c2cc(-c3ccc(C(=O)N[C@H]4C[C@@H](O)[C@@H](O)NC(=O)[C@@H]5[C@@H](O)[C@@H](C)CN5C(=O)[C@H]([C@H](O)CC(N)=O)NC(=O)[C@H]([C@H](O)[C@@H](O)c5ccc(O)c(OS(=O)(=O)O)c5)NC(=O)[C@@H]5C[C@@H](O)CN5C(=O)[C@H]([C@@H](C)O)NC4=O)cc3)no2)cc1,built,89.0,95.0
cefoxitin sodium,C:\Users\patel\Desktop\group_project\cardiotox-fusion\data\processed\graphs\cefoxitin_sodium.pt,1,CO[C@@]1(NC(=O)Cc2cccs2)C(=O)N2C(C(=O)[O-])=C(COC(N)=O)CS[C@@H]21,built,28.0,30.0
SODIUM TETRADECYL SULFATE,C:\Users\patel\Desktop\group_project\cardiotox-fusion\data\processed\graphs\SODIUM_TETRADECYL_SULFATE.pt,1,CCCCC(CC)CCC(CC(C)C)OS(=O)(=O)[O-],built,19.0,18.0
paclitaxel,C:\Users\patel\Desktop\group_project\cardiotox-fusion\data\processed\graphs\paclitaxel.pt,1,CC(=O)O[C@H]1C(=O)[C@@]2(C)[C@H]([C@H](OC(=O)c3ccccc3)[C@]3(O)C[C@H](OC(=O)[C@H](O)[C@@H](NC(=O)c4ccccc4)c4ccccc4)C(C)=C1C3(C)C)[C@]1(OC(C)=O)CO[C@@H]1C[C@@H]2O,built,62.0,68.0
mesna,C:\Users\patel\Desktop\group_project\cardiotox-fusion\data\processed\graphs\mesna.pt,1,O=S(=O)([O-])CCS,built,7.0,6.0
Eptifibatide,C:\Users\patel\Desktop\group_project\cardiotox-fusion\data\processed\graphs\Eptifibatide.pt,1,N=C(N)NCCCC[C@@H]1NC(=O)CCSSC[C@@H](C(N)=O)NC(=O)[C@@H]2CCCN2C(=O)[C@H](Cc2c[nH]c3ccccc23)NC(=O)[C@H](CC(=O)O)NC(=O)CNC1=O,built,57.0,60.0
IBUPROFEN LYSINE,C:\Users\patel\Desktop\group_project\cardiotox-fusion\data\processed\graphs\IBUPROFEN_LYSINE.pt,1,CC(C)Cc1ccc(C(C)C(=O)O)cc1,built,15.0,15.0
VINBLASTINE SULFATE,C:\Users\patel\Desktop\group_project\cardiotox-fusion\data\processed\graphs\VINBLASTINE_SULFATE.pt,1,CC[C@]1(O)C[C@@H]2CN(CCc3c([nH]c4ccccc34)[C@@](C(=O)OC)(c3cc4c(cc3OC)N(C)[C@H]3[C@@](O)(C(=O)OC)[C@H](OC(C)=O)[C@]5(CC)C=CCN6CC[C@]43[C@@H]65)C2)C1,built,59.0,67.0
Esomeprazole Sodium,C:\Users\patel\Desktop\group_project\cardiotox-fusion\data\processed\graphs\Esomeprazole_Sodium.pt,0,COc1ccc2[n-]c([S@@+]([O-])Cc3ncc(C)c(OC)c3C)nc2c1,built,24.0,26.0
Adenosine,C:\Users\patel\Desktop\group_project\cardiotox-fusion\data\processed\graphs\Adenosine.pt,1,Nc1ncnc2c1ncn2[C@@H]1O[C@H](CO)[C@@H](O)[C@H]1O,built,19.0,21.0
NICARDIPINE HYDROCHLORIDE,C:\Users\patel\Desktop\group_project\cardiotox-fusion\data\processed\graphs\NICARDIPINE_HYDROCHLORIDE.pt,1,COC(=O)C1=C(C)NC(C)=C(C(=O)OCCN(C)Cc2ccccc2)C1c1cccc([N+](=O)[O-])c1,built,35.0,37.0
AZITHROMYCIN MONOHYDRATE,C:\Users\patel\Desktop\group_project\cardiotox-fusion\data\processed\graphs\AZITHROMYCIN_MONOHYDRATE.pt,1,CC[C@H]1OC(=O)[C@H](C)[C@@H](O[C@H]2C[C@@](C)(OC)[C@@H](O)[C@H](C)O2)[C@H](C)[C@@H](O[C@@H]2O[C@H](C)C[C@H](N(C)C)[C@H]2O)[C@](C)(O)C[C@@H](C)CN(C)[C@H](C)[C@@H](O)[C@]1(C)O,built,52.0,54.0
CIDOFOVIR,C:\Users\patel\Desktop\group_project\cardiotox-fusion\data\processed\graphs\CIDOFOVIR.pt,1,Nc1ccn(C[C@@H](CO)OCP(=O)(O)O)c(=O)n1,built,18.0,18.0
AMPICILLIN SODIUM,C:\Users\patel\Desktop\group_project\cardiotox-fusion\data\processed\graphs\AMPICILLIN_SODIUM.pt,0,CC1(C)S[C@@H]2[C@H](NC(=O)[C@H](N)c3ccccc3)C(=O)N2[C@H]1C(=O)[O-],built,24.0,26.0
MICAFUNGIN SODIUM,C:\Users\patel\Desktop\group_project\cardiotox-fusion\data\processed\graphs\MICAFUNGIN_SODIUM.pt,1,CCCCCOc1ccc(-c2cc(-c3ccc(C(=O)N[C@H]4C[C@@H](O)[C@@H](O)NC(=O)[C@@H]5[C@@H](O)[C@@H](C)CN5C(=O)[C@H]([C@H](O)CC(N)=O)NC(=O)[C@H]([C@H](O)[C@@H](O)c5ccc(O)c(OS(=O)(=O)[O-])c5)NC(=O)[C@@H]5C[C@@H](O)CN5C(=O)[C@H]([C@@H](C)O)NC4=O)cc3)no2)cc1,built,89.0,95.0
NOREPINEPHRINE BITARTRATE,C:\Users\patel\Desktop\group_project\cardiotox-fusion\data\processed\graphs\NOREPINEPHRINE_BITARTRATE.pt,1,NC[C@H](O)c1ccc(O)c(O)c1,built,12.0,12.0
CEFEPIME HYDROCHLORIDE,C:\Users\patel\Desktop\group_project\cardiotox-fusion\data\processed\graphs\CEFEPIME_HYDROCHLORIDE.pt,0,CO/N=C(\C(=O)N[C@@H]1C(=O)N2C(C(=O)O)=C(C[N+]3(C)CCCC3)CS[C@H]12)c1csc(N)n1,built,32.0,35.0
ROCURONIUM BROMIDE,C:\Users\patel\Desktop\group_project\cardiotox-fusion\data\processed\graphs\ROCURONIUM_BROMIDE.pt,1,C=CC[N+]1([C@H]2C[C@H]3[C@@H]4CC[C@H]5C[C@H](O)[C@@H](N6CCOCC6)C[C@]5(C)[C@H]4CC[C@]3(C)[C@H]2OC(C)=O)CCCC1,built,38.0,43.0
ENALAPRILAT,C:\Users\patel\Desktop\group_project\cardiotox-fusion\data\processed\graphs\ENALAPRILAT.pt,1,C[C@H](N[C@@H](CCc1ccccc1)C(=O)O)C(=O)N1CCC[C@H]1C(=O)O,built,25.0,26.0
Busulfan,C:\Users\patel\Desktop\group_project\cardiotox-fusion\data\processed\graphs\Busulfan.pt,1,CS(=O)(=O)OCCCCOS(C)(=O)=O,built,14.0,13.0
Calcitriol,C:\Users\patel\Desktop\group_project\cardiotox-fusion\data\processed\graphs\Calcitriol.pt,1,C=C1/C(=C\C=C2/CCC[C@]3(C)[C@@H]([C@H](C)CCCC(C)(C)O)CC[C@@H]23)C[C@@H](O)C[C@@H]1O,built,30.0,32.0
MEROPENEM,C:\Users\patel\Desktop\group_project\cardiotox-fusion\data\processed\graphs\MEROPENEM.pt,1,C[C@@H](O)[C@H]1C(=O)N2C(C(=O)O)=C(S[C@@H]3CN[C@H](C(=O)N(C)C)C3)[C@H](C)[C@H]12,built,26.0,28.0
Clindamycin Phosphate,C:\Users\patel\Desktop\group_project\cardiotox-fusion\data\processed\graphs\Clindamycin_Phosphate.pt,1,CCC[C@@H]1C[C@@H](C(=O)N[C@@H]([C@H]2O[C@H](SC)[C@H](OP(=O)(O)O)[C@@H](O)[C@H]2O)[C@H](C)Cl)N(C)C1,built,31.0,32.0
FOSAPREPITANT DIMEGLUMINE,C:\Users\patel\Desktop\group_project\cardiotox-fusion\data\processed\graphs\FOSAPREPITANT_DIMEGLUMINE.pt,0,C[C@@H](O[C@H]1OCCN(Cc2nn(P(=O)(O)O)c(=O)[nH]2)[C@H]1c1ccc(F)cc1)c1cc(C(F)(F)F)cc(C(F)(F)F)c1,built,41.0,44.0
ROMIDEPSIN,C:\Users\patel\Desktop\group_project\cardiotox-fusion\data\processed\graphs\ROMIDEPSIN.pt,1,C/C=C1\NC(=O)[C@H]2CSSCC/C=C/[C@H](CC(=O)N[C@H](C(C)C)C(=O)N2)OC(=O)[C@H](C(C)C)NC1=O,built,36.0,37.0
Aminophylline Dihydrate,C:\Users\patel\Desktop\group_project\cardiotox-fusion\data\processed\graphs\Aminophylline_Dihydrate.pt,1,Cn1c(=O)c2[nH]cnc2n(C)c1=O,built,13.0,14.0
GEMCITABINE,C:\Users\patel\Desktop\group_project\cardiotox-fusion\data\processed\graphs\GEMCITABINE.pt,1,Nc1ccn([C@@H]2O[C@H](CO)[C@@H](O)C2(F)F)c(=O)n1,built,18.0,19.0
AZATHIOPRINE SODIUM,C:\Users\patel\Desktop\group_project\cardiotox-fusion\data\processed\graphs\AZATHIOPRINE_SODIUM.pt,0,Cn1cnc([N+](=O)[O-])c1Sc1ncnc2nc[n-]c12,built,19.0,21.0
AMMONIA N-13,C:\Users\patel\Desktop\group_project\cardiotox-fusion\data\processed\graphs\AMMONIA_N-13.pt,0,[13NH3],built,1.0,0.0
CEFTAZIDIME,C:\Users\patel\Desktop\group_project\cardiotox-fusion\data\processed\graphs\CEFTAZIDIME.pt,0,CC(C)(O/N=C(\C(=O)N[C@@H]1C(=O)N2C(C(=O)[O-])=C(C[n+]3ccccc3)CS[C@H]12)c1csc(N)n1)C(=O)O,built,37.0,40.0
SODIUM FLUORIDE F-18,C:\Users\patel\Desktop\group_project\cardiotox-fusion\data\processed\graphs\SODIUM_FLUORIDE_F-18.pt,0,[18F-],built,1.0,0.0
Milrinone Lactate,C:\Users\patel\Desktop\group_project\cardiotox-fusion\data\processed\graphs\Milrinone_Lactate.pt,1,Cc1[nH]c(=O)c(C#N)cc1-c1ccncc1,built,16.0,17.0
NEOSTIGMINE METHYLSULFATE,C:\Users\patel\Desktop\group_project\cardiotox-fusion\data\processed\graphs\NEOSTIGMINE_METHYLSULFATE.pt,1,CN(C)C(=O)Oc1cccc([N+](C)(C)C)c1,built,16.0,16.0
AMIODARONE HYDROCHLORIDE,C:\Users\patel\Desktop\group_project\cardiotox-fusion\data\processed\graphs\AMIODARONE_HYDROCHLORIDE.pt,1,CCCCc1oc2ccccc2c1C(=O)c1cc(I)c(OCCN(CC)CC)c(I)c1,built,31.0,33.0
ACYCLOVIR SODIUM,C:\Users\patel\Desktop\group_project\cardiotox-fusion\data\processed\graphs\ACYCLOVIR_SODIUM.pt,1,Nc1nc([O-])c2ncn(COCCO)c2n1,built,16.0,17.0
PAMIDRONATE DISODIUM,C:\Users\patel\Desktop\group_project\cardiotox-fusion\data\processed\graphs\PAMIDRONATE_DISODIUM.pt,1,NCCC(O)(P(=O)([O-])O)P(=O)([O-])O,built,13.0,12.0
CHLORAMPHENICOL SODIUM SUCCINATE,C:\Users\patel\Desktop\group_project\cardiotox-fusion\data\processed\graphs\CHLORAMPHENICOL_SODIUM_SUCCINATE.pt,0,O=C([O-])CCC(=O)OC[C@@H](NC(=O)C(Cl)Cl)[C@H](O)c1ccc([N+](=O)[O-])cc1,built,27.0,27.0
ZINC CHLORIDE,C:\Users\patel\Desktop\group_project\cardiotox-fusion\data\processed\graphs\ZINC_CHLORIDE.pt,1,[Cl-],built,1.0,0.0
Fomepizole,C:\Users\patel\Desktop\group_project\cardiotox-fusion\data\processed\graphs\Fomepizole.pt,1,Cc1cn[nH]c1,built,6.0,6.0
DOXORUBICIN HYDROCHLORIDE,C:\Users\patel\Desktop\group_project\cardiotox-fusion\data\processed\graphs\DOXORUBICIN_HYDROCHLORIDE.pt,1,COc1cccc2c1C(=O)c1c(O)c3c(c(O)c1C2=O)C[C@@](O)(C(=O)CO)C[C@@H]3O[C@H]1C[C@H](N)[C@H](O)[C@H](C)O1,built,39.0,43.0
CISATRACURIUM BESYLATE,C:\Users\patel\Desktop\group_project\cardiotox-fusion\data\processed\graphs\CISATRACURIUM_BESYLATE.pt,1,COc1ccc(C[C@@H]2c3cc(OC)c(OC)cc3CC[N@+]2(C)CCC(=O)OCCCCCOC(=O)CC[N@@+]2(C)CCc3cc(OC)c(OC)cc3[C@H]2Cc2ccc(OC)c(OC)c2)cc1OC,built,67.0,72.0
AMPHOTERICIN B,C:\Users\patel\Desktop\group_project\cardiotox-fusion\data\processed\graphs\AMPHOTERICIN_B.pt,1,C[C@@H]1[C@H](O)[C@@H](C)/C=C/C=C/C=C/C=C/C=C/C=C/C=C/[C@H](O[C@@H]2O[C@H](C)[C@@H](O)[C@H](N)[C@@H]2O)C[C@@H]2O[C@](O)(C[C@@H](O)C[C@@H](O)[C@H](O)CC[C@@H](O)C[C@@H](O)CC(=O)O[C@H]1C)C[C@H](O)[C@H]2C(=O)O,built,65.0,67.0
TOPOTECAN,C:\Users\patel\Desktop\group_project\cardiotox-fusion\data\processed\graphs\TOPOTECAN.pt,0,CC[C@@]1(O)C(=O)OCc2c1cc1n(c2=O)Cc2cc3c(CN(C)C)c(O)ccc3nc2-1,built,31.0,35.0
DACARBAZINE,C:\Users\patel\Desktop\group_project\cardiotox-fusion\data\processed\graphs\DACARBAZINE.pt,0,CN(C)/N=N/c1[nH]cnc1C(N)=O,built,13.0,13.0
Levoleucovorin Calcium,C:\Users\patel\Desktop\group_project\cardiotox-fusion\data\processed\graphs\Levoleucovorin_Calcium.pt,0,Nc1nc(=O)c2c([nH]1)NC[C@H](CNc1ccc(C(=O)N[C@@H](CCC(=O)[O-])C(=O)[O-])cc1)N2C=O,built,34.0,36.0
DECITABINE,C:\Users\patel\Desktop\group_project\cardiotox-fusion\data\processed\graphs\DECITABINE.pt,1,Nc1ncn([C@H]2C[C@H](O)[C@@H](CO)O2)c(=O)n1,built,16.0,17.0
TIGECYCLINE,C:\Users\patel\Desktop\group_project\cardiotox-fusion\data\processed\graphs\TIGECYCLINE.pt,0,CN(C)c1cc(NC(=O)CNC(C)(C)C)c(O)c2c1C[C@H]1C[C@H]3[C@H](N(C)C)C(O)=C(C(N)=O)C(=O)[C@@]3(O)C(O)=C1C2=O,built,42.0,45.0
ETOPOSIDE,C:\Users\patel\Desktop\group_project\cardiotox-fusion\data\processed\graphs\ETOPOSIDE.pt,0,COc1cc([C@@H]2c3cc4c(cc3[C@@H](O[C@@H]3O[C@@H]5CO[C@@H](C)O[C@H]5[C@H](O)[C@H]3O)[C@H]3COC(=O)[C@H]23)OCO4)cc(OC)c1O,built,42.0,48.0
DOCETAXEL ANHYDROUS,C:\Users\patel\Desktop\group_project\cardiotox-fusion\data\processed\graphs\DOCETAXEL_ANHYDROUS.pt,1,CC(=O)O[C@@]12CO[C@@H]1C[C@H](O)[C@@]1(C)C(=O)[C@H](O)C3=C(C)[C@@H](OC(=O)[C@H](O)[C@@H](NC(=O)OC(C)(C)C)c4ccccc4)C[C@@](O)([C@@H](OC(=O)c4ccccc4)[C@H]21)C3(C)C,built,58.0,63.0
Dipyridamole,C:\Users\patel\Desktop\group_project\cardiotox-fusion\data\processed\graphs\Dipyridamole.pt,1,OCCN(CCO)c1nc(N2CCCCC2)c2nc(N(CCO)CCO)nc(N3CCCCC3)c2n1,built,36.0,39.0
TETRADECYL HYDROGEN SULFATE (ESTER),C:\Users\patel\Desktop\group_project\cardiotox-fusion\data\processed\graphs\TETRADECYL_HYDROGEN_SULFATE__ESTER_.pt,1,CCCCC(CC)CCC(CC(C)C)OS(=O)(=O)[O-],built,19.0,18.0
NELARABINE,C:\Users\patel\Desktop\group_project\cardiotox-fusion\data\processed\graphs\NELARABINE.pt,0,COc1nc(N)nc2c1ncn2[C@@H]1O[C@H](CO)[C@@H](O)[C@@H]1O,built,21.0,23.0
IDARUBICIN HYDROCHLORIDE,C:\Users\patel\Desktop\group_project\cardiotox-fusion\data\processed\graphs\IDARUBICIN_HYDROCHLORIDE.pt,1,CC(=O)[C@]1(O)Cc2c(O)c3c(c(O)c2[C@@H](O[C@H]2C[C@H](N)[C@H](O)[C@H](C)O2)C1)C(=O)c1ccccc1C3=O,built,36.0,40.0
VALPROATE SODIUM,C:\Users\patel\Desktop\group_project\cardiotox-fusion\data\processed\graphs\VALPROATE_SODIUM.pt,1,CCCC(CCC)C(=O)[O-],built,10.0,9.0
STRONTIUM CHLORIDE SR-89,C:\Users\patel\Desktop\group_project\cardiotox-fusion\data\processed\graphs\STRONTIUM_CHLORIDE_SR-89.pt,0,[89Sr+2],built,1.0,0.0
EPOPROSTENOL SODIUM,C:\Users\patel\Desktop\group_project\cardiotox-fusion\data\processed\graphs\EPOPROSTENOL_SODIUM.pt,1,CCCCC[C@H](O)/C=C/[C@@H]1[C@H]2C/C(=C/CCCC(=O)[O-])O[C@H]2C[C@H]1O,built,25.0,26.0
ACETAZOLAMIDE SODIUM,C:\Users\patel\Desktop\group_project\cardiotox-fusion\data\processed\graphs\ACETAZOLAMIDE_SODIUM.pt,0,CC(=O)Nc1nnc(S([NH-])(=O)=O)s1,built,13.0,13.0
ALLOPURINOL SODIUM,C:\Users\patel\Desktop\group_project\cardiotox-fusion\data\processed\graphs\ALLOPURINOL_SODIUM.pt,1,O=c1[n-]cnc2[nH]ncc12,built,10.0,11.0
FLUMAZENIL,C:\Users\patel\Desktop\group_project\cardiotox-fusion\data\processed\graphs\FLUMAZENIL.pt,1,CCOC(=O)c1ncn2c1CN(C)C(=O)c1cc(F)ccc1-2,built,22.0,24.0
ATRACURIUM BESYLATE,C:\Users\patel\Desktop\group_project\cardiotox-fusion\data\processed\graphs\ATRACURIUM_BESYLATE.pt,1,COc1ccc(CC2c3cc(OC)c(OC)cc3CC[N+]2(C)CCC(=O)OCCCCCOC(=O)CC[N+]2(C)CCc3cc(OC)c(OC)cc3C2Cc2ccc(OC)c(OC)c2)cc1OC,built,67.0,72.0
ERYTHROMYCIN LACTOBIONATE,C:\Users\patel\Desktop\group_project\cardiotox-fusion\data\processed\graphs\ERYTHROMYCIN_LACTOBIONATE.pt,1,CC[C@H]1OC(=O)[C@H](C)[C@@H](O[C@H]2C[C@@](C)(OC)[C@@H](O)[C@H](C)O2)[C@H](C)[C@@H](O[C@@H]2O[C@H](C)C[C@H](N(C)C)[C@H]2O)[C@](C)(O)C[C@@H](C)C(=O)[C@H](C)[C@@H](O)[C@]1(C)O,built,51.0,53.0
Granisetron Hydrochloride,C:\Users\patel\Desktop\group_project\cardiotox-fusion\data\processed\graphs\Granisetron_Hydrochloride.pt,1,CN1C2CCCC1CC(NC(=O)c1nn(C)c3ccccc13)C2,built,23.0,26.0
vinorelbine tartrate,C:\Users\patel\Desktop\group_project\cardiotox-fusion\data\processed\graphs\vinorelbine_tartrate.pt,1,CCC1=C[C@@H]2CN(C1)Cc1c([nH]c3ccccc13)[C@@](C(=O)OC)(c1cc3c(cc1OC)N(C)[C@H]1[C@@](O)(C(=O)OC)[C@H](OC(C)=O)[C@]4(CC)C=CCN5CC[C@]31[C@@H]54)C2,built,57.0,65.0
FLUDARABINE PHOSPHATE,C:\Users\patel\Desktop\group_project\cardiotox-fusion\data\processed\graphs\FLUDARABINE_PHOSPHATE.pt,1,Nc1nc(F)nc2c1ncn2[C@@H]1O[C@H](COP(=O)(O)O)[C@@H](O)[C@@H]1O,built,24.0,26.0
DACTINOMYCIN,C:\Users\patel\Desktop\group_project\cardiotox-fusion\data\processed\graphs\DACTINOMYCIN.pt,0,Cc1c2oc3c(C)ccc(C(=O)N[C@@H]4C(=O)N[C@H](C(C)C)C(=O)N5CCC[C@H]5C(=O)N(C)CC(=O)N(C)[C@@H](C(C)C)C(=O)O[C@@H]4C)c3nc-2c(C(=O)N[C@@H]2C(=O)N[C@H](C(C)C)C(=O)N3CCC[C@H]3C(=O)N(C)CC(=O)N(C)[C@@H](C(C)C)C(=O)O[C@@H]2C)c(N)c1=O,built,90.0,96.0
Fludeoxyglucose F-18,C:\Users\patel\Desktop\group_project\cardiotox-fusion\data\processed\graphs\Fludeoxyglucose_F-18.pt,0,OC[C@H]1OC(O)[C@H]([18F])[C@@H](O)[C@@H]1O,built,12.0,12.0
DOBUTAMINE HYDROCHLORIDE,C:\Users\patel\Desktop\group_project\cardiotox-fusion\data\processed\graphs\DOBUTAMINE_HYDROCHLORIDE.pt,1,CC(CCc1ccc(O)cc1)NCCc1ccc(O)c(O)c1,built,22.0,23.0
INDOMETHACIN SODIUM,C:\Users\patel\Desktop\group_project\cardiotox-fusion\data\processed\graphs\INDOMETHACIN_SODIUM.pt,1,COc1ccc2c(c1)c(CC(=O)[O-])c(C)n2C(=O)c1ccc(Cl)cc1,built,25.0,27.0
IRINOTECAN HYDROCHLORIDE,C:\Users\patel\Desktop\group_project\cardiotox-fusion\data\processed\graphs\IRINOTECAN_HYDROCHLORIDE.pt,1,CCc1c2c(nc3ccc(OC(=O)N4CCC(N5CCCCC5)CC4)cc13)-c1cc3c(c(=O)n1C2)COC(=O)[C@]3(O)CC,built,43.0,49.0
CEFTRIAXONE SODIUM,C:\Users\patel\Desktop\group_project\cardiotox-fusion\data\processed\graphs\CEFTRIAXONE_SODIUM.pt,0,CO/N=C(\C(=O)N[C@@H]1C(=O)N2C(C(=O)[O-])=C(CSc3nc(=O)c([O-])nn3C)CS[C@H]12)c1csc(N)n1,built,36.0,39.0
Diatrizoate Sodium,C:\Users\patel\Desktop\group_project\cardiotox-fusion\data\processed\graphs\Diatrizoate_Sodium.pt,1,CC(=O)Nc1c(I)c(NC(C)=O)c(I)c(C(=O)[O-])c1I,built,20.0,20.0
trimetrexate glucuronate,C:\Users\patel\Desktop\group_project\cardiotox-fusion\data\processed\graphs\trimetrexate_glucuronate.pt,0,COc1cc(NCc2ccc3nc(N)nc(N)c3c2C)cc(OC)c1OC,built,27.0,29.0
Temozolomide,C:\Users\patel\Desktop\group_project\cardiotox-fusion\data\processed\graphs\Temozolomide.pt,0,Cn1nnc2c(C(N)=O)ncn2c1=O,built,14.0,15.0
brivaracetam,C:\Users\patel\Desktop\group_project\cardiotox-fusion\data\processed\graphs\brivaracetam.pt,0,CCC[C@@H]1CC(=O)N([C@@H](CC)C(N)=O)C1,built,15.0,15.0
tedizolid phosphate,C:\Users\patel\Desktop\group_project\cardiotox-fusion\data\processed\graphs\tedizolid_phosphate.pt,1,Cn1nnc(-c2ccc(-c3ccc(N4C[C@H](COP(=O)(O)O)OC4=O)cc3F)cn2)n1,built,31.0,34.0
delafloxacin meglumine,C:\Users\patel\Desktop\group_project\cardiotox-fusion\data\processed\graphs\delafloxacin_meglumine.pt,1,Nc1nc(-n2cc(C(=O)O)c(=O)c3cc(F)c(N4CC(O)C4)c(Cl)c32)c(F)cc1F,built,30.0,33.0
POSACONAZOLE; posaconazole,C:\Users\patel\Desktop\group_project\cardiotox-fusion\data\processed\graphs\POSACONAZOLE__posaconazole.pt,1,CC[C@@H]([C@H](C)O)n1ncn(-c2ccc(N3CCN(c4ccc(OC[C@@H]5CO[C@@](Cn6cncn6)(c6ccc(F)cc6F)C5)cc4)CC3)cc2)c1=O,built,51.0,57.0
SELEXIPAG,C:\Users\patel\Desktop\group_project\cardiotox-fusion\data\processed\graphs\SELEXIPAG.pt,0,CC(C)N(CCCCOCC(=O)NS(C)(=O)=O)c1cnc(-c2ccccc2)c(-c2ccccc2)n1,built,35.0,37.0
LACOSAMIDE,C:\Users\patel\Desktop\group_project\cardiotox-fusion\data\processed\graphs\LACOSAMIDE.pt,1,COC[C@@H](NC(C)=O)C(=O)NCc1ccccc1,built,18.0,18.0
LETERMOVIR,C:\Users\patel\Desktop\group_project\cardiotox-fusion\data\processed\graphs\LETERMOVIR.pt,1,COc1cccc(N2CCN(C3=Nc4c(F)cccc4[C@H](CC(=O)O)N3c3cc(C(F)(F)F)ccc3OC)CC2)c1,built,41.0,45.0
omadacycline,C:\Users\patel\Desktop\group_project\cardiotox-fusion\data\processed\graphs\omadacycline.pt,1,CN(C)c1cc(CNCC(C)(C)C)c(O)c2c1C[C@H]1C[C@H]3[C@H](N(C)C)C(O)=C(C(N)=O)C(=O)[C@@]3(O)C(O)=C1C2=O,built,40.0,43.0
trovafloxacin mesylate,C:\Users\patel\Desktop\group_project\cardiotox-fusion\data\processed\graphs\trovafloxacin_mesylate.pt,1,N[C@@H]1[C@H]2CN(c3nc4c(cc3F)c(=O)c(C(=O)O)cn4-c3ccc(F)cc3F)C[C@@H]12,built,30.0,34.0
bortezomib,C:\Users\patel\Desktop\group_project\cardiotox-fusion\data\processed\graphs\bortezomib.pt,1,CC(C)C[C@H](NC(=O)[C@H](Cc1ccccc1)NC(=O)c1cnccn1)B(O)O,built,28.0,29.0
AZACITIDINE,C:\Users\patel\Desktop\group_project\cardiotox-fusion\data\processed\graphs\AZACITIDINE.pt,1,Nc1ncn([C@@H]2O[C@H](CO)[C@@H](O)[C@H]2O)c(=O)n1,built,17.0,18.0
OCTREOTIDE ACETATE,C:\Users\patel\Desktop\group_project\cardiotox-fusion\data\processed\graphs\OCTREOTIDE_ACETATE.pt,1,C[C@@H](O)[C@@H]1NC(=O)[C@H](CCCCN)NC(=O)[C@@H](Cc2c[nH]c3ccccc23)NC(=O)[C@H](Cc2ccccc2)NC(=O)[C@@H](NC(=O)[C@H](N)Cc2ccccc2)CSSC[C@@H](C(=O)N[C@H](CO)[C@@H](C)O)NC1=O,built,71.0,75.0
Dimethyl Sulfoxide,C:\Users\patel\Desktop\group_project\cardiotox-fusion\data\processed\graphs\Dimethyl_Sulfoxide.pt,0,C[S+](C)[O-],built,4.0,3.0
HEXAMINOLEVULINATE HYDROCHLORIDE,C:\Users\patel\Desktop\group_project\cardiotox-fusion\data\processed\graphs\HEXAMINOLEVULINATE_HYDROCHLORIDE.pt,0,CCCCCCOC(=O)CCC(=O)CN,built,15.0,14.0
diatrizoate meglumine,C:\Users\patel\Desktop\group_project\cardiotox-fusion\data\processed\graphs\diatrizoate_meglumine.pt,0,CC(=O)Nc1c(I)c(NC(C)=O)c(I)c(C(=O)O)c1I,built,20.0,20.0
VALRUBICIN,C:\Users\patel\Desktop\group_project\cardiotox-fusion\data\processed\graphs\VALRUBICIN.pt,0,CCCCC(=O)OCC(=O)[C@]1(O)Cc2c(O)c3c(c(O)c2[C@@H](O[C@H]2C[C@H](NC(=O)C(F)(F)F)[C@H](O)[C@H](C)O2)C1)C(=O)c1c(OC)cccc1C3=O,built,51.0,55.0
ISAVUCONAZONIUM SULFATE,C:\Users\patel\Desktop\group_project\cardiotox-fusion\data\processed\graphs\ISAVUCONAZONIUM_SULFATE.pt,1,CNCC(=O)OCc1cccnc1N(C)C(=O)OC(C)[n+]1cnn(C[C@](O)(c2cc(F)ccc2F)[C@@H](C)c2nc(-c3ccc(C#N)cc3)cs2)c1,built,51.0,55.0
TIPRANAVIR,C:\Users\patel\Desktop\group_project\cardiotox-fusion\data\processed\graphs\TIPRANAVIR.pt,0,CCC[C@@]1(CCc2ccccc2)CC(O)=C([C@H](CC)c2cccc(NS(=O)(=O)c3ccc(C(F)(F)F)cn3)c2)C(=O)O1,built,42.0,45.0
METYRAPONE,C:\Users\patel\Desktop\group_project\cardiotox-fusion\data\processed\graphs\METYRAPONE.pt,1,CC(C)(C(=O)c1cccnc1)c1cccnc1,built,17.0,18.0
GLYCEROL PHENYLBUTYRATE,C:\Users\patel\Desktop\group_project\cardiotox-fusion\data\processed\graphs\GLYCEROL_PHENYLBUTYRATE.pt,0,O=C(CCCc1ccccc1)OCC(COC(=O)CCCc1ccccc1)OC(=O)CCCc1ccccc1,built,39.0,41.0
macitentan,C:\Users\patel\Desktop\group_project\cardiotox-fusion\data\processed\graphs\macitentan.pt,1,CCCNS(=O)(=O)Nc1ncnc(OCCOc2ncc(Br)cn2)c1-c1ccc(Br)cc1,built,32.0,34.0
saxagliptin hydrochloride,C:\Users\patel\Desktop\group_project\cardiotox-fusion\data\processed\graphs\saxagliptin_hydrochloride.pt,1,N#C[C@@H]1C[C@@H]2C[C@@H]2N1C(=O)[C@@H](N)C12CC3CC(CC(O)(C3)C1)C2,built,23.0,27.0
FIDAXOMICIN,C:\Users\patel\Desktop\group_project\cardiotox-fusion\data\processed\graphs\FIDAXOMICIN.pt,0,CCc1c(Cl)c(O)c(Cl)c(O)c1C(=O)O[C@H]1[C@H](O)[C@H](OC)[C@H](OC/C2=C\C=C\C[C@H](O)/C(C)=C/[C@H](CC)[C@@H](O[C@@H]3OC(C)(C)[C@@H](OC(=O)C(C)C)[C@H](O)[C@@H]3O)/C(C)=C/C(C)=C/C[C@@H]([C@@H](C)O)OC2=O)O[C@@H]1C,built,72.0,75.0
PITOLISANT HYDROCHLORIDE,C:\Users\patel\Desktop\group_project\cardiotox-fusion\data\processed\graphs\PITOLISANT_HYDROCHLORIDE.pt,1,Clc1ccc(CCCOCCCN2CCCCC2)cc1,built,20.0,21.0
SAFINAMIDE MESYLATE,C:\Users\patel\Desktop\group_project\cardiotox-fusion\data\processed\graphs\SAFINAMIDE_MESYLATE.pt,1,C[C@H](NCc1ccc(OCc2cccc(F)c2)cc1)C(N)=O,built,22.0,23.0
PEXIDARTINIB HYDROCHLORIDE,C:\Users\patel\Desktop\group_project\cardiotox-fusion\data\processed\graphs\PEXIDARTINIB_HYDROCHLORIDE.pt,1,FC(F)(F)c1ccc(CNc2ccc(Cc3c[nH]c4ncc(Cl)cc34)cn2)cn1,built,29.0,32.0
VANDETANIB,C:\Users\patel\Desktop\group_project\cardiotox-fusion\data\processed\graphs\VANDETANIB.pt,1,COc1cc2/c(=N/c3ccc(Br)cc3F)nc[nH]c2cc1OCC1CCN(C)CC1,built,30.0,33.0
IDELALISIB,C:\Users\patel\Desktop\group_project\cardiotox-fusion\data\processed\graphs\IDELALISIB.pt,0,CC[C@H](Nc1ncnc2[nH]cnc12)c1nc2cccc(F)c2c(=O)n1-c1ccccc1,built,31.0,35.0
BENZNIDAZOLE,C:\Users\patel\Desktop\group_project\cardiotox-fusion\data\processed\graphs\BENZNIDAZOLE.pt,0,O=C(Cn1ccnc1[N+](=O)[O-])NCc1ccccc1,built,19.0,20.0
OLSALAZINE SODIUM,C:\Users\patel\Desktop\group_project\cardiotox-fusion\data\processed\graphs\OLSALAZINE_SODIUM.pt,1,O=C([O-])c1cc(/N=N/c2ccc(O)c(C(=O)[O-])c2)ccc1O,built,22.0,23.0
OSILODROSTAT PHOSPHATE,C:\Users\patel\Desktop\group_project\cardiotox-fusion\data\processed\graphs\OSILODROSTAT_PHOSPHATE.pt,1,N#Cc1ccc([C@H]2CCc3cncn32)c(F)c1,built,17.0,19.0
anhydrous tacrolimus,C:\Users\patel\Desktop\group_project\cardiotox-fusion\data\processed\graphs\anhydrous_tacrolimus.pt,1,C=CC[C@@H]1/C=C(\C)C[C@H](C)C[C@H](OC)[C@H]2O[C@@](O)(C(=O)C(=O)N3CCCC[C@H]3C(=O)O[C@H](/C(C)=C/[C@@H]3CC[C@@H](O)[C@H](OC)C3)[C@H](C)[C@@H](O)CC1=O)[C@H](C)C[C@@H]2OC,built,57.0,60.0
OPICAPONE,C:\Users\patel\Desktop\group_project\cardiotox-fusion\data\processed\graphs\OPICAPONE.pt,1,Cc1c(Cl)c(C)[n+]([O-])c(Cl)c1-c1noc(-c2cc(O)c(O)c([N+](=O)[O-])c2)n1,built,27.0,29.0
RIFAPENTINE,C:\Users\patel\Desktop\group_project\cardiotox-fusion\data\processed\graphs\RIFAPENTINE.pt,1,CO[C@H]1/C=C/O[C@@]2(C)Oc3c(C)c(O)c4c(O)c(c(/C=N/N5CCN(C6CCCC6)CC5)c(O)c4c3C2=O)NC(=O)/C(C)=C\C=C\[C@H](C)[C@H](O)[C@@H](C)[C@@H](O)[C@@H](C)[C@H](OC(C)=O)[C@@H]1C,built,63.0,68.0
PROCARBAZINE HYDROCHLORIDE,C:\Users\patel\Desktop\group_project\cardiotox-fusion\data\processed\graphs\PROCARBAZINE_HYDROCHLORIDE.pt,1,CNNCc1ccc(C(=O)NC(C)C)cc1,built,16.0,16.0
Amlodipine Benzoate,C:\Users\patel\Desktop\group_project\cardiotox-fusion\data\processed\graphs\Amlodipine_Benzoate.pt,1,CCOC(=O)C1=C(COCCN)NC(C)=C(C(=O)OC)C1c1ccccc1Cl,built,28.0,29.0
GEMIFLOXACIN MESYLATE,C:\Users\patel\Desktop\group_project\cardiotox-fusion\data\processed\graphs\GEMIFLOXACIN_MESYLATE.pt,1,CO/N=C1\CN(c2nc3c(cc2F)c(=O)c(C(=O)O)cn3C2CC2)CC1CN,built,28.0,31.0
LOMITAPIDE MESYLATE,C:\Users\patel\Desktop\group_project\cardiotox-fusion\data\processed\graphs\LOMITAPIDE_MESYLATE.pt,1,O=C(NC1CCN(CCCCC2(C(=O)NCC(F)(F)F)c3ccccc3-c3ccccc32)CC1)c1ccccc1-c1ccc(C(F)(F)F)cc1,built,50.0,55.0
DAROLUTAMIDE,C:\Users\patel\Desktop\group_project\cardiotox-fusion\data\processed\graphs\DAROLUTAMIDE.pt,1,CC(O)c1cc(C(=O)N[C@@H](C)Cn2ccc(-c3ccc(C#N)c(Cl)c3)n2)n[nH]1,built,28.0,30.0
OLAPARIB,C:\Users\patel\Desktop\group_project\cardiotox-fusion\data\processed\graphs\OLAPARIB.pt,0,O=C(c1cc(Cc2n[nH]c(=O)c3ccccc23)ccc1F)N1CCN(C(=O)C2CC2)CC1,built,32.0,36.0
Urea C-14,C:\Users\patel\Desktop\group_project\cardiotox-fusion\data\processed\graphs\Urea_C-14.pt,0,N[14C](N)=O,built,4.0,3.0
UREA C-13,C:\Users\patel\Desktop\group_project\cardiotox-fusion\data\processed\graphs\UREA_C-13.pt,0,NC(N)=O,built,4.0,3.0
SONIDEGIB PHOSPHATE,C:\Users\patel\Desktop\group_project\cardiotox-fusion\data\processed\graphs\SONIDEGIB_PHOSPHATE.pt,0,Cc1c(C(=O)Nc2ccc(N3C[C@@H](C)O[C@@H](C)C3)nc2)cccc1-c1ccc(OC(F)(F)F)cc1,built,35.0,38.0
Tepotinib Hydrochloride,C:\Users\patel\Desktop\group_project\cardiotox-fusion\data\processed\graphs\Tepotinib_Hydrochloride.pt,0,CN1CCC(COc2cnc(-c3cccc(Cn4nc(-c5cccc(C#N)c5)ccc4=O)c3)nc2)CC1,built,37.0,41.0
DICHLORPHENAMIDE,C:\Users\patel\Desktop\group_project\cardiotox-fusion\data\processed\graphs\DICHLORPHENAMIDE.pt,1,NS(=O)(=O)c1cc(Cl)c(Cl)c(S(N)(=O)=O)c1,built,16.0,16.0
ILOPERIDONE,C:\Users\patel\Desktop\group_project\cardiotox-fusion\data\processed\graphs\ILOPERIDONE.pt,1,COc1cc(C(C)=O)ccc1OCCCN1CCC(c2noc3cc(F)ccc23)CC1,built,31.0,34.0
ANAGRELIDE HYDROCHLORIDE ANHYDROUS,C:\Users\patel\Desktop\group_project\cardiotox-fusion\data\processed\graphs\ANAGRELIDE_HYDROCHLORIDE_ANHYDROUS.pt,1,O=C1CN2Cc3c(ccc(Cl)c3Cl)N=C2N1,built,16.0,18.0
maralixibat chloride,C:\Users\patel\Desktop\group_project\cardiotox-fusion\data\processed\graphs\maralixibat_chloride.pt,0,CCCCC1(CCCC)CS(=O)(=O)c2ccc(N(C)C)cc2[C@@H](c2ccc(OCc3ccc(C[N+]45CCN(CC4)CC5)cc3)cc2)[C@H]1O,built,48.0,53.0
LOFEXIDINE HYDROCHLORIDE,C:\Users\patel\Desktop\group_project\cardiotox-fusion\data\processed\graphs\LOFEXIDINE_HYDROCHLORIDE.pt,1,CC(Oc1c(Cl)cccc1Cl)C1=NCCN1,built,16.0,17.0
naldemedine tosylate,C:\Users\patel\Desktop\group_project\cardiotox-fusion\data\processed\graphs\naldemedine_tosylate.pt,0,CC(C)(NC(=O)C1=C(O)[C@@H]2Oc3c(O)ccc4c3[C@@]23CCN(CC2CC2)[C@H](C4)[C@]3(O)C1)c1nc(-c2ccccc2)no1,built,42.0,49.0
APREMILAST,C:\Users\patel\Desktop\group_project\cardiotox-fusion\data\processed\graphs\APREMILAST.pt,0,CCOc1cc([C@@H](CS(C)(=O)=O)N2C(=O)c3cccc(NC(C)=O)c3C2=O)ccc1OC,built,32.0,34.0
SAQUINAVIR MESYLATE,C:\Users\patel\Desktop\group_project\cardiotox-fusion\data\processed\graphs\SAQUINAVIR_MESYLATE.pt,1,CC(C)(C)NC(=O)[C@@H]1C[C@@H]2CCCC[C@@H]2CN1C[C@@H](O)[C@H](Cc1ccccc1)NC(=O)[C@H](CC(N)=O)NC(=O)c1ccc2ccccc2n1,built,49.0,53.0
FEDRATINIB HYDROCHLORIDE,C:\Users\patel\Desktop\group_project\cardiotox-fusion\data\processed\graphs\FEDRATINIB_HYDROCHLORIDE.pt,1,Cc1cnc(Nc2ccc(OCCN3CCCC3)cc2)nc1Nc1cccc(S(=O)(=O)NC(C)(C)C)c1,built,37.0,40.0
ENASIDENIB MESYLATE,C:\Users\patel\Desktop\group_project\cardiotox-fusion\data\processed\graphs\ENASIDENIB_MESYLATE.pt,1,CC(C)(O)CNc1nc(Nc2ccnc(C(F)(F)F)c2)nc(-c2cccc(C(F)(F)F)n2)n1,built,33.0,35.0
VILAZODONE HYDROCHLORIDE,C:\Users\patel\Desktop\group_project\cardiotox-fusion\data\processed\graphs\VILAZODONE_HYDROCHLORIDE.pt,1,N#Cc1ccc2[nH]cc(CCCCN3CCN(c4ccc5oc(C(N)=O)cc5c4)CC3)c2c1,built,33.0,37.0
adefovir dipivoxil,C:\Users\patel\Desktop\group_project\cardiotox-fusion\data\processed\graphs\adefovir_dipivoxil.pt,0,CC(C)(C)C(=O)OCOP(=O)(COCCn1cnc2c(N)ncnc21)OCOC(=O)C(C)(C)C,built,34.0,35.0
DOLASETRON MESYLATE,C:\Users\patel\Desktop\group_project\cardiotox-fusion\data\processed\graphs\DOLASETRON_MESYLATE.pt,1,O=C(O[C@@H]1C[C@@H]2C[C@H]3C[C@H](C1)N2CC3=O)c1c[nH]c2ccccc12,built,24.0,28.0
CAPMATINIB,C:\Users\patel\Desktop\group_project\cardiotox-fusion\data\processed\graphs\CAPMATINIB.pt,0,CNC(=O)c1ccc(-c2cnc3ncc(Cc4ccc5ncccc5c4)n3n2)cc1F,built,31.0,35.0
SITAGLIPTIN PHOSPHATE,C:\Users\patel\Desktop\group_project\cardiotox-fusion\data\processed\graphs\SITAGLIPTIN_PHOSPHATE.pt,1,N[C@@H](CC(=O)N1CCn2c(nnc2C(F)(F)F)C1)Cc1cc(F)c(F)cc1F,built,28.0,30.0
IVABRADINE HYDROCHLORIDE,C:\Users\patel\Desktop\group_project\cardiotox-fusion\data\processed\graphs\IVABRADINE_HYDROCHLORIDE.pt,1,COc1cc2c(cc1OC)CC(=O)N(CCCN(C)C[C@H]1Cc3cc(OC)c(OC)cc31)CC2,built,34.0,37.0
FOSTAMATINIB,C:\Users\patel\Desktop\group_project\cardiotox-fusion\data\processed\graphs\FOSTAMATINIB.pt,1,COc1cc(Nc2ncc(F)c(Nc3ccc4c(n3)N(COP(=O)(O)O)C(=O)C(C)(C)O4)n2)cc(OC)c1OC,built,40.0,43.0
NITAZOXANIDE,C:\Users\patel\Desktop\group_project\cardiotox-fusion\data\processed\graphs\NITAZOXANIDE.pt,0,CC(=O)Oc1ccccc1C(=O)Nc1ncc([N+](=O)[O-])s1,built,21.0,22.0
LISDEXAMFETAMINE DIMESYLATE,C:\Users\patel\Desktop\group_project\cardiotox-fusion\data\processed\graphs\LISDEXAMFETAMINE_DIMESYLATE.pt,1,C[C@@H](Cc1ccccc1)NC(=O)[C@@H](N)CCCCN,built,19.0,19.0
TASIMELTEON,C:\Users\patel\Desktop\group_project\cardiotox-fusion\data\processed\graphs\TASIMELTEON.pt,0,CCC(=O)NC[C@@H]1C[C@H]1c1cccc2c1CCO2,built,18.0,20.0
DABIGATRAN ETEXILATE MESYLATE,C:\Users\patel\Desktop\group_project\cardiotox-fusion\data\processed\graphs\DABIGATRAN_ETEXILATE_MESYLATE.pt,1,CCCCCCOC(=O)NC(=N)c1ccc(NCc2nc3cc(C(=O)N(CCC(=O)OCC)c4ccccn4)ccc3n2C)cc1,built,46.0,49.0
TECOVIRIMAT MONOHYDRATE,C:\Users\patel\Desktop\group_project\cardiotox-fusion\data\processed\graphs\TECOVIRIMAT_MONOHYDRATE.pt,0,O=C(NN1C(=O)[C@@H]2[C@@H]3C=C[C@@H]([C@H]4C[C@@H]34)[C@@H]2C1=O)c1ccc(C(F)(F)F)cc1,built,27.0,31.0
GEFITINIB,C:\Users\patel\Desktop\group_project\cardiotox-fusion\data\processed\graphs\GEFITINIB.pt,0,COc1cc2ncnc(Nc3ccc(F)c(Cl)c3)c2cc1OCCCN1CCOCC1,built,31.0,34.0
Octreotide,C:\Users\patel\Desktop\group_project\cardiotox-fusion\data\processed\graphs\Octreotide.pt,1,C[C@@H](O)[C@@H]1NC(=O)[C@H](CCCCN)NC(=O)[C@@H](Cc2c[nH]c3ccccc23)NC(=O)[C@H](Cc2ccccc2)NC(=O)[C@@H](NC(=O)[C@H](N)Cc2ccccc2)CSSC[C@@H](C(=O)N[C@H](CO)[C@@H](C)O)NC1=O,built,71.0,75.0
Amifampridine,C:\Users\patel\Desktop\group_project\cardiotox-fusion\data\processed\graphs\Amifampridine.pt,0,Nc1ccncc1N,built,8.0,8.0
RIOCIGUAT,C:\Users\patel\Desktop\group_project\cardiotox-fusion\data\processed\graphs\RIOCIGUAT.pt,1,COC(=O)N(C)c1c(N)nc(-c2nn(Cc3ccccc3F)c3ncccc23)nc1N,built,31.0,34.0
SIPONIMOD,C:\Users\patel\Desktop\group_project\cardiotox-fusion\data\processed\graphs\SIPONIMOD.pt,1,CCc1cc(/C(C)=N/OCc2ccc(C3CCCCC3)c(C(F)(F)F)c2)ccc1CN1CC(C(=O)O)C1,built,37.0,40.0
MILNACIPRAN HYDROCHLORIDE; milnacipran hydrochloride,C:\Users\patel\Desktop\group_project\cardiotox-fusion\data\processed\graphs\MILNACIPRAN_HYDROCHLORIDE__milnacipran_hydrochloride.pt,1,CCN(CC)C(=O)C1(c2ccccc2)CC1CN,built,18.0,19.0
SAPROPTERIN DIHYDROCHLORIDE,C:\Users\patel\Desktop\group_project\cardiotox-fusion\data\processed\graphs\SAPROPTERIN_DIHYDROCHLORIDE.pt,1,C[C@H](O)[C@H](O)[C@H]1CNc2[nH]c(N)nc(=O)c2N1,built,17.0,18.0
LORCASERIN HYDROCHLORIDE HEMIHYDRATE,C:\Users\patel\Desktop\group_project\cardiotox-fusion\data\processed\graphs\LORCASERIN_HYDROCHLORIDE_HEMIHYDRATE.pt,1,C[C@H]1CNCCc2ccc(Cl)cc21,built,13.0,14.0
dasatinib,C:\Users\patel\Desktop\group_project\cardiotox-fusion\data\processed\graphs\dasatinib.pt,1,Cc1nc(Nc2ncc(C(=O)Nc3c(C)cccc3Cl)s2)cc(N2CCN(CCO)CC2)n1,built,33.0,36.0
SECNIDAZOLE,C:\Users\patel\Desktop\group_project\cardiotox-fusion\data\processed\graphs\SECNIDAZOLE.pt,0,Cc1ncc([N+](=O)[O-])n1CC(C)O,built,13.0,13.0
Aspirin,C:\Users\patel\Desktop\group_project\cardiotox-fusion\data\processed\graphs\Aspirin.pt,0,CC(=O)Oc1ccccc1C(=O)O,built,13.0,13.0
Stiripentol,C:\Users\patel\Desktop\group_project\cardiotox-fusion\data\processed\graphs\Stiripentol.pt,0,CC(C)(C)C(O)/C=C/c1ccc2c(c1)OCO2,built,17.0,18.0
TETRAFERRIC TRICITRATE DECAHYDRATE,C:\Users\patel\Desktop\group_project\cardiotox-fusion\data\processed\graphs\TETRAFERRIC_TRICITRATE_DECAHYDRATE.pt,0,O=C(O)CC(O)(CC(=O)O)C(=O)O,built,13.0,12.0
LEVOTHYROXINE,C:\Users\patel\Desktop\group_project\cardiotox-fusion\data\processed\graphs\LEVOTHYROXINE.pt,1,N[C@@H](Cc1cc(I)c(Oc2cc(I)c(O)c(I)c2)c(I)c1)C(=O)O,built,24.0,25.0
ivosidenib,C:\Users\patel\Desktop\group_project\cardiotox-fusion\data\processed\graphs\ivosidenib.pt,1,N#Cc1ccnc(N2C(=O)CC[C@H]2C(=O)N(c2cncc(F)c2)[C@H](C(=O)NC2CC(F)(F)C2)c2ccccc2Cl)c1,built,41.0,45.0
MARIBAVIR,C:\Users\patel\Desktop\group_project\cardiotox-fusion\data\processed\graphs\MARIBAVIR.pt,0,CC(C)Nc1nc2cc(Cl)c(Cl)cc2n1[C@H]1O[C@@H](CO)[C@H](O)[C@@H]1O,built,24.0,26.0
ALECTINIB HYDROCHLORIDE,C:\Users\patel\Desktop\group_project\cardiotox-fusion\data\processed\graphs\ALECTINIB_HYDROCHLORIDE.pt,1,CCc1cc2c(cc1N1CCC(N3CCOCC3)CC1)C(C)(C)c1[nH]c3cc(C#N)ccc3c1C2=O,built,36.0,41.0
CENOBAMATE,C:\Users\patel\Desktop\group_project\cardiotox-fusion\data\processed\graphs\CENOBAMATE.pt,1,NC(=O)O[C@@H](Cn1ncnn1)c1ccccc1Cl,built,18.0,19.0
CEVIMELINE HYDROCHLORIDE,C:\Users\patel\Desktop\group_project\cardiotox-fusion\data\processed\graphs\CEVIMELINE_HYDROCHLORIDE.pt,1,CC1OC2(CS1)CN1CCC2CC1,built,13.0,15.0
RELUGOLIX,C:\Users\patel\Desktop\group_project\cardiotox-fusion\data\processed\graphs\RELUGOLIX.pt,1,CONC(=O)Nc1ccc(-c2sc3c(c2CN(C)C)c(=O)n(-c2ccc(OC)nn2)c(=O)n3Cc2c(F)cccc2F)cc1,built,44.0,48.0
CALCIFEDIOL,C:\Users\patel\Desktop\group_project\cardiotox-fusion\data\processed\graphs\CALCIFEDIOL.pt,1,C=C1CC[C@H](O)C/C1=C/C=C1\CCC[C@]2(C)[C@@H]([C@H](C)CCCC(C)(C)O)CC[C@@H]12,built,29.0,31.0
DEUTETRABENAZINE,C:\Users\patel\Desktop\group_project\cardiotox-fusion\data\processed\graphs\DEUTETRABENAZINE.pt,1,[2H]C([2H])([2H])Oc1cc2c(cc1OC([2H])([2H])[2H])C1CC(=O)C(CC(C)C)CN1CC2,built,29.0,31.0
Bedaquiline Fumarate,C:\Users\patel\Desktop\group_project\cardiotox-fusion\data\processed\graphs\Bedaquiline_Fumarate.pt,1,COc1nc2ccc(Br)cc2cc1[C@@H](c1ccccc1)[C@@](O)(CCN(C)C)c1cccc2ccccc12,built,37.0,41.0
LORLATINIB,C:\Users\patel\Desktop\group_project\cardiotox-fusion\data\processed\graphs\LORLATINIB.pt,1,C[C@H]1Oc2cc(cnc2N)-c2c(nn(C)c2C#N)CN(C)C(=O)c2ccc(F)cc21,built,30.0,33.0
VILOXAZINE HYDROCHLORIDE,C:\Users\patel\Desktop\group_project\cardiotox-fusion\data\processed\graphs\VILOXAZINE_HYDROCHLORIDE.pt,1,CCOc1ccccc1OCC1CNCCO1,built,17.0,18.0
ETHIONAMIDE,C:\Users\patel\Desktop\group_project\cardiotox-fusion\data\processed\graphs\ETHIONAMIDE.pt,0,CCc1cc(C(N)=S)ccn1,built,11.0,11.0
AVACOPAN,C:\Users\patel\Desktop\group_project\cardiotox-fusion\data\processed\graphs\AVACOPAN.pt,1,Cc1ccc(NC(=O)[C@H]2CCCN(C(=O)c3c(C)cccc3F)[C@H]2c2ccc(NC3CCCC3)cc2)cc1C(F)(F)F,built,42.0,46.0
TOFACITINIB CITRATE,C:\Users\patel\Desktop\group_project\cardiotox-fusion\data\processed\graphs\TOFACITINIB_CITRATE.pt,1,C[C@@H]1CCN(C(=O)CC#N)C[C@@H]1N(C)c1ncnc2[nH]ccc12,built,23.0,25.0
MOXIDECTIN,C:\Users\patel\Desktop\group_project\cardiotox-fusion\data\processed\graphs\MOXIDECTIN.pt,1,CO/N=C1\C[C@]2(C[C@@H]3C[C@@H](C/C=C(\C)C[C@@H](C)/C=C/C=C4\CO[C@@H]5[C@H](O)C(C)=C[C@@H](C(=O)O3)[C@]45O)O2)O[C@H](/C(C)=C/C(C)C)[C@H]1C,built,46.0,50.0
DESVENLAFAXINE,C:\Users\patel\Desktop\group_project\cardiotox-fusion\data\processed\graphs\DESVENLAFAXINE.pt,1,CN(C)CC(c1ccc(O)cc1)C1(O)CCCCC1,built,19.0,20.0
pimavanserin tartrate,C:\Users\patel\Desktop\group_project\cardiotox-fusion\data\processed\graphs\pimavanserin_tartrate.pt,1,CC(C)COc1ccc(CNC(=O)N(Cc2ccc(F)cc2)C2CCN(C)CC2)cc1,built,31.0,33.0
Venetoclax,C:\Users\patel\Desktop\group_project\cardiotox-fusion\data\processed\graphs\Venetoclax.pt,0,CC1(C)CCC(CN2CCN(c3ccc(C(=O)NS(=O)(=O)c4ccc(NCC5CCOCC5)c([N+](=O)[O-])c4)c(Oc4cnc5[nH]ccc5c4)c3)CC2)=C(c2ccc(Cl)cc2)C1,built,61.0,68.0
DROSPIRENONE,C:\Users\patel\Desktop\group_project\cardiotox-fusion\data\processed\graphs\DROSPIRENONE.pt,0,C[C@]12CCC(=O)C=C1[C@@H]1C[C@@H]1[C@H]1[C@@H]3[C@@H]4C[C@@H]4[C@@]4(CCC(=O)O4)[C@@]3(C)CC[C@@H]12,built,27.0,33.0
MIRABEGRON,C:\Users\patel\Desktop\group_project\cardiotox-fusion\data\processed\graphs\MIRABEGRON.pt,1,Nc1nc(CC(=O)Nc2ccc(CCNC[C@H](O)c3ccccc3)cc2)cs1,built,28.0,30.0
ERTUGLIFLOZIN PIDOLATE,C:\Users\patel\Desktop\group_project\cardiotox-fusion\data\processed\graphs\ERTUGLIFLOZIN_PIDOLATE.pt,0,CCOc1ccc(Cc2cc([C@]34OC[C@](CO)(O3)[C@@H](O)[C@H](O)[C@H]4O)ccc2Cl)cc1,built,30.0,33.0
galantamine hydrobromide,C:\Users\patel\Desktop\group_project\cardiotox-fusion\data\processed\graphs\galantamine_hydrobromide.pt,1,COc1ccc2c3c1O[C@H]1C[C@@H](O)C=C[C@@]31CCN(C)C2,built,21.0,24.0
OXAPROZIN,C:\Users\patel\Desktop\group_project\cardiotox-fusion\data\processed\graphs\OXAPROZIN.pt,1,O=C(O)CCc1nc(-c2ccccc2)c(-c2ccccc2)o1,built,22.0,24.0
REGORAFENIB MONOHYDRATE,C:\Users\patel\Desktop\group_project\cardiotox-fusion\data\processed\graphs\REGORAFENIB_MONOHYDRATE.pt,1,CNC(=O)c1cc(Oc2ccc(NC(=O)Nc3ccc(Cl)c(C(F)(F)F)c3)c(F)c2)ccn1,built,33.0,35.0
PAROXETINE MESYLATE,C:\Users\patel\Desktop\group_project\cardiotox-fusion\data\processed\graphs\PAROXETINE_MESYLATE.pt,1,Fc1ccc([C@@H]2CCNC[C@H]2COc2ccc3c(c2)OCO3)cc1,built,24.0,27.0
vibegron,C:\Users\patel\Desktop\group_project\cardiotox-fusion\data\processed\graphs\vibegron.pt,0,O=C(Nc1ccc(C[C@@H]2CC[C@H]([C@H](O)c3ccccc3)N2)cc1)[C@@H]1CCc2nccc(=O)n21,built,33.0,37.0
PITAVASTATIN,C:\Users\patel\Desktop\group_project\cardiotox-fusion\data\processed\graphs\PITAVASTATIN.pt,0,O=C(O)C[C@H](O)C[C@H](O)/C=C/c1c(C2CC2)nc2ccccc2c1-c1ccc(F)cc1,built,31.0,34.0
IBREXAFUNGERP CITRATE,C:\Users\patel\Desktop\group_project\cardiotox-fusion\data\processed\graphs\IBREXAFUNGERP_CITRATE.pt,0,CC(C)[C@@H](C)[C@@]1(C)CC[C@]2(C)[C@H]3CC[C@@H]4[C@@]5(COC[C@@]4(C)[C@@H](OC[C@](C)(N)C(C)(C)C)[C@H](n4ncnc4-c4ccncc4)C5)C3=CC[C@@]2(C)[C@@H]1C(=O)O,built,53.0,59.0
METHENAMINE HIPPURATE,C:\Users\patel\Desktop\group_project\cardiotox-fusion\data\processed\graphs\METHENAMINE_HIPPURATE.pt,0,O=C(O)CNC(=O)c1ccccc1,built,13.0,13.0
COBICISTAT,C:\Users\patel\Desktop\group_project\cardiotox-fusion\data\processed\graphs\COBICISTAT.pt,0,CC(C)c1nc(CN(C)C(=O)N[C@@H](CCN2CCOCC2)C(=O)N[C@H](CC[C@H](Cc2ccccc2)NC(=O)OCc2cncs2)Cc2ccccc2)cs1,built,54.0,58.0
VERICIGUAT,C:\Users\patel\Desktop\group_project\cardiotox-fusion\data\processed\graphs\VERICIGUAT.pt,1,COC(=O)Nc1c(N)nc(-c2nn(Cc3ccccc3F)c3ncc(F)cc23)nc1N,built,31.0,34.0
ENTRECTINIB,C:\Users\patel\Desktop\group_project\cardiotox-fusion\data\processed\graphs\ENTRECTINIB.pt,1,CN1CCN(c2ccc(C(=O)Nc3n[nH]c4ccc(Cc5cc(F)cc(F)c5)cc34)c(NC3CCOCC3)c2)CC1,built,41.0,46.0
RIFAXIMIN,C:\Users\patel\Desktop\group_project\cardiotox-fusion\data\processed\graphs\RIFAXIMIN.pt,0,CO[C@H]1/C=C/O[C@@]2(C)Oc3c(C)c(O)c4c(O)c(c5c(nc6cc(C)ccn65)c4c3C2=O)NC(=O)/C(C)=C\C=C\[C@H](C)[C@H](O)[C@@H](C)[C@@H](O)[C@@H](C)[C@H](OC(C)=O)[C@@H]1C,built,57.0,62.0
LACTITOL,C:\Users\patel\Desktop\group_project\cardiotox-fusion\data\processed\graphs\LACTITOL.pt,1,OC[C@@H](O)[C@@H](O[C@@H]1O[C@H](CO)[C@H](O)[C@H](O)[C@H]1O)[C@H](O)[C@@H](O)CO,built,23.0,23.0
ROSIGLITAZONE MALEATE,C:\Users\patel\Desktop\group_project\cardiotox-fusion\data\processed\graphs\ROSIGLITAZONE_MALEATE.pt,1,CN(CCOc1ccc(CC2SC(=O)NC2=O)cc1)c1ccccn1,built,25.0,27.0
DEFLAZACORT,C:\Users\patel\Desktop\group_project\cardiotox-fusion\data\processed\graphs\DEFLAZACORT.pt,1,CC(=O)OCC(=O)[C@@]12N=C(C)O[C@@H]1C[C@H]1[C@@H]3CCC4=CC(=O)C=C[C@]4(C)[C@H]3[C@@H](O)C[C@@]12C,built,32.0,36.0
telithromycin,C:\Users\patel\Desktop\group_project\cardiotox-fusion\data\processed\graphs\telithromycin.pt,1,CC[C@H]1OC(=O)[C@H](C)C(=O)[C@H](C)[C@@H](O[C@@H]2O[C@H](C)C[C@H](N(C)C)[C@H]2O)[C@](C)(OC)C[C@@H](C)C(=O)[C@H](C)[C@H]2N(CCCCn3cnc(-c4cccnc4)c3)C(=O)O[C@]12C,built,58.0,62.0
GLASDEGIB,C:\Users\patel\Desktop\group_project\cardiotox-fusion\data\processed\graphs\GLASDEGIB.pt,1,CN1CC[C@@H](NC(=O)Nc2ccc(C#N)cc2)C[C@@H]1c1nc2ccccc2[nH]1,built,28.0,31.0
NITISINONE,C:\Users\patel\Desktop\group_project\cardiotox-fusion\data\processed\graphs\NITISINONE.pt,0,O=C1CCCC(=O)C1C(=O)c1ccc(C(F)(F)F)cc1[N+](=O)[O-],built,23.0,24.0
CERITINIB,C:\Users\patel\Desktop\group_project\cardiotox-fusion\data\processed\graphs\CERITINIB.pt,1,Cc1cc(Nc2ncc(Cl)c(Nc3ccccc3S(=O)(=O)C(C)C)n2)c(OC(C)C)cc1C1CCNCC1,built,38.0,41.0
diroximel fumarate,C:\Users\patel\Desktop\group_project\cardiotox-fusion\data\processed\graphs\diroximel_fumarate.pt,0,COC(=O)/C=C/C(=O)OCCN1C(=O)CCC1=O,built,18.0,18.0
Dronedarone,C:\Users\patel\Desktop\group_project\cardiotox-fusion\data\processed\graphs\Dronedarone.pt,1,CCCCc1oc2ccc(NS(C)(=O)=O)cc2c1C(=O)c1ccc(OCCCN(CCCC)CCCC)cc1,built,39.0,41.0
QUAZEPAM,C:\Users\patel\Desktop\group_project\cardiotox-fusion\data\processed\graphs\QUAZEPAM.pt,0,Fc1ccccc1C1=NCC(=S)N(CC(F)(F)F)c2ccc(Cl)cc21,built,25.0,27.0
DROXIDOPA,C:\Users\patel\Desktop\group_project\cardiotox-fusion\data\processed\graphs\DROXIDOPA.pt,1,N[C@H](C(=O)O)[C@H](O)c1ccc(O)c(O)c1,built,15.0,15.0
IBANDRONATE SODIUM,C:\Users\patel\Desktop\group_project\cardiotox-fusion\data\processed\graphs\IBANDRONATE_SODIUM.pt,1,CCCCCN(C)CCC(O)(P(=O)([O-])O)P(=O)(O)O,built,19.0,18.0
pitavastatin calcium,C:\Users\patel\Desktop\group_project\cardiotox-fusion\data\processed\graphs\pitavastatin_calcium.pt,0,O=C([O-])C[C@H](O)C[C@H](O)/C=C/c1c(C2CC2)nc2ccccc2c1-c1ccc(F)cc1,built,31.0,34.0
baricitinib,C:\Users\patel\Desktop\group_project\cardiotox-fusion\data\processed\graphs\baricitinib.pt,1,CCS(=O)(=O)N1CC(CC#N)(n2cc(-c3ncnc4[nH]ccc34)cn2)C1,built,26.0,29.0
LONAFARNIB,C:\Users\patel\Desktop\group_project\cardiotox-fusion\data\processed\graphs\LONAFARNIB.pt,1,NC(=O)N1CCC(CC(=O)N2CCC([C@H]3c4ncc(Br)cc4CCc4cc(Cl)cc(Br)c43)CC2)CC1,built,36.0,40.0
VORAPAXAR SULFATE,C:\Users\patel\Desktop\group_project\cardiotox-fusion\data\processed\graphs\VORAPAXAR_SULFATE.pt,0,CCOC(=O)N[C@@H]1CC[C@@H]2[C@@H](C1)C[C@H]1C(=O)O[C@H](C)[C@H]1[C@H]2/C=C/c1ccc(-c2cccc(F)c2)cn1,built,36.0,40.0
MIDOSTAURIN,C:\Users\patel\Desktop\group_project\cardiotox-fusion\data\processed\graphs\MIDOSTAURIN.pt,1,CO[C@@H]1[C@H](N(C)C(=O)c2ccccc2)C[C@H]2O[C@]1(C)n1c3ccccc3c3c4c(c5c6ccccc6n2c5c31)C(=O)NC4,built,43.0,51.0
ACALABRUTINIB,C:\Users\patel\Desktop\group_project\cardiotox-fusion\data\processed\graphs\ACALABRUTINIB.pt,1,CC#CC(=O)N1CCC[C@H]1c1nc(-c2ccc(C(=O)Nc3ccccn3)cc2)c2c(N)nccn12,built,35.0,39.0
CITALOPRAM HYDROBROMIDE,C:\Users\patel\Desktop\group_project\cardiotox-fusion\data\processed\graphs\CITALOPRAM_HYDROBROMIDE.pt,1,CN(C)CCCC1(c2ccc(F)cc2)OCc2cc(C#N)ccc21,built,24.0,26.0
brigatinib,C:\Users\patel\Desktop\group_project\cardiotox-fusion\data\processed\graphs\brigatinib.pt,1,COc1cc(N2CCC(N3CCN(C)CC3)CC2)ccc1Nc1ncc(Cl)c(Nc2ccccc2P(C)(C)=O)n1,built,40.0,44.0
PANOBINOSTAT LACTATE,C:\Users\patel\Desktop\group_project\cardiotox-fusion\data\processed\graphs\PANOBINOSTAT_LACTATE.pt,1,Cc1[nH]c2ccccc2c1CCNCc1ccc(/C=C/C(=O)NO)cc1,built,26.0,28.0
niraparib,C:\Users\patel\Desktop\group_project\cardiotox-fusion\data\processed\graphs\niraparib.pt,1,NC(=O)c1cccc2cn(-c3ccc([C@@H]4CCCNC4)cc3)nc12,built,24.0,27.0
empagliflozin,C:\Users\patel\Desktop\group_project\cardiotox-fusion\data\processed\graphs\empagliflozin.pt,0,OC[C@H]1O[C@@H](c2ccc(Cl)c(Cc3ccc(O[C@H]4CCOC4)cc3)c2)[C@H](O)[C@@H](O)[C@@H]1O,built,31.0,34.0
TICAGRELOR,C:\Users\patel\Desktop\group_project\cardiotox-fusion\data\processed\graphs\TICAGRELOR.pt,1,CCCSc1nc(N[C@@H]2C[C@H]2c2ccc(F)c(F)c2)c2nnn([C@@H]3C[C@H](OCCO)[C@@H](O)[C@H]3O)c2n1,built,36.0,40.0
AVATROMBOPAG MALEATE,C:\Users\patel\Desktop\group_project\cardiotox-fusion\data\processed\graphs\AVATROMBOPAG_MALEATE.pt,0,O=C(Nc1nc(-c2cc(Cl)cs2)c(N2CCN(C3CCCCC3)CC2)s1)c1cnc(N2CCC(C(=O)O)CC2)c(Cl)c1,built,42.0,47.0
PALBOCICLIB,C:\Users\patel\Desktop\group_project\cardiotox-fusion\data\processed\graphs\PALBOCICLIB.pt,0,CC(=O)c1c(C)c2cnc(Nc3ccc(N4CCNCC4)cn3)nc2n(C2CCCC2)c1=O,built,33.0,37.0
FINGOLIMOD HYDROCHLORIDE,C:\Users\patel\Desktop\group_project\cardiotox-fusion\data\processed\graphs\FINGOLIMOD_HYDROCHLORIDE.pt,1,CCCCCCCCc1ccc(CCC(N)(CO)CO)cc1,built,22.0,22.0
LAPATINIB DITOSYLATE,C:\Users\patel\Desktop\group_project\cardiotox-fusion\data\processed\graphs\LAPATINIB_DITOSYLATE.pt,1,CS(=O)(=O)CCNCc1ccc(-c2ccc3ncnc(Nc4ccc(OCc5cccc(F)c5)c(Cl)c4)c3c2)o1,built,40.0,44.0
CHOLIC ACID,C:\Users\patel\Desktop\group_project\cardiotox-fusion\data\processed\graphs\CHOLIC_ACID.pt,0,C[C@H](CCC(=O)O)[C@H]1CC[C@H]2[C@@H]3[C@H](O)C[C@@H]4C[C@H](O)CC[C@]4(C)[C@H]3C[C@H](O)[C@]12C,built,29.0,32.0
AMILORIDE HYDROCHLORIDE,C:\Users\patel\Desktop\group_project\cardiotox-fusion\data\processed\graphs\AMILORIDE_HYDROCHLORIDE.pt,1,N=C(N)NC(=O)c1nc(Cl)c(N)nc1N,built,15.0,15.0
TENOFOVIR ALAFENAMIDE FUMARATE,C:\Users\patel\Desktop\group_project\cardiotox-fusion\data\processed\graphs\TENOFOVIR_ALAFENAMIDE_FUMARATE.pt,0,CC(C)OC(=O)[C@H](C)N[P@](=O)(CO[C@H](C)Cn1cnc2c(N)ncnc21)Oc1ccccc1,built,33.0,35.0
umbralisib tosylate,C:\Users\patel\Desktop\group_project\cardiotox-fusion\data\processed\graphs\umbralisib_tosylate.pt,0,CC(C)Oc1ccc(-c2nn([C@@H](C)c3oc4ccc(F)cc4c(=O)c3-c3cccc(F)c3)c3ncnc(N)c23)cc1F,built,42.0,47.0
THIOGUANINE,C:\Users\patel\Desktop\group_project\cardiotox-fusion\data\processed\graphs\THIOGUANINE.pt,0,Nc1nc2[nH]cnc2c(=S)[nH]1,built,11.0,12.0
azithromycin,C:\Users\patel\Desktop\group_project\cardiotox-fusion\data\processed\graphs\azithromycin.pt,1,CC[C@H]1OC(=O)[C@H](C)[C@@H](O[C@H]2C[C@@](C)(OC)[C@@H](O)[C@H](C)O2)[C@H](C)[C@@H](O[C@@H]2O[C@H](C)C[C@H](N(C)C)[C@H]2O)[C@](C)(O)C[C@@H](C)CN(C)[C@H](C)[C@@H](O)[C@]1(C)O,built,52.0,54.0
CARIPRAZINE,C:\Users\patel\Desktop\group_project\cardiotox-fusion\data\processed\graphs\CARIPRAZINE.pt,1,CN(C)C(=O)N[C@H]1CC[C@H](CCN2CCN(c3cccc(Cl)c3Cl)CC2)CC1,built,28.0,30.0
NILOTINIB,C:\Users\patel\Desktop\group_project\cardiotox-fusion\data\processed\graphs\NILOTINIB.pt,1,Cc1cn(-c2cc(NC(=O)c3ccc(C)c(Nc4nccc(-c5cccnc5)n4)c3)cc(C(F)(F)F)c2)cn1,built,39.0,43.0
LENALIDOMIDE,C:\Users\patel\Desktop\group_project\cardiotox-fusion\data\processed\graphs\LENALIDOMIDE.pt,1,Nc1cccc2c1CN(C1CCC(=O)NC1=O)C2=O,built,19.0,21.0
FESOTERODINE FUMARATE,C:\Users\patel\Desktop\group_project\cardiotox-fusion\data\processed\graphs\FESOTERODINE_FUMARATE.pt,1,CC(C)C(=O)Oc1ccc(CO)cc1[C@H](CCN(C(C)C)C(C)C)c1ccccc1,built,30.0,31.0
LENVATINIB,C:\Users\patel\Desktop\group_project\cardiotox-fusion\data\processed\graphs\LENVATINIB.pt,1,COc1cc2nccc(Oc3ccc(NC(=O)NC4CC4)c(Cl)c3)c2cc1C(N)=O,built,30.0,33.0
MERCAPTOPURINE,C:\Users\patel\Desktop\group_project\cardiotox-fusion\data\processed\graphs\MERCAPTOPURINE.pt,0,S=c1[nH]cnc2nc[nH]c12,built,10.0,11.0
BUPROPION HYDROBROMIDE,C:\Users\patel\Desktop\group_project\cardiotox-fusion\data\processed\graphs\BUPROPION_HYDROBROMIDE.pt,1,CC(NC(C)(C)C)C(=O)c1cccc(Cl)c1,built,16.0,16.0
SUCCIMER,C:\Users\patel\Desktop\group_project\cardiotox-fusion\data\processed\graphs\SUCCIMER.pt,1,O=C(O)[C@@H](S)[C@@H](S)C(=O)O,built,10.0,9.0
Rifamycin,C:\Users\patel\Desktop\group_project\cardiotox-fusion\data\processed\graphs\Rifamycin.pt,0,CO[C@H]1/C=C/O[C@@]2(C)Oc3c(C)c(O)c4c(O)c(cc(O)c4c3C2=O)NC(=O)/C(C)=C\C=C\[C@H](C)[C@H](O)[C@@H](C)[C@@H](O)[C@@H](C)[C@H](OC(C)=O)[C@@H]1C,built,50.0,53.0
cabozantinib s-malate,C:\Users\patel\Desktop\group_project\cardiotox-fusion\data\processed\graphs\cabozantinib_s-malate.pt,1,COc1cc2nccc(Oc3ccc(NC(=O)C4(C(=O)Nc5ccc(F)cc5)CC4)cc3)c2cc1OC,built,37.0,41.0
AVANAFIL,C:\Users\patel\Desktop\group_project\cardiotox-fusion\data\processed\graphs\AVANAFIL.pt,1,COc1ccc(CNc2nc(N3CCC[C@H]3CO)ncc2C(=O)NCc2ncccn2)cc1Cl,built,34.0,37.0
eliglustat,C:\Users\patel\Desktop\group_project\cardiotox-fusion\data\processed\graphs\eliglustat.pt,1,CCCCCCCC(=O)N[C@H](CN1CCCC1)[C@H](O)c1ccc2c(c1)OCCO2,built,29.0,31.0
TAFENOQUINE SUCCINATE,C:\Users\patel\Desktop\group_project\cardiotox-fusion\data\processed\graphs\TAFENOQUINE_SUCCINATE.pt,0,COc1cc(C)c2c(Oc3cccc(C(F)(F)F)c3)c(OC)cc(NC(C)CCCN)c2n1,built,33.0,35.0
FINERENONE,C:\Users\patel\Desktop\group_project\cardiotox-fusion\data\processed\graphs\FINERENONE.pt,0,CCOc1ncc(C)c2c1[C@H](c1ccc(C#N)cc1OC)C(C(N)=O)=C(C)N2,built,28.0,30.0
PIRFENIDONE,C:\Users\patel\Desktop\group_project\cardiotox-fusion\data\processed\graphs\PIRFENIDONE.pt,0,Cc1ccc(=O)n(-c2ccccc2)c1,built,14.0,15.0
POMALIDOMIDE,C:\Users\patel\Desktop\group_project\cardiotox-fusion\data\processed\graphs\POMALIDOMIDE.pt,1,Nc1cccc2c1C(=O)N(C1CCC(=O)NC1=O)C2=O,built,20.0,22.0
MIGALASTAT HYDROCHLORIDE,C:\Users\patel\Desktop\group_project\cardiotox-fusion\data\processed\graphs\MIGALASTAT_HYDROCHLORIDE.pt,0,OC[C@H]1NC[C@H](O)[C@@H](O)[C@H]1O,built,11.0,11.0
AMPHETAMINE,C:\Users\patel\Desktop\group_project\cardiotox-fusion\data\processed\graphs\AMPHETAMINE.pt,1,CC(N)Cc1ccccc1,built,10.0,10.0
Tolcapone,C:\Users\patel\Desktop\group_project\cardiotox-fusion\data\processed\graphs\Tolcapone.pt,1,Cc1ccc(C(=O)c2cc(O)c(O)c([N+](=O)[O-])c2)cc1,built,20.0,21.0
selpercatinib,C:\Users\patel\Desktop\group_project\cardiotox-fusion\data\processed\graphs\selpercatinib.pt,1,COc1ccc(CN2C3CC2CN(c2ccc(-c4cc(OCC(C)(C)O)cn5ncc(C#N)c45)cn2)C3)cn1,built,39.0,44.0
OXYCODONE,C:\Users\patel\Desktop\group_project\cardiotox-fusion\data\processed\graphs\OXYCODONE.pt,1,COc1ccc2c3c1O[C@H]1C(=O)CC[C@@]4(O)[C@@H](C2)N(C)CC[C@]314,built,23.0,27.0
AXITINIB,C:\Users\patel\Desktop\group_project\cardiotox-fusion\data\processed\graphs\AXITINIB.pt,1,CNC(=O)c1ccccc1Sc1ccc2c(/C=C/c3ccccn3)n[nH]c2c1,built,28.0,31.0
TIOPRONIN,C:\Users\patel\Desktop\group_project\cardiotox-fusion\data\processed\graphs\TIOPRONIN.pt,1,CC(S)C(=O)NCC(=O)O,built,10.0,9.0
ASCIMINIB HYDROCHLORIDE,C:\Users\patel\Desktop\group_project\cardiotox-fusion\data\processed\graphs\ASCIMINIB_HYDROCHLORIDE.pt,1,O=C(Nc1ccc(OC(F)(F)Cl)cc1)c1cnc(N2CC[C@@H](O)C2)c(-c2cc[nH]n2)c1,built,31.0,34.0
TRAMETINIB DIMETHYL SULFOXIDE,C:\Users\patel\Desktop\group_project\cardiotox-fusion\data\processed\graphs\TRAMETINIB_DIMETHYL_SULFOXIDE.pt,1,CC(=O)Nc1cccc(-n2c(=O)n(C3CC3)c(=O)c3c(Nc4ccc(I)cc4F)n(C)c(=O)c(C)c32)c1,built,37.0,41.0
Fenofibric Acid,C:\Users\patel\Desktop\group_project\cardiotox-fusion\data\processed\graphs\Fenofibric_Acid.pt,0,CC(C)(Oc1ccc(C(=O)c2ccc(Cl)cc2)cc1)C(=O)O,built,22.0,23.0
RIBOCICLIB SUCCINATE,C:\Users\patel\Desktop\group_project\cardiotox-fusion\data\processed\graphs\RIBOCICLIB_SUCCINATE.pt,1,CN(C)C(=O)c1cc2cnc(Nc3ccc(N4CCNCC4)cn3)nc2n1C1CCCC1,built,32.0,36.0
AMANTADINE,C:\Users\patel\Desktop\group_project\cardiotox-fusion\data\processed\graphs\AMANTADINE.pt,1,NC12CC3CC(CC(C3)C1)C2,built,11.0,13.0
DABRAFENIB MESYLATE,C:\Users\patel\Desktop\group_project\cardiotox-fusion\data\processed\graphs\DABRAFENIB_MESYLATE.pt,1,CC(C)(C)c1nc(-c2cccc(NS(=O)(=O)c3c(F)cccc3F)c2F)c(-c2ccnc(N)n2)s1,built,35.0,38.0
OSPEMIFENE,C:\Users\patel\Desktop\group_project\cardiotox-fusion\data\processed\graphs\OSPEMIFENE.pt,1,OCCOc1ccc(/C(=C(/CCCl)c2ccccc2)c2ccccc2)cc1,built,27.0,29.0
DARIFENACIN,C:\Users\patel\Desktop\group_project\cardiotox-fusion\data\processed\graphs\DARIFENACIN.pt,1,NC(=O)C(c1ccccc1)(c1ccccc1)[C@@H]1CCN(CCc2ccc3c(c2)CCO3)C1,built,32.0,36.0
TRIMETHOPRIM,C:\Users\patel\Desktop\group_project\cardiotox-fusion\data\processed\graphs\TRIMETHOPRIM.pt,0,COc1cc(Cc2cnc(N)nc2N)cc(OC)c1OC,built,21.0,22.0
ZANUBRUTINIB,C:\Users\patel\Desktop\group_project\cardiotox-fusion\data\processed\graphs\ZANUBRUTINIB.pt,1,C=CC(=O)N1CCC([C@@H]2CCNc3c(C(N)=O)c(-c4ccc(Oc5ccccc5)cc4)nn32)CC1,built,35.0,39.0
UBROGEPANT,C:\Users\patel\Desktop\group_project\cardiotox-fusion\data\processed\graphs\UBROGEPANT.pt,0,C[C@@H]1[C@H](c2ccccc2)C[C@H](NC(=O)c2cnc3c(c2)C[C@@]2(C3)C(=O)Nc3ncccc32)C(=O)N1CC(F)(F)F,built,40.0,45.0
INFIGRATINIB,C:\Users\patel\Desktop\group_project\cardiotox-fusion\data\processed\graphs\INFIGRATINIB.pt,0,CCN1CCN(c2ccc(Nc3cc(N(C)C(=O)Nc4c(Cl)c(OC)cc(OC)c4Cl)ncn3)cc2)CC1,built,38.0,41.0
SORAFENIB,C:\Users\patel\Desktop\group_project\cardiotox-fusion\data\processed\graphs\SORAFENIB.pt,1,CNC(=O)c1cc(Oc2ccc(NC(=O)Nc3ccc(Cl)c(C(F)(F)F)c3)cc2)ccn1,built,32.0,34.0
Ripretinib,C:\Users\patel\Desktop\group_project\cardiotox-fusion\data\processed\graphs\Ripretinib.pt,1,CCn1c(=O)c(-c2cc(NC(=O)Nc3ccccc3)c(F)cc2Br)cc2cnc(NC)cc21,built,33.0,36.0
TRIMETHOPRIM HYDROCHLORIDE,C:\Users\patel\Desktop\group_project\cardiotox-fusion\data\processed\graphs\TRIMETHOPRIM_HYDROCHLORIDE.pt,0,COc1cc(Cc2cnc(N)nc2N)cc(OC)c1OC,built,21.0,22.0
NERATINIB MALEATE,C:\Users\patel\Desktop\group_project\cardiotox-fusion\data\processed\graphs\NERATINIB_MALEATE.pt,0,CCOc1cc2ncc(C#N)c(Nc3ccc(OCc4ccccn4)c(Cl)c3)c2cc1NC(=O)/C=C/CN(C)C,built,40.0,43.0
rivaroxaban,C:\Users\patel\Desktop\group_project\cardiotox-fusion\data\processed\graphs\rivaroxaban.pt,0,O=C(NC[C@H]1CN(c2ccc(N3CCOCC3=O)cc2)C(=O)O1)c1ccc(Cl)s1,built,29.0,32.0
EVEROLIMUS,C:\Users\patel\Desktop\group_project\cardiotox-fusion\data\processed\graphs\EVEROLIMUS.pt,1,CO[C@H]1C[C@@H]2CC[C@@H](C)[C@@](O)(O2)C(=O)C(=O)N2CCCC[C@H]2C(=O)O[C@H]([C@H](C)C[C@@H]2CC[C@@H](OCCO)[C@H](OC)C2)CC(=O)[C@H](C)/C=C(\C)[C@@H](O)[C@@H](OC)C(=O)[C@H](C)C[C@H](C)/C=C/C=C/C=C/1C,built,68.0,71.0
NEVIRAPINE,C:\Users\patel\Desktop\group_project\cardiotox-fusion\data\processed\graphs\NEVIRAPINE.pt,0,Cc1ccnc2c1NC(=O)c1cccnc1N2C1CC1,built,20.0,23.0
NELFINAVIR MESYLATE,C:\Users\patel\Desktop\group_project\cardiotox-fusion\data\processed\graphs\NELFINAVIR_MESYLATE.pt,1,Cc1c(O)cccc1C(=O)N[C@@H](CSc1ccccc1)[C@H](O)CN1C[C@H]2CCCC[C@H]2C[C@H]1C(=O)NC(C)(C)C,built,40.0,43.0
ponatinib hydrochloride,C:\Users\patel\Desktop\group_project\cardiotox-fusion\data\processed\graphs\ponatinib_hydrochloride.pt,1,Cc1ccc(C(=O)Nc2ccc(CN3CCN(C)CC3)c(C(F)(F)F)c2)cc1C#Cc1cnc2cccnn12,built,39.0,43.0
ORLISTAT,C:\Users\patel\Desktop\group_project\cardiotox-fusion\data\processed\graphs\ORLISTAT.pt,0,CCCCCCCCCCC[C@@H](C[C@@H]1OC(=O)[C@H]1CCCCCC)OC(=O)[C@H](CC(C)C)NC=O,built,35.0,35.0
TOPOTECAN HYDROCHLORIDE,C:\Users\patel\Desktop\group_project\cardiotox-fusion\data\processed\graphs\TOPOTECAN_HYDROCHLORIDE.pt,0,CC[C@@]1(O)C(=O)OCc2c1cc1n(c2=O)Cc2cc3c(CN(C)C)c(O)ccc3nc2-1,built,31.0,35.0
ENZALUTAMIDE,C:\Users\patel\Desktop\group_project\cardiotox-fusion\data\processed\graphs\ENZALUTAMIDE.pt,1,CNC(=O)c1ccc(N2C(=S)N(c3ccc(C#N)c(C(F)(F)F)c3)C(=O)C2(C)C)cc1F,built,32.0,34.0
SOLRIAMFETOL,C:\Users\patel\Desktop\group_project\cardiotox-fusion\data\processed\graphs\SOLRIAMFETOL.pt,1,NC(=O)OC[C@H](N)Cc1ccccc1,built,14.0,14.0
doravirine,C:\Users\patel\Desktop\group_project\cardiotox-fusion\data\processed\graphs\doravirine.pt,0,Cn1c(Cn2ccc(C(F)(F)F)c(Oc3cc(Cl)cc(C#N)c3)c2=O)n[nH]c1=O,built,29.0,31.0
HYDROXYCHLOROQUINE SULFATE,C:\Users\patel\Desktop\group_project\cardiotox-fusion\data\processed\graphs\HYDROXYCHLOROQUINE_SULFATE.pt,1,CCN(CCO)CCCC(C)Nc1ccnc2cc(Cl)ccc12,built,23.0,24.0
ENCORAFENIB,C:\Users\patel\Desktop\group_project\cardiotox-fusion\data\processed\graphs\ENCORAFENIB.pt,1,COC(=O)N[C@@H](C)CNc1nccc(-c2cn(C(C)C)nc2-c2cc(Cl)cc(NS(C)(=O)=O)c2F)n1,built,36.0,38.0
amifampridine phosphate,C:\Users\patel\Desktop\group_project\cardiotox-fusion\data\processed\graphs\amifampridine_phosphate.pt,1,Nc1ccncc1N,built,8.0,8.0
telotristat ethyl,C:\Users\patel\Desktop\group_project\cardiotox-fusion\data\processed\graphs\telotristat_ethyl.pt,0,CCOC(=O)[C@@H](N)Cc1ccc(-c2cc(O[C@H](c3ccc(Cl)cc3-n3ccc(C)n3)C(F)(F)F)nc(N)n2)cc1,built,40.0,43.0
tivozanib hydrochloride,C:\Users\patel\Desktop\group_project\cardiotox-fusion\data\processed\graphs\tivozanib_hydrochloride.pt,1,COc1cc2nccc(Oc3ccc(NC(=O)Nc4cc(C)on4)c(Cl)c3)c2cc1OC,built,32.0,35.0
Erdafitinib,C:\Users\patel\Desktop\group_project\cardiotox-fusion\data\processed\graphs\Erdafitinib.pt,1,COc1cc(OC)cc(N(CCNC(C)C)c2ccc3ncc(-c4cnn(C)c4)nc3c2)c1,built,33.0,36.0
Berotralstat hydrochloride,C:\Users\patel\Desktop\group_project\cardiotox-fusion\data\processed\graphs\Berotralstat_hydrochloride.pt,1,N#Cc1cccc([C@@H](NCC2CC2)c2ccc(F)c(NC(=O)c3cc(C(F)(F)F)nn3-c3cccc(CN)c3)c2)c1,built,41.0,45.0
DAPAGLIFLOZIN PROPANEDIOL,C:\Users\patel\Desktop\group_project\cardiotox-fusion\data\processed\graphs\DAPAGLIFLOZIN_PROPANEDIOL.pt,0,CCOc1ccc(Cc2cc([C@@H]3O[C@H](CO)[C@@H](O)[C@H](O)[C@H]3O)ccc2Cl)cc1,built,28.0,30.0
MACIMORELIN,C:\Users\patel\Desktop\group_project\cardiotox-fusion\data\processed\graphs\MACIMORELIN.pt,1,CC(C)(N)C(=O)N[C@H](Cc1c[nH]c2ccccc12)C(=O)N[C@H](Cc1c[nH]c2ccccc12)NC=O,built,35.0,38.0
BOSUTINIB MONOHYDRATE,C:\Users\patel\Desktop\group_project\cardiotox-fusion\data\processed\graphs\BOSUTINIB_MONOHYDRATE.pt,1,COc1cc(Nc2c(C#N)cnc3cc(OCCCN4CCN(C)CC4)c(OC)cc23)c(Cl)cc1Cl,built,36.0,39.0
BELUMOSUDIL,C:\Users\patel\Desktop\group_project\cardiotox-fusion\data\processed\graphs\BELUMOSUDIL.pt,1,CC(C)NC(=O)COc1cccc(-c2nc(Nc3ccc4[nH]ncc4c3)c3ccccc3n2)c1,built,34.0,38.0
RUXOLITINIB,C:\Users\patel\Desktop\group_project\cardiotox-fusion\data\processed\graphs\RUXOLITINIB.pt,1,N#CC[C@H](C1CCCC1)n1cc(-c2ncnc3[nH]ccc23)cn1,built,23.0,26.0
mebendazole,C:\Users\patel\Desktop\group_project\cardiotox-fusion\data\processed\graphs\mebendazole.pt,0,COC(=O)Nc1nc2cc(C(=O)c3ccccc3)ccc2[nH]1,built,22.0,24.0
TRANYLCYPROMINE SULFATE,C:\Users\patel\Desktop\group_project\cardiotox-fusion\data\processed\graphs\TRANYLCYPROMINE_SULFATE.pt,1,N[C@@H]1C[C@H]1c1ccccc1,built,10.0,11.0
BELZUTIFAN,C:\Users\patel\Desktop\group_project\cardiotox-fusion\data\processed\graphs\BELZUTIFAN.pt,1,CS(=O)(=O)c1ccc(Oc2cc(F)cc(C#N)c2)c2c1[C@H](O)[C@H](F)[C@@H]2F,built,26.0,28.0
Plecanatide,C:\Users\patel\Desktop\group_project\cardiotox-fusion\data\processed\graphs\Plecanatide.pt,0,CC(C)C[C@H](NC(=O)[C@@H]1CSSC[C@@H]2NC(=O)[C@H](CC(C)C)NC(=O)[C@H](CCC(=O)O)NC(=O)[C@@H](NC(=O)[C@H](CCC(=O)O)NC(=O)[C@H](CC(=O)O)NC(=O)[C@@H](N)CC(N)=O)CSSC[C@H](NC(=O)[C@H](C)NC(=O)[C@H](C(C)C)NC(=O)[C@H](CC(N)=O)NC(=O)[C@H](C(C)C)NC2=O)C(=O)N[C@@H]([C@@H](C)O)C(=O)NCC(=O)N1)C(=O)O,built,113.0,114.0
SODIUM OXYBATE,C:\Users\patel\Desktop\group_project\cardiotox-fusion\data\processed\graphs\SODIUM_OXYBATE.pt,0,O=C([O-])CCCO,built,7.0,6.0
ATOGEPANT,C:\Users\patel\Desktop\group_project\cardiotox-fusion\data\processed\graphs\ATOGEPANT.pt,0,C[C@@H]1[C@H](c2c(F)ccc(F)c2F)C[C@H](NC(=O)c2cnc3c(c2)C[C@@]2(C3)C(=O)Nc3ncccc32)C(=O)N1CC(F)(F)F,built,43.0,48.0
LOMUSTINE,C:\Users\patel\Desktop\group_project\cardiotox-fusion\data\processed\graphs\LOMUSTINE.pt,0,O=NN(CCCl)C(=O)NC1CCCCC1,built,15.0,15.0
UMECLIDINIUM BROMIDE,C:\Users\patel\Desktop\group_project\cardiotox-fusion\data\processed\graphs\UMECLIDINIUM_BROMIDE.pt,1,OC(c1ccccc1)(c1ccccc1)C12CC[N+](CCOCc3ccccc3)(CC1)CC2,built,32.0,36.0
CEFDITOREN PIVOXIL,C:\Users\patel\Desktop\group_project\cardiotox-fusion\data\processed\graphs\CEFDITOREN_PIVOXIL.pt,0,CO/N=C(\C(=O)N[C@@H]1C(=O)N2C(C(=O)OCOC(=O)C(C)(C)C)=C(/C=C\c3scnc3C)CS[C@H]12)c1csc(N)n1,built,41.0,44.0
mitotane,C:\Users\patel\Desktop\group_project\cardiotox-fusion\data\processed\graphs\mitotane.pt,0,Clc1ccc(C(c2ccccc2Cl)C(Cl)Cl)cc1,built,18.0,19.0
CHLOROTHIAZIDE,C:\Users\patel\Desktop\group_project\cardiotox-fusion\data\processed\graphs\CHLOROTHIAZIDE.pt,1,NS(=O)(=O)c1cc2c(cc1Cl)N=CNS2(=O)=O,built,17.0,18.0
INDINAVIR SULFATE,C:\Users\patel\Desktop\group_project\cardiotox-fusion\data\processed\graphs\INDINAVIR_SULFATE.pt,1,CC(C)(C)NC(=O)[C@@H]1CN(Cc2cccnc2)CCN1C[C@@H](O)C[C@@H](Cc1ccccc1)C(=O)N[C@H]1c2ccccc2C[C@H]1O,built,45.0,49.0
RISDIPLAM,C:\Users\patel\Desktop\group_project\cardiotox-fusion\data\processed\graphs\RISDIPLAM.pt,0,Cc1cn2nc(-c3cc(=O)n4cc(N5CCNC6(CC6)C5)ccc4n3)cc(C)c2n1,built,30.0,35.0
lasmiditan,C:\Users\patel\Desktop\group_project\cardiotox-fusion\data\processed\graphs\lasmiditan.pt,1,CN1CCC(C(=O)c2cccc(NC(=O)c3c(F)cc(F)cc3F)n2)CC1,built,27.0,29.0
gabapentin enacarbil,C:\Users\patel\Desktop\group_project\cardiotox-fusion\data\processed\graphs\gabapentin_enacarbil.pt,0,CC(OC(=O)NCC1(CC(=O)O)CCCCC1)OC(=O)C(C)C,built,23.0,23.0
ESTRAMUSTINE PHOSPHATE SODIUM,C:\Users\patel\Desktop\group_project\cardiotox-fusion\data\processed\graphs\ESTRAMUSTINE_PHOSPHATE_SODIUM.pt,1,C[C@]12CC[C@@H]3c4ccc(OC(=O)N(CCCl)CCCl)cc4CC[C@H]3[C@@H]1CC[C@@H]2OP(=O)([O-])[O-],built,33.0,36.0
TAPENTADOL HYDROCHLORIDE,C:\Users\patel\Desktop\group_project\cardiotox-fusion\data\processed\graphs\TAPENTADOL_HYDROCHLORIDE.pt,1,CC[C@@H](c1cccc(O)c1)[C@@H](C)CN(C)C,built,16.0,16.0
LUMATEPERONE,C:\Users\patel\Desktop\group_project\cardiotox-fusion\data\processed\graphs\LUMATEPERONE.pt,1,CN1CCN2c3c(cccc31)[C@@H]1CN(CCCC(=O)c3ccc(F)cc3)CC[C@@H]12,built,29.0,33.0
SELUMETINIB,C:\Users\patel\Desktop\group_project\cardiotox-fusion\data\processed\graphs\SELUMETINIB.pt,1,Cn1cnc2c(F)c(Nc3ccc(Br)cc3Cl)c(C(=O)NOCCO)cc21,built,27.0,29.0
tazemetostat hydrobromide,C:\Users\patel\Desktop\group_project\cardiotox-fusion\data\processed\graphs\tazemetostat_hydrobromide.pt,0,CCN(c1cc(-c2ccc(CN3CCOCC3)cc2)cc(C(=O)NCc2c(C)cc(C)[nH]c2=O)c1C)C1CCOCC1,built,42.0,46.0
LUSUTROMBOPAG,C:\Users\patel\Desktop\group_project\cardiotox-fusion\data\processed\graphs\LUSUTROMBOPAG.pt,0,CCCCCCO[C@@H](C)c1cccc(-c2csc(NC(=O)c3cc(Cl)c(/C=C(\C)C(=O)O)c(Cl)c3)n2)c1OC,built,39.0,41.0
ICOSAPENT ETHYL,C:\Users\patel\Desktop\group_project\cardiotox-fusion\data\processed\graphs\ICOSAPENT_ETHYL.pt,1,CC/C=C\C/C=C\C/C=C\C/C=C\C/C=C\CCCC(=O)OCC,built,24.0,23.0
COBIMETINIB FUMARATE,C:\Users\patel\Desktop\group_project\cardiotox-fusion\data\processed\graphs\COBIMETINIB_FUMARATE.pt,1,O=C(c1ccc(F)c(F)c1Nc1ccc(I)cc1F)N1CC(O)([C@@H]2CCCCN2)C1,built,30.0,33.0
NALOXEGOL OXALATE,C:\Users\patel\Desktop\group_project\cardiotox-fusion\data\processed\graphs\NALOXEGOL_OXALATE.pt,0,C=CCN1CC[C@]23c4c5ccc(O)c4O[C@H]2[C@@H](OCCOCCOCCOCCOCCOCCOCCOC)CC[C@@]3(O)[C@H]1C5,built,46.0,50.0
Ceftibuten dihydrate,C:\Users\patel\Desktop\group_project\cardiotox-fusion\data\processed\graphs\Ceftibuten_dihydrate.pt,0,Nc1nc(/C(=C/CC(=O)O)C(=O)N[C@@H]2C(=O)N3C(C(=O)O)=CCS[C@H]23)cs1,built,27.0,29.0
DUVELISIB,C:\Users\patel\Desktop\group_project\cardiotox-fusion\data\processed\graphs\DUVELISIB.pt,0,C[C@H](Nc1ncnc2nc[nH]c12)c1cc2cccc(Cl)c2c(=O)n1-c1ccccc1,built,30.0,34.0
Lithium Citrate,C:\Users\patel\Desktop\group_project\cardiotox-fusion\data\processed\graphs\Lithium_Citrate.pt,1,O=C([O-])CC(O)(CC(=O)[O-])C(=O)[O-],built,13.0,12.0
VALBENAZINE TOSYLATE,C:\Users\patel\Desktop\group_project\cardiotox-fusion\data\processed\graphs\VALBENAZINE_TOSYLATE.pt,1,COc1cc2c(cc1OC)[C@H]1C[C@@H](OC(=O)[C@@H](N)C(C)C)[C@H](CC(C)C)CN1CC2,built,30.0,32.0
GILTERITINIB FUMARATE,C:\Users\patel\Desktop\group_project\cardiotox-fusion\data\processed\graphs\GILTERITINIB_FUMARATE.pt,1,CCc1nc(C(N)=O)c(Nc2ccc(N3CCC(N4CCN(C)CC4)CC3)c(OC)c2)nc1NC1CCOCC1,built,40.0,44.0
Ponesimod,C:\Users\patel\Desktop\group_project\cardiotox-fusion\data\processed\graphs\Ponesimod.pt,1,CCC/N=C1\S/C(=C\c2ccc(OC[C@H](O)CO)c(Cl)c2)C(=O)N1c1ccccc1C,built,31.0,33.0
ELAGOLIX SODIUM,C:\Users\patel\Desktop\group_project\cardiotox-fusion\data\processed\graphs\ELAGOLIX_SODIUM.pt,0,COc1cccc(-c2c(C)n(Cc3c(F)cccc3C(F)(F)F)c(=O)n(C[C@H](NCCCC(=O)[O-])c3ccccc3)c2=O)c1F,built,45.0,48.0
VORINOSTAT,C:\Users\patel\Desktop\group_project\cardiotox-fusion\data\processed\graphs\VORINOSTAT.pt,1,O=C(CCCCCCC(=O)Nc1ccccc1)NO,built,19.0,19.0
ROLAPITANT HYDROCHLORIDE,C:\Users\patel\Desktop\group_project\cardiotox-fusion\data\processed\graphs\ROLAPITANT_HYDROCHLORIDE.pt,0,C[C@@H](OC[C@@]1(c2ccccc2)CC[C@]2(CCC(=O)N2)CN1)c1cc(C(F)(F)F)cc(C(F)(F)F)c1,built,35.0,38.0
MILTEFOSINE,C:\Users\patel\Desktop\group_project\cardiotox-fusion\data\processed\graphs\MILTEFOSINE.pt,0,CCCCCCCCCCCCCCCCOP(=O)([O-])OCC[N+](C)(C)C,built,27.0,26.0
CRIZOTINIB,C:\Users\patel\Desktop\group_project\cardiotox-fusion\data\processed\graphs\CRIZOTINIB.pt,1,C[C@@H](Oc1cc(-c2cnn(C3CCNCC3)c2)cnc1N)c1c(Cl)ccc(F)c1Cl,built,30.0,33.0
avapritinib,C:\Users\patel\Desktop\group_project\cardiotox-fusion\data\processed\graphs\avapritinib.pt,1,Cn1cc(-c2cc3c(N4CCN(c5ncc([C@@](C)(N)c6ccc(F)cc6)cn5)CC4)ncnn3c2)cn1,built,37.0,42.0
DACOMITINIB,C:\Users\patel\Desktop\group_project\cardiotox-fusion\data\processed\graphs\DACOMITINIB.pt,0,COc1cc2ncnc(Nc3ccc(F)c(Cl)c3)c2cc1NC(=O)/C=C/CN1CCCCC1,built,33.0,36.0
TENAPANOR HYDROCHLORIDE,C:\Users\patel\Desktop\group_project\cardiotox-fusion\data\processed\graphs\TENAPANOR_HYDROCHLORIDE.pt,0,CN1Cc2c(Cl)cc(Cl)cc2[C@H](c2cccc(S(=O)(=O)NCCOCCOCCNC(=O)NCCCCNC(=O)NCCOCCOCCNS(=O)(=O)c3cccc([C@@H]4CN(C)Cc5c(Cl)cc(Cl)cc54)c3)c2)C1,built,74.0,79.0
BALOXAVIR MARBOXIL,C:\Users\patel\Desktop\group_project\cardiotox-fusion\data\processed\graphs\BALOXAVIR_MARBOXIL.pt,0,COC(=O)OCOc1c2n(ccc1=O)N([C@@H]1c3ccccc3SCc3c1ccc(F)c3F)[C@@H]1COCCN1C2=O,built,40.0,45.0
THALIDOMIDE,C:\Users\patel\Desktop\group_project\cardiotox-fusion\data\processed\graphs\THALIDOMIDE.pt,1,O=C1CCC(N2C(=O)c3ccccc3C2=O)C(=O)N1,built,19.0,21.0
PRUCALOPRIDE SUCCINATE,C:\Users\patel\Desktop\group_project\cardiotox-fusion\data\processed\graphs\PRUCALOPRIDE_SUCCINATE.pt,0,COCCCN1CCC(NC(=O)c2cc(Cl)c(N)c3c2OCC3)CC1,built,25.0,27.0
ELTROMBOPAG OLAMINE,C:\Users\patel\Desktop\group_project\cardiotox-fusion\data\processed\graphs\ELTROMBOPAG_OLAMINE.pt,0,CC1=NN(c2ccc(C)c(C)c2)C(=O)/C1=N\Nc1cccc(-c2cccc(C(=O)O)c2)c1O,built,33.0,36.0
Apalutamide,C:\Users\patel\Desktop\group_project\cardiotox-fusion\data\processed\graphs\Apalutamide.pt,1,CNC(=O)c1ccc(N2C(=S)N(c3cnc(C#N)c(C(F)(F)F)c3)C(=O)C23CCC3)cc1F,built,33.0,36.0
ACETOHYDROXAMIC ACID,C:\Users\patel\Desktop\group_project\cardiotox-fusion\data\processed\graphs\ACETOHYDROXAMIC_ACID.pt,1,CC(=O)NO,built,5.0,4.0
upadacitinib,C:\Users\patel\Desktop\group_project\cardiotox-fusion\data\processed\graphs\upadacitinib.pt,1,CC[C@@H]1CN(C(=O)NCC(F)(F)F)C[C@@H]1c1cnc2cnc3[nH]ccc3n12,built,27.0,30.0
NISOLDIPINE,C:\Users\patel\Desktop\group_project\cardiotox-fusion\data\processed\graphs\NISOLDIPINE.pt,1,COC(=O)C1=C(C)NC(C)=C(C(=O)OCC(C)C)C1c1ccccc1[N+](=O)[O-],built,28.0,29.0
Cladribine,C:\Users\patel\Desktop\group_project\cardiotox-fusion\data\processed\graphs\Cladribine.pt,1,Nc1nc(Cl)nc2c1ncn2[C@H]1C[C@H](O)[C@@H](CO)O1,built,19.0,21.0
TRICLABENDAZOLE,C:\Users\patel\Desktop\group_project\cardiotox-fusion\data\processed\graphs\TRICLABENDAZOLE.pt,1,CSc1nc2cc(Cl)c(Oc3cccc(Cl)c3Cl)cc2[nH]1,built,21.0,23.0
ETHOTOIN,C:\Users\patel\Desktop\group_project\cardiotox-fusion\data\processed\graphs\ETHOTOIN.pt,0,CCN1C(=O)NC(c2ccccc2)C1=O,built,15.0,16.0
ixazomib citrate,C:\Users\patel\Desktop\group_project\cardiotox-fusion\data\processed\graphs\ixazomib_citrate.pt,0,CC(C)C[C@H](NC(=O)CNC(=O)c1cc(Cl)ccc1Cl)B1OC(=O)C(CC(=O)O)(CC(=O)O)O1,built,34.0,35.0
ELUXADOLINE,C:\Users\patel\Desktop\group_project\cardiotox-fusion\data\processed\graphs\ELUXADOLINE.pt,0,COc1ccc(CN(C(=O)[C@@H](N)Cc2c(C)cc(C(N)=O)cc2C)[C@@H](C)c2ncc(-c3ccccc3)[nH]2)cc1C(=O)O,built,42.0,45.0
monomethyl fumarate,C:\Users\patel\Desktop\group_project\cardiotox-fusion\data\processed\graphs\monomethyl_fumarate.pt,0,COC(=O)/C=C/C(=O)O,built,9.0,8.0
RALTEGRAVIR POTASSIUM,C:\Users\patel\Desktop\group_project\cardiotox-fusion\data\processed\graphs\RALTEGRAVIR_POTASSIUM.pt,0,Cc1nnc(C(=O)NC(C)(C)c2nc(C(=O)NCc3ccc(F)cc3)c([O-])c(=O)n2C)o1,built,32.0,34.0
NINTEDANIB ESYLATE,C:\Users\patel\Desktop\group_project\cardiotox-fusion\data\processed\graphs\NINTEDANIB_ESYLATE.pt,1,COC(=O)c1ccc2c(c1)NC(=O)/C2=C(\Nc1ccc(N(C)C(=O)CN2CCN(C)CC2)cc1)c1ccccc1,built,40.0,44.0
OMEPRAZOLE MAGNESIUM,C:\Users\patel\Desktop\group_project\cardiotox-fusion\data\processed\graphs\OMEPRAZOLE_MAGNESIUM.pt,1,COc1ccc2[n-]c([S+]([O-])Cc3ncc(C)c(OC)c3C)nc2c1,built,24.0,26.0
AFATINIB,C:\Users\patel\Desktop\group_project\cardiotox-fusion\data\processed\graphs\AFATINIB.pt,0,CN(C)C/C=C/C(=O)Nc1cc2c(Nc3ccc(F)c(Cl)c3)ncnc2cc1O[C@H]1CCOC1,built,34.0,37.0
rucaparib camsylate,C:\Users\patel\Desktop\group_project\cardiotox-fusion\data\processed\graphs\rucaparib_camsylate.pt,1,CNCc1ccc(-c2[nH]c3cc(F)cc4c3c2CCNC4=O)cc1,built,24.0,27.0
Voxelotor,C:\Users\patel\Desktop\group_project\cardiotox-fusion\data\processed\graphs\Voxelotor.pt,0,CC(C)n1nccc1-c1ncccc1COc1cccc(O)c1C=O,built,25.0,27.0
APIXABAN,C:\Users\patel\Desktop\group_project\cardiotox-fusion\data\processed\graphs\APIXABAN.pt,1,COc1ccc(-n2nc(C(N)=O)c3c2C(=O)N(c2ccc(N4CCCCC4=O)cc2)CC3)cc1,built,34.0,38.0
LINAGLIPTIN,C:\Users\patel\Desktop\group_project\cardiotox-fusion\data\processed\graphs\LINAGLIPTIN.pt,1,CC#CCn1c(N2CCC[C@@H](N)C2)nc2c1c(=O)n(Cc1nc(C)c3ccccc3n1)c(=O)n2C,built,35.0,39.0
OZANIMOD HYDROCHLORIDE,C:\Users\patel\Desktop\group_project\cardiotox-fusion\data\processed\graphs\OZANIMOD_HYDROCHLORIDE.pt,1,CC(C)Oc1ccc(-c2nc(-c3cccc4c3CC[C@@H]4NCCO)no2)cc1C#N,built,30.0,33.0
BETAINE,C:\Users\patel\Desktop\group_project\cardiotox-fusion\data\processed\graphs\BETAINE.pt,0,C[N+](C)(C)CC(=O)O,built,8.0,7.0
OSIMERTINIB,C:\Users\patel\Desktop\group_project\cardiotox-fusion\data\processed\graphs\OSIMERTINIB.pt,1,C=CC(=O)Nc1cc(Nc2nccc(-c3cn(C)c4ccccc34)n2)c(OC)cc1N(C)CCN(C)C,built,37.0,40.0
Mobocertinib,C:\Users\patel\Desktop\group_project\cardiotox-fusion\data\processed\graphs\Mobocertinib.pt,1,C=CC(=O)Nc1cc(Nc2ncc(C(=O)OC(C)C)c(-c3cn(C)c4ccccc34)n2)c(OC)cc1N(C)CCN(C)C,built,43.0,46.0
propoxyphene napsylate,C:\Users\patel\Desktop\group_project\cardiotox-fusion\data\processed\graphs\propoxyphene_napsylate.pt,1,CCC(=O)O[C@](Cc1ccccc1)(c1ccccc1)[C@H](C)CN(C)C,built,25.0,26.0
Flibanserin,C:\Users\patel\Desktop\group_project\cardiotox-fusion\data\processed\graphs\Flibanserin.pt,1,O=c1[nH]c2ccccc2n1CCN1CCN(c2cccc(C(F)(F)F)c2)CC1,built,28.0,31.0
LEVOMILNACIPRAN HYDROCHLORIDE; levomilnacipran hydrochloride,C:\Users\patel\Desktop\group_project\cardiotox-fusion\data\processed\graphs\LEVOMILNACIPRAN_HYDROCHLORIDE__levomilnacipran_hydrochloride.pt,1,CCN(CC)C(=O)[C@@]1(c2ccccc2)C[C@H]1CN,built,18.0,19.0
ISOCARBOXAZID,C:\Users\patel\Desktop\group_project\cardiotox-fusion\data\processed\graphs\ISOCARBOXAZID.pt,1,Cc1cc(C(=O)NNCc2ccccc2)no1,built,17.0,18.0
darunavir ethanolate,C:\Users\patel\Desktop\group_project\cardiotox-fusion\data\processed\graphs\darunavir_ethanolate.pt,0,CC(C)CN(C[C@@H](O)[C@H](Cc1ccccc1)NC(=O)O[C@H]1CO[C@H]2OCC[C@H]21)S(=O)(=O)c1ccc(N)cc1,built,38.0,41.0
EDOXABAN TOSYLATE,C:\Users\patel\Desktop\group_project\cardiotox-fusion\data\processed\graphs\EDOXABAN_TOSYLATE.pt,0,CN1CCc2nc(C(=O)N[C@@H]3C[C@@H](C(=O)N(C)C)CC[C@@H]3NC(=O)C(=O)Nc3ccc(Cl)cn3)sc2C1,built,37.0,40.0
selinexor,C:\Users\patel\Desktop\group_project\cardiotox-fusion\data\processed\graphs\selinexor.pt,1,O=C(/C=C\n1cnc(-c2cc(C(F)(F)F)cc(C(F)(F)F)c2)n1)NNc1cnccn1,built,31.0,33.0
FEXINIDAZOLE,C:\Users\patel\Desktop\group_project\cardiotox-fusion\data\processed\graphs\FEXINIDAZOLE.pt,1,CSc1ccc(OCc2ncc([N+](=O)[O-])n2C)cc1,built,19.0,20.0
FOSTEMSAVIR TROMETHAMINE,C:\Users\patel\Desktop\group_project\cardiotox-fusion\data\processed\graphs\FOSTEMSAVIR_TROMETHAMINE.pt,1,COc1cnc(-n2cnc(C)n2)c2c1c(C(=O)C(=O)N1CCN(C(=O)c3ccccc3)CC1)cn2COP(=O)(O)O,built,41.0,45.0
uridine triacetate,C:\Users\patel\Desktop\group_project\cardiotox-fusion\data\processed\graphs\uridine_triacetate.pt,0,CC(=O)OC[C@H]1O[C@@H](n2ccc(=O)[nH]c2=O)[C@H](OC(C)=O)[C@@H]1OC(C)=O,built,26.0,27.0
odevixibat,C:\Users\patel\Desktop\group_project\cardiotox-fusion\data\processed\graphs\odevixibat.pt,0,CCCCC1(CCCC)CN(c2ccccc2)c2cc(SC)c(OCC(=O)N[C@@H](C(=O)N[C@@H](CC)C(=O)O)c3ccc(O)cc3)cc2S(=O)(=O)N1,built,51.0,54.0
VOCLOSPORIN,C:\Users\patel\Desktop\group_project\cardiotox-fusion\data\processed\graphs\VOCLOSPORIN.pt,1,C=C/C=C/C[C@@H](C)[C@@H](O)[C@H]1C(=O)N[C@@H](CC)C(=O)N(C)CC(=O)N(C)[C@@H](CC(C)C)C(=O)N[C@@H](C(C)C)C(=O)N(C)[C@@H](CC(C)C)C(=O)N[C@@H](C)C(=O)N[C@H](C)C(=O)N(C)[C@@H](CC(C)C)C(=O)N(C)[C@@H](CC(C)C)C(=O)N(C)[C@@H](C(C)C)C(=O)N1C,built,86.0,86.0
TRIHEPTANOIN,C:\Users\patel\Desktop\group_project\cardiotox-fusion\data\processed\graphs\TRIHEPTANOIN.pt,0,CCCCCCC(=O)OCC(COC(=O)CCCCCC)OC(=O)CCCCCC,built,30.0,29.0
NABILONE,C:\Users\patel\Desktop\group_project\cardiotox-fusion\data\processed\graphs\NABILONE.pt,1,CCCCCCC(C)(C)c1cc(O)c2c(c1)OC(C)(C)C1CCC(=O)CC21,built,27.0,29.0
brexpiprazole,C:\Users\patel\Desktop\group_project\cardiotox-fusion\data\processed\graphs\brexpiprazole.pt,1,O=c1ccc2ccc(OCCCCN3CCN(c4cccc5sccc45)CC3)cc2[nH]1,built,31.0,35.0
istradefylline,C:\Users\patel\Desktop\group_project\cardiotox-fusion\data\processed\graphs\istradefylline.pt,0,CCn1c(=O)c2c(nc(/C=C/c3ccc(OC)c(OC)c3)n2C)n(CC)c1=O,built,28.0,30.0
FENFLURAMINE,C:\Users\patel\Desktop\group_project\cardiotox-fusion\data\processed\graphs\FENFLURAMINE.pt,1,CCNC(C)Cc1cccc(C(F)(F)F)c1,built,16.0,16.0
LEVOKETOCONAZOLE,C:\Users\patel\Desktop\group_project\cardiotox-fusion\data\processed\graphs\LEVOKETOCONAZOLE.pt,1,CC(=O)N1CCN(c2ccc(OC[C@@H]3CO[C@@](Cn4ccnc4)(c4ccc(Cl)cc4Cl)O3)cc2)CC1,built,36.0,40.0
SOTORASIB,C:\Users\patel\Desktop\group_project\cardiotox-fusion\data\processed\graphs\SOTORASIB.pt,1,C=CC(=O)N1CCN(c2nc(=O)n(-c3c(C)ccnc3C(C)C)c3nc(-c4c(O)cccc4F)c(F)cc23)[C@@H](C)C1,built,41.0,45.0
PHENELZINE SULFATE,C:\Users\patel\Desktop\group_project\cardiotox-fusion\data\processed\graphs\PHENELZINE_SULFATE.pt,1,NNCCc1ccccc1,built,10.0,10.0
VISMODEGIB,C:\Users\patel\Desktop\group_project\cardiotox-fusion\data\processed\graphs\VISMODEGIB.pt,0,CS(=O)(=O)c1ccc(C(=O)Nc2ccc(Cl)c(-c3ccccn3)c2)c(Cl)c1,built,27.0,29.0
rilpivirine hydrochloride,C:\Users\patel\Desktop\group_project\cardiotox-fusion\data\processed\graphs\rilpivirine_hydrochloride.pt,0,Cc1cc(/C=C/C#N)cc(C)c1Nc1ccnc(Nc2ccc(C#N)cc2)n1,built,28.0,30.0
METHYLPHENIDATE,C:\Users\patel\Desktop\group_project\cardiotox-fusion\data\processed\graphs\METHYLPHENIDATE.pt,1,COC(=O)C(c1ccccc1)C1CCCCN1,built,17.0,18.0
VEMURAFENIB,C:\Users\patel\Desktop\group_project\cardiotox-fusion\data\processed\graphs\VEMURAFENIB.pt,1,CCCS(=O)(=O)Nc1ccc(F)c(C(=O)c2c[nH]c3ncc(-c4ccc(Cl)cc4)cc23)c1F,built,33.0,36.0
ivacaftor,C:\Users\patel\Desktop\group_project\cardiotox-fusion\data\processed\graphs\ivacaftor.pt,0,CC(C)(C)c1cc(C(C)(C)C)c(NC(=O)c2c[nH]c3ccccc3c2=O)cc1O,built,29.0,31.0
IBRUTINIB,C:\Users\patel\Desktop\group_project\cardiotox-fusion\data\processed\graphs\IBRUTINIB.pt,1,C=CC(=O)N1CCC[C@@H](n2nc(-c3ccc(Oc4ccccc4)cc3)c3c(N)ncnc32)C1,built,33.0,37.0
PRALSETINIB,C:\Users\patel\Desktop\group_project\cardiotox-fusion\data\processed\graphs\PRALSETINIB.pt,1,CO[C@]1(C(=O)N[C@@H](C)c2ccc(-n3cc(F)cn3)nc2)CC[C@H](c2nc(C)cc(Nc3cc(C)[nH]n3)n2)CC1,built,39.0,43.0
DOLUTEGRAVIR SODIUM,C:\Users\patel\Desktop\group_project\cardiotox-fusion\data\processed\graphs\DOLUTEGRAVIR_SODIUM.pt,0,C[C@@H]1CCO[C@H]2Cn3cc(C(=O)NCc4ccc(F)cc4F)c(=O)c([O-])c3C(=O)N12,built,30.0,33.0
Bempedoic Acid,C:\Users\patel\Desktop\group_project\cardiotox-fusion\data\processed\graphs\Bempedoic_Acid.pt,1,CC(C)(CCCCCC(O)CCCCCC(C)(C)C(=O)O)C(=O)O,built,24.0,23.0
TERIFLUNOMIDE,C:\Users\patel\Desktop\group_project\cardiotox-fusion\data\processed\graphs\TERIFLUNOMIDE.pt,1,C/C(O)=C(\C#N)C(=O)Nc1ccc(C(F)(F)F)cc1,built,19.0,19.0
CANNABIDIOL,C:\Users\patel\Desktop\group_project\cardiotox-fusion\data\processed\graphs\CANNABIDIOL.pt,0,C=C(C)[C@@H]1CCC(C)=C[C@H]1c1c(O)cc(CCCCC)cc1O,built,23.0,24.0
CHLORAMBUCIL,C:\Users\patel\Desktop\group_project\cardiotox-fusion\data\processed\graphs\CHLORAMBUCIL.pt,0,O=C(O)CCCc1ccc(N(CCCl)CCCl)cc1,built,19.0,19.0
BINIMETINIB,C:\Users\patel\Desktop\group_project\cardiotox-fusion\data\processed\graphs\BINIMETINIB.pt,1,Cn1cnc2c(F)c(Nc3ccc(Br)cc3F)c(C(=O)NOCCO)cc21,built,27.0,29.0
DICLOFENAC,C:\Users\patel\Desktop\group_project\cardiotox-fusion\data\processed\graphs\DICLOFENAC.pt,1,O=C(O)Cc1ccccc1Nc1c(Cl)cccc1Cl,built,19.0,20.0
RIMEGEPANT SULFATE,C:\Users\patel\Desktop\group_project\cardiotox-fusion\data\processed\graphs\RIMEGEPANT_SULFATE.pt,0,N[C@@H]1c2cccnc2[C@H](OC(=O)N2CCC(n3c(=O)[nH]c4ncccc43)CC2)CC[C@H]1c1cccc(F)c1F,built,39.0,44.0
LEVAMLODIPINE MALEATE,C:\Users\patel\Desktop\group_project\cardiotox-fusion\data\processed\graphs\LEVAMLODIPINE_MALEATE.pt,1,CCOC(=O)C1=C(COCCN)NC(C)=C(C(=O)OC)[C@@H]1c1ccccc1Cl,built,28.0,29.0
CODEINE SULFATE,C:\Users\patel\Desktop\group_project\cardiotox-fusion\data\processed\graphs\CODEINE_SULFATE.pt,1,COc1ccc2c3c1O[C@H]1[C@@H](O)C=C[C@H]4[C@@H](C2)N(C)CC[C@@]341,built,22.0,26.0
FENOPROFEN CALCIUM,C:\Users\patel\Desktop\group_project\cardiotox-fusion\data\processed\graphs\FENOPROFEN_CALCIUM.pt,1,CC(C(=O)[O-])c1cccc(Oc2ccccc2)c1,built,18.0,19.0
canagliflozin,C:\Users\patel\Desktop\group_project\cardiotox-fusion\data\processed\graphs\canagliflozin.pt,0,Cc1ccc([C@@H]2O[C@H](CO)[C@@H](O)[C@H](O)[C@H]2O)cc1Cc1ccc(-c2ccc(F)cc2)s1,built,31.0,34.0
Glutamine,C:\Users\patel\Desktop\group_project\cardiotox-fusion\data\processed\graphs\Glutamine.pt,0,NC(=O)CC[C@H](N)C(=O)O,built,10.0,9.0
LORCASERIN HYDROCHLORIDE ANHYDROUS,C:\Users\patel\Desktop\group_project\cardiotox-fusion\data\processed\graphs\LORCASERIN_HYDROCHLORIDE_ANHYDROUS.pt,1,C[C@H]1CNCCc2ccc(Cl)cc21,built,13.0,14.0
roflumilast,C:\Users\patel\Desktop\group_project\cardiotox-fusion\data\processed\graphs\roflumilast.pt,1,O=C(Nc1c(Cl)cncc1Cl)c1ccc(OC(F)F)c(OCC2CC2)c1,built,26.0,28.0
LEMBOREXANT,C:\Users\patel\Desktop\group_project\cardiotox-fusion\data\processed\graphs\LEMBOREXANT.pt,0,Cc1ncc(OC[C@@]2(c3cccc(F)c3)C[C@H]2C(=O)Nc2ccc(F)cn2)c(C)n1,built,30.0,33.0
METHSUXIMIDE,C:\Users\patel\Desktop\group_project\cardiotox-fusion\data\processed\graphs\METHSUXIMIDE.pt,0,CN1C(=O)CC(C)(c2ccccc2)C1=O,built,15.0,16.0
LEVOCARNITINE,C:\Users\patel\Desktop\group_project\cardiotox-fusion\data\processed\graphs\LEVOCARNITINE.pt,0,C[N+](C)(C)C[C@H](O)CC(=O)[O-],built,11.0,10.0
suvorexant,C:\Users\patel\Desktop\group_project\cardiotox-fusion\data\processed\graphs\suvorexant.pt,1,Cc1ccc(-n2nccn2)c(C(=O)N2CCN(c3nc4cc(Cl)ccc4o3)CC[C@H]2C)c1,built,32.0,36.0
Obeticholic Acid,C:\Users\patel\Desktop\group_project\cardiotox-fusion\data\processed\graphs\Obeticholic_Acid.pt,0,CC[C@H]1[C@@H](O)[C@@H]2[C@H](CC[C@]3(C)[C@@H]([C@H](C)CCC(=O)O)CC[C@@H]23)[C@@]2(C)CC[C@@H](O)C[C@@H]12,built,30.0,33.0
CARBINOXAMINE MALEATE,C:\Users\patel\Desktop\group_project\cardiotox-fusion\data\processed\graphs\CARBINOXAMINE_MALEATE.pt,1,CN(C)CCOC(c1ccc(Cl)cc1)c1ccccn1,built,20.0,21.0
Erythromycin Ethylsuccinate,C:\Users\patel\Desktop\group_project\cardiotox-fusion\data\processed\graphs\Erythromycin_Ethylsuccinate.pt,1,CCOC(=O)CCC(=O)O[C@H]1[C@H](O[C@@H]2[C@@H](C)[C@H](O[C@H]3C[C@@](C)(OC)[C@@H](O)[C@H](C)O3)[C@@H](C)C(=O)O[C@H](CC)[C@@](C)(O)[C@H](O)[C@@H](C)C(=O)[C@H](C)C[C@@]2(C)O)O[C@H](C)C[C@@H]1N(C)C,built,60.0,62.0
BUPROPION HYDROCHLORIDE,C:\Users\patel\Desktop\group_project\cardiotox-fusion\data\processed\graphs\BUPROPION_HYDROCHLORIDE.pt,1,CC(NC(C)(C)C)C(=O)c1cccc(Cl)c1,built,16.0,16.0
DESVENLAFAXINE SUCCINATE,C:\Users\patel\Desktop\group_project\cardiotox-fusion\data\processed\graphs\DESVENLAFAXINE_SUCCINATE.pt,1,CN(C)CC(c1ccc(O)cc1)C1(O)CCCCC1,built,19.0,20.0
TETRABENAZINE,C:\Users\patel\Desktop\group_project\cardiotox-fusion\data\processed\graphs\TETRABENAZINE.pt,1,COc1cc2c(cc1OC)C1CC(=O)C(CC(C)C)CN1CC2,built,23.0,25.0
NALTREXONE HYDROCHLORIDE,C:\Users\patel\Desktop\group_project\cardiotox-fusion\data\processed\graphs\NALTREXONE_HYDROCHLORIDE.pt,1,O=C1CC[C@@]2(O)[C@H]3Cc4ccc(O)c5c4[C@@]2(CCN3CC2CC2)[C@H]1O5,built,25.0,30.0
CEFUROXIME AXETIL,C:\Users\patel\Desktop\group_project\cardiotox-fusion\data\processed\graphs\CEFUROXIME_AXETIL.pt,1,CO/N=C(\C(=O)N[C@@H]1C(=O)N2C(C(=O)OC(C)OC(C)=O)=C(COC(N)=O)CS[C@H]12)c1ccco1,built,35.0,37.0
PYRIMETHAMINE,C:\Users\patel\Desktop\group_project\cardiotox-fusion\data\processed\graphs\PYRIMETHAMINE.pt,1,CCc1nc(N)nc(N)c1-c1ccc(Cl)cc1,built,17.0,18.0
ALPRAZOLAM,C:\Users\patel\Desktop\group_project\cardiotox-fusion\data\processed\graphs\ALPRAZOLAM.pt,1,Cc1nnc2n1-c1ccc(Cl)cc1C(c1ccccc1)=NC2,built,22.0,25.0
ATORVASTATIN CALCIUM PROPYLENE GLYCOL SOLVATE,C:\Users\patel\Desktop\group_project\cardiotox-fusion\data\processed\graphs\ATORVASTATIN_CALCIUM_PROPYLENE_GLYCOL_SOLVATE.pt,0,CC(C)c1c(C(=O)Nc2ccccc2)c(-c2ccccc2)c(-c2ccc(F)cc2)n1CC[C@@H](O)C[C@@H](O)CC(=O)[O-],built,41.0,44.0
ISRADIPINE,C:\Users\patel\Desktop\group_project\cardiotox-fusion\data\processed\graphs\ISRADIPINE.pt,1,COC(=O)C1=C(C)NC(C)=C(C(=O)OC(C)C)C1c1cccc2nonc12,built,27.0,29.0
ATOVAQUONE,C:\Users\patel\Desktop\group_project\cardiotox-fusion\data\processed\graphs\ATOVAQUONE.pt,0,O=C1C(O)=C([C@H]2CC[C@H](c3ccc(Cl)cc3)CC2)C(=O)c2ccccc21,built,26.0,29.0
CALCIUM ACETATE,C:\Users\patel\Desktop\group_project\cardiotox-fusion\data\processed\graphs\CALCIUM_ACETATE.pt,0,CC(=O)[O-],built,4.0,3.0
INDOMETHACIN,C:\Users\patel\Desktop\group_project\cardiotox-fusion\data\processed\graphs\INDOMETHACIN.pt,1,COc1ccc2c(c1)c(CC(=O)O)c(C)n2C(=O)c1ccc(Cl)cc1,built,25.0,27.0
BOSENTAN ANHYDROUS,C:\Users\patel\Desktop\group_project\cardiotox-fusion\data\processed\graphs\BOSENTAN_ANHYDROUS.pt,1,COc1ccccc1Oc1c(NS(=O)(=O)c2ccc(C(C)(C)C)cc2)nc(-c2ncccn2)nc1OCCO,built,39.0,42.0
FELBAMATE,C:\Users\patel\Desktop\group_project\cardiotox-fusion\data\processed\graphs\FELBAMATE.pt,1,NC(=O)OCC(COC(N)=O)c1ccccc1,built,17.0,17.0
HYDROXYUREA,C:\Users\patel\Desktop\group_project\cardiotox-fusion\data\processed\graphs\HYDROXYUREA.pt,0,NC(=O)NO,built,5.0,4.0
LOXAPINE SUCCINATE,C:\Users\patel\Desktop\group_project\cardiotox-fusion\data\processed\graphs\LOXAPINE_SUCCINATE.pt,1,CN1CCN(C2=Nc3ccccc3Oc3ccc(Cl)cc32)CC1,built,23.0,26.0
PIOGLITAZONE,C:\Users\patel\Desktop\group_project\cardiotox-fusion\data\processed\graphs\PIOGLITAZONE.pt,1,CCc1ccc(CCOc2ccc(CC3SC(=O)NC3=O)cc2)nc1,built,25.0,27.0
ACYCLOVIR,C:\Users\patel\Desktop\group_project\cardiotox-fusion\data\processed\graphs\ACYCLOVIR.pt,0,Nc1nc2c(ncn2COCCO)c(=O)[nH]1,built,16.0,17.0
MORPHINE SULFATE,C:\Users\patel\Desktop\group_project\cardiotox-fusion\data\processed\graphs\MORPHINE_SULFATE.pt,1,CN1CC[C@]23c4c5ccc(O)c4O[C@H]2[C@@H](O)C=C[C@H]3[C@H]1C5,built,21.0,25.0
PAROXETINE HYDROCHLORIDE HEMIHYDRATE,C:\Users\patel\Desktop\group_project\cardiotox-fusion\data\processed\graphs\PAROXETINE_HYDROCHLORIDE_HEMIHYDRATE.pt,1,Fc1ccc([C@@H]2CCNC[C@H]2COc2ccc3c(c2)OCO3)cc1,built,24.0,27.0
PRAZOSIN HYDROCHLORIDE,C:\Users\patel\Desktop\group_project\cardiotox-fusion\data\processed\graphs\PRAZOSIN_HYDROCHLORIDE.pt,1,COc1cc2nc(N3CCN(C(=O)c4ccco4)CC3)nc(N)c2cc1OC,built,28.0,31.0
ZOLPIDEM TARTRATE,C:\Users\patel\Desktop\group_project\cardiotox-fusion\data\processed\graphs\ZOLPIDEM_TARTRATE.pt,1,Cc1ccc(-c2nc3ccc(C)cn3c2CC(=O)N(C)C)cc1,built,23.0,25.0
MYCOPHENOLATE SODIUM,C:\Users\patel\Desktop\group_project\cardiotox-fusion\data\processed\graphs\MYCOPHENOLATE_SODIUM.pt,1,COc1c(C)c2c(c(O)c1C/C=C(\C)CCC(=O)[O-])C(=O)OC2,built,23.0,24.0
TRIAMTERENE,C:\Users\patel\Desktop\group_project\cardiotox-fusion\data\processed\graphs\TRIAMTERENE.pt,0,Nc1nc(N)c2nc(-c3ccccc3)c(N)nc2n1,built,19.0,21.0
RIZATRIPTAN BENZOATE,C:\Users\patel\Desktop\group_project\cardiotox-fusion\data\processed\graphs\RIZATRIPTAN_BENZOATE.pt,1,CN(C)CCc1c[nH]c2ccc(Cn3cncn3)cc12,built,20.0,22.0
TACROLIMUS,C:\Users\patel\Desktop\group_project\cardiotox-fusion\data\processed\graphs\TACROLIMUS.pt,1,C=CC[C@@H]1/C=C(\C)C[C@H](C)C[C@H](OC)[C@H]2O[C@@](O)(C(=O)C(=O)N3CCCC[C@H]3C(=O)O[C@H](/C(C)=C/[C@@H]3CC[C@@H](O)[C@H](OC)C3)[C@H](C)[C@@H](O)CC1=O)[C@H](C)C[C@@H]2OC,built,57.0,60.0
IBUPROFEN,C:\Users\patel\Desktop\group_project\cardiotox-fusion\data\processed\graphs\IBUPROFEN.pt,1,CC(C)Cc1ccc(C(C)C(=O)O)cc1,built,15.0,15.0
RUFINAMIDE,C:\Users\patel\Desktop\group_project\cardiotox-fusion\data\processed\graphs\RUFINAMIDE.pt,1,NC(=O)c1cn(Cc2c(F)cccc2F)nn1,built,17.0,18.0
CIMETIDINE HYDROCHLORIDE,C:\Users\patel\Desktop\group_project\cardiotox-fusion\data\processed\graphs\CIMETIDINE_HYDROCHLORIDE.pt,1,CN/C(=N\CCSCc1nc[nH]c1C)NC#N,built,17.0,17.0
CLONIDINE HYDROCHLORIDE,C:\Users\patel\Desktop\group_project\cardiotox-fusion\data\processed\graphs\CLONIDINE_HYDROCHLORIDE.pt,1,Clc1cccc(Cl)c1NC1=NCCN1,built,14.0,15.0
METHAZOLAMIDE,C:\Users\patel\Desktop\group_project\cardiotox-fusion\data\processed\graphs\METHAZOLAMIDE.pt,0,CC(=O)/N=c1/sc(S(N)(=O)=O)nn1C,built,14.0,14.0
METOPROLOL TARTRATE,C:\Users\patel\Desktop\group_project\cardiotox-fusion\data\processed\graphs\METOPROLOL_TARTRATE.pt,1,COCCc1ccc(OCC(O)CNC(C)C)cc1,built,19.0,19.0
SIROLIMUS,C:\Users\patel\Desktop\group_project\cardiotox-fusion\data\processed\graphs\SIROLIMUS.pt,1,CO[C@H]1C[C@@H]2CC[C@@H](C)[C@@](O)(O2)C(=O)C(=O)N2CCCC[C@H]2C(=O)O[C@H]([C@H](C)C[C@@H]2CC[C@@H](O)[C@H](OC)C2)CC(=O)[C@H](C)/C=C(\C)[C@@H](O)[C@@H](OC)C(=O)[C@H](C)C[C@H](C)/C=C/C=C/C=C/1C,built,65.0,68.0
TORSEMIDE,C:\Users\patel\Desktop\group_project\cardiotox-fusion\data\processed\graphs\TORSEMIDE.pt,1,Cc1cccc(Nc2ccncc2S(=O)(=O)NC(=O)NC(C)C)c1,built,24.0,25.0
OXCARBAZEPINE,C:\Users\patel\Desktop\group_project\cardiotox-fusion\data\processed\graphs\OXCARBAZEPINE.pt,1,NC(=O)N1c2ccccc2CC(=O)c2ccccc21,built,19.0,21.0
CLINDAMYCIN PALMITATE HYDROCHLORIDE,C:\Users\patel\Desktop\group_project\cardiotox-fusion\data\processed\graphs\CLINDAMYCIN_PALMITATE_HYDROCHLORIDE.pt,0,CCCCCCCCCCCCCCCC(=O)O[C@@H]1[C@@H](O)[C@@H](O)[C@@H]([C@H](NC(=O)[C@@H]2C[C@@H](CCC)CN2C)[C@H](C)Cl)O[C@@H]1SC,built,44.0,45.0
MELOXICAM,C:\Users\patel\Desktop\group_project\cardiotox-fusion\data\processed\graphs\MELOXICAM.pt,1,Cc1cnc(NC(=O)C2=C(O)c3ccccc3S(=O)(=O)N2C)s1,built,23.0,25.0
METHYLTESTOSTERONE,C:\Users\patel\Desktop\group_project\cardiotox-fusion\data\processed\graphs\METHYLTESTOSTERONE.pt,1,C[C@]12CCC(=O)C=C1CC[C@@H]1[C@@H]2CC[C@@]2(C)[C@H]1CC[C@]2(C)O,built,22.0,25.0
GLYCOPYRROLATE,C:\Users\patel\Desktop\group_project\cardiotox-fusion\data\processed\graphs\GLYCOPYRROLATE.pt,1,C[N+]1(C)CCC(OC(=O)C(O)(c2ccccc2)C2CCCC2)C1,built,23.0,25.0
DEFERASIROX,C:\Users\patel\Desktop\group_project\cardiotox-fusion\data\processed\graphs\DEFERASIROX.pt,0,O=C(O)c1ccc(-n2nc(-c3ccccc3O)nc2-c2ccccc2O)cc1,built,28.0,31.0
ISONIAZID,C:\Users\patel\Desktop\group_project\cardiotox-fusion\data\processed\graphs\ISONIAZID.pt,0,NNC(=O)c1ccncc1,built,10.0,10.0
FLUDROCORTISONE ACETATE,C:\Users\patel\Desktop\group_project\cardiotox-fusion\data\processed\graphs\FLUDROCORTISONE_ACETATE.pt,1,CC(=O)OCC(=O)[C@@]1(O)CC[C@H]2[C@@H]3CCC4=CC(=O)CC[C@]4(C)[C@@]3(F)[C@@H](O)C[C@@]21C,built,30.0,33.0
VERAPAMIL HYDROCHLORIDE,C:\Users\patel\Desktop\group_project\cardiotox-fusion\data\processed\graphs\VERAPAMIL_HYDROCHLORIDE.pt,1,COc1ccc(CCN(C)CCCC(C#N)(c2ccc(OC)c(OC)c2)C(C)C)cc1OC,built,33.0,34.0
ZILEUTON,C:\Users\patel\Desktop\group_project\cardiotox-fusion\data\processed\graphs\ZILEUTON.pt,0,CC(c1cc2ccccc2s1)N(O)C(N)=O,built,16.0,17.0
PROPANTHELINE BROMIDE,C:\Users\patel\Desktop\group_project\cardiotox-fusion\data\processed\graphs\PROPANTHELINE_BROMIDE.pt,1,CC(C)[N+](C)(CCOC(=O)C1c2ccccc2Oc2ccccc21)C(C)C,built,27.0,29.0
SERTRALINE HYDROCHLORIDE,C:\Users\patel\Desktop\group_project\cardiotox-fusion\data\processed\graphs\SERTRALINE_HYDROCHLORIDE.pt,1,CN[C@H]1CC[C@@H](c2ccc(Cl)c(Cl)c2)c2ccccc21,built,20.0,22.0
BISOPROLOL FUMARATE,C:\Users\patel\Desktop\group_project\cardiotox-fusion\data\processed\graphs\BISOPROLOL_FUMARATE.pt,1,CC(C)NCC(O)COc1ccc(COCCOC(C)C)cc1,built,23.0,23.0
VARDENAFIL,C:\Users\patel\Desktop\group_project\cardiotox-fusion\data\processed\graphs\VARDENAFIL.pt,1,CCCc1nc(C)c2c(=O)nc(-c3cc(S(=O)(=O)N4CCN(CC)CC4)ccc3OCC)[nH]n12,built,34.0,37.0
AMINOCAPROIC ACID,C:\Users\patel\Desktop\group_project\cardiotox-fusion\data\processed\graphs\AMINOCAPROIC_ACID.pt,1,NCCCCCC(=O)O,built,9.0,8.0
TELMISARTAN,C:\Users\patel\Desktop\group_project\cardiotox-fusion\data\processed\graphs\TELMISARTAN.pt,1,CCCc1nc2c(C)cc(-c3nc4ccccc4n3C)cc2n1Cc1ccc(-c2ccccc2C(=O)O)cc1,built,39.0,44.0
LAMOTRIGINE,C:\Users\patel\Desktop\group_project\cardiotox-fusion\data\processed\graphs\LAMOTRIGINE.pt,1,Nc1nnc(-c2cccc(Cl)c2Cl)c(N)n1,built,16.0,17.0
FENOFIBRATE,C:\Users\patel\Desktop\group_project\cardiotox-fusion\data\processed\graphs\FENOFIBRATE.pt,0,CC(C)OC(=O)C(C)(C)Oc1ccc(C(=O)c2ccc(Cl)cc2)cc1,built,25.0,26.0
MONTELUKAST SODIUM,C:\Users\patel\Desktop\group_project\cardiotox-fusion\data\processed\graphs\MONTELUKAST_SODIUM.pt,1,CC(C)(O)c1ccccc1CC[C@@H](SCC1(CC(=O)[O-])CC1)c1cccc(/C=C/c2ccc3ccc(Cl)cc3n2)c1,built,41.0,45.0
METOLAZONE,C:\Users\patel\Desktop\group_project\cardiotox-fusion\data\processed\graphs\METOLAZONE.pt,1,Cc1ccccc1N1C(=O)c2cc(S(N)(=O)=O)c(Cl)cc2NC1C,built,24.0,26.0
DISULFIRAM,C:\Users\patel\Desktop\group_project\cardiotox-fusion\data\processed\graphs\DISULFIRAM.pt,0,CCN(CC)C(=S)SSC(=S)N(CC)CC,built,16.0,15.0
MEGESTROL ACETATE,C:\Users\patel\Desktop\group_project\cardiotox-fusion\data\processed\graphs\MEGESTROL_ACETATE.pt,1,CC(=O)O[C@]1(C(C)=O)CC[C@H]2[C@@H]3C=C(C)C4=CC(=O)CC[C@]4(C)[C@H]3CC[C@@]21C,built,28.0,31.0
METOPROLOL SUCCINATE,C:\Users\patel\Desktop\group_project\cardiotox-fusion\data\processed\graphs\METOPROLOL_SUCCINATE.pt,1,COCCc1ccc(OCC(O)CNC(C)C)cc1,built,19.0,19.0
ACARBOSE,C:\Users\patel\Desktop\group_project\cardiotox-fusion\data\processed\graphs\ACARBOSE.pt,0,C[C@H]1O[C@H](O[C@H]2[C@H](O)[C@@H](O)[C@@H](O[C@H]3[C@H](O)[C@@H](O)C(O)O[C@@H]3CO)O[C@@H]2CO)[C@H](O)[C@@H](O)[C@@H]1N[C@H]1C=C(CO)[C@@H](O)[C@H](O)[C@H]1O,built,44.0,47.0
CLINDAMYCIN HYDROCHLORIDE,C:\Users\patel\Desktop\group_project\cardiotox-fusion\data\processed\graphs\CLINDAMYCIN_HYDROCHLORIDE.pt,0,CCC[C@@H]1C[C@@H](C(=O)N[C@@H]([C@H]2O[C@H](SC)[C@H](O)[C@@H](O)[C@H]2O)[C@H](C)Cl)N(C)C1,built,27.0,28.0
NORETHINDRONE,C:\Users\patel\Desktop\group_project\cardiotox-fusion\data\processed\graphs\NORETHINDRONE.pt,0,C#C[C@]1(O)CC[C@H]2[C@@H]3CCC4=CC(=O)CC[C@@H]4[C@H]3CC[C@@]21C,built,22.0,25.0
ESTROPIPATE,C:\Users\patel\Desktop\group_project\cardiotox-fusion\data\processed\graphs\ESTROPIPATE.pt,1,C[C@]12CC[C@@H]3c4ccc(OS(=O)(=O)O)cc4CC[C@H]3[C@@H]1CCC2=O,built,24.0,27.0
LEVOCETIRIZINE DIHYDROCHLORIDE,C:\Users\patel\Desktop\group_project\cardiotox-fusion\data\processed\graphs\LEVOCETIRIZINE_DIHYDROCHLORIDE.pt,1,O=C(O)COCCN1CCN([C@H](c2ccccc2)c2ccc(Cl)cc2)CC1,built,27.0,29.0
COLCHICINE,C:\Users\patel\Desktop\group_project\cardiotox-fusion\data\processed\graphs\COLCHICINE.pt,0,COc1cc2c(c(OC)c1OC)-c1ccc(OC)c(=O)cc1[C@@H](NC(C)=O)CC2,built,29.0,31.0
PENTOXIFYLLINE,C:\Users\patel\Desktop\group_project\cardiotox-fusion\data\processed\graphs\PENTOXIFYLLINE.pt,1,CC(=O)CCCCn1c(=O)c2c(ncn2C)n(C)c1=O,built,20.0,21.0
ZALEPLON,C:\Users\patel\Desktop\group_project\cardiotox-fusion\data\processed\graphs\ZALEPLON.pt,1,CCN(C(C)=O)c1cccc(-c2ccnc3c(C#N)cnn23)c1,built,23.0,25.0
METHSCOPOLAMINE BROMIDE,C:\Users\patel\Desktop\group_project\cardiotox-fusion\data\processed\graphs\METHSCOPOLAMINE_BROMIDE.pt,1,C[N+]1(C)[C@@H]2C[C@@H](OC(=O)[C@H](CO)c3ccccc3)C[C@H]1[C@@H]1O[C@@H]12,built,23.0,26.0
KETOCONAZOLE,C:\Users\patel\Desktop\group_project\cardiotox-fusion\data\processed\graphs\KETOCONAZOLE.pt,1,CC(=O)N1CCN(c2ccc(OCC3COC(Cn4ccnc4)(c4ccc(Cl)cc4Cl)O3)cc2)CC1,built,36.0,40.0
CANDESARTAN CILEXETIL,C:\Users\patel\Desktop\group_project\cardiotox-fusion\data\processed\graphs\CANDESARTAN_CILEXETIL.pt,1,CCOc1nc2cccc(C(=O)OC(C)OC(=O)OC3CCCCC3)c2n1Cc1ccc(-c2ccccc2-c2nn[nH]n2)cc1,built,45.0,50.0
ESOMEPRAZOLE MAGNESIUM,C:\Users\patel\Desktop\group_project\cardiotox-fusion\data\processed\graphs\ESOMEPRAZOLE_MAGNESIUM.pt,1,COc1ccc2[nH]c([S@@+]([O-])Cc3ncc(C)c(OC)c3C)nc2c1,built,24.0,26.0
QUINIDINE GLUCONATE,C:\Users\patel\Desktop\group_project\cardiotox-fusion\data\processed\graphs\QUINIDINE_GLUCONATE.pt,1,C=C[C@H]1CN2CC[C@H]1C[C@@H]2[C@@H](O)c1ccnc2ccc(OC)cc12,built,24.0,27.0
AMOXAPINE,C:\Users\patel\Desktop\group_project\cardiotox-fusion\data\processed\graphs\AMOXAPINE.pt,1,Clc1ccc2c(c1)C(N1CCNCC1)=Nc1ccccc1O2,built,22.0,25.0
PROMETHAZINE HYDROCHLORIDE,C:\Users\patel\Desktop\group_project\cardiotox-fusion\data\processed\graphs\PROMETHAZINE_HYDROCHLORIDE.pt,1,CC(CN1c2ccccc2Sc2ccccc21)N(C)C,built,20.0,22.0
LABETALOL,C:\Users\patel\Desktop\group_project\cardiotox-fusion\data\processed\graphs\LABETALOL.pt,1,CC(CCc1ccccc1)NCC(O)c1ccc(O)c(C(N)=O)c1,built,24.0,25.0
DOFETILIDE,C:\Users\patel\Desktop\group_project\cardiotox-fusion\data\processed\graphs\DOFETILIDE.pt,1,CN(CCOc1ccc(NS(C)(=O)=O)cc1)CCc1ccc(NS(C)(=O)=O)cc1,built,29.0,30.0
FAMCICLOVIR,C:\Users\patel\Desktop\group_project\cardiotox-fusion\data\processed\graphs\FAMCICLOVIR.pt,1,CC(=O)OCC(CCn1cnc2cnc(N)nc21)COC(C)=O,built,23.0,24.0
Albuterol,C:\Users\patel\Desktop\group_project\cardiotox-fusion\data\processed\graphs\Albuterol.pt,1,CC(C)(C)NCC(O)c1ccc(O)c(CO)c1,built,17.0,17.0
GEMFIBROZIL,C:\Users\patel\Desktop\group_project\cardiotox-fusion\data\processed\graphs\GEMFIBROZIL.pt,1,Cc1ccc(C)c(OCCCC(C)(C)C(=O)O)c1,built,18.0,18.0
MELPHALAN,C:\Users\patel\Desktop\group_project\cardiotox-fusion\data\processed\graphs\MELPHALAN.pt,1,N[C@@H](Cc1ccc(N(CCCl)CCCl)cc1)C(=O)O,built,19.0,19.0
DIAZEPAM,C:\Users\patel\Desktop\group_project\cardiotox-fusion\data\processed\graphs\DIAZEPAM.pt,1,CN1C(=O)CN=C(c2ccccc2)c2cc(Cl)ccc21,built,20.0,22.0
BOSENTAN,C:\Users\patel\Desktop\group_project\cardiotox-fusion\data\processed\graphs\BOSENTAN.pt,1,COc1ccccc1Oc1c(NS(=O)(=O)c2ccc(C(C)(C)C)cc2)nc(-c2ncccn2)nc1OCCO,built,39.0,42.0
MOEXIPRIL HYDROCHLORIDE,C:\Users\patel\Desktop\group_project\cardiotox-fusion\data\processed\graphs\MOEXIPRIL_HYDROCHLORIDE.pt,1,CCOC(=O)[C@H](CCc1ccccc1)N[C@@H](C)C(=O)N1Cc2cc(OC)c(OC)cc2C[C@H]1C(=O)O,built,36.0,38.0
CHLORTHALIDONE,C:\Users\patel\Desktop\group_project\cardiotox-fusion\data\processed\graphs\CHLORTHALIDONE.pt,1,NS(=O)(=O)c1cc(C2(O)NC(=O)c3ccccc32)ccc1Cl,built,22.0,24.0
FLUVASTATIN SODIUM,C:\Users\patel\Desktop\group_project\cardiotox-fusion\data\processed\graphs\FLUVASTATIN_SODIUM.pt,1,CC(C)n1c(/C=C/C(O)CC(O)CC(=O)[O-])c(-c2ccc(F)cc2)c2ccccc21,built,30.0,32.0
PROBENECID,C:\Users\patel\Desktop\group_project\cardiotox-fusion\data\processed\graphs\PROBENECID.pt,0,CCCN(CCC)S(=O)(=O)c1ccc(C(=O)O)cc1,built,19.0,19.0
GUANFACINE HYDROCHLORIDE,C:\Users\patel\Desktop\group_project\cardiotox-fusion\data\processed\graphs\GUANFACINE_HYDROCHLORIDE.pt,1,N=C(N)NC(=O)Cc1c(Cl)cccc1Cl,built,15.0,15.0
almotriptan malate,C:\Users\patel\Desktop\group_project\cardiotox-fusion\data\processed\graphs\almotriptan_malate.pt,1,CN(C)CCc1c[nH]c2ccc(CS(=O)(=O)N3CCCC3)cc12,built,23.0,25.0
NIZATIDINE,C:\Users\patel\Desktop\group_project\cardiotox-fusion\data\processed\graphs\NIZATIDINE.pt,1,CNC(=C[N+](=O)[O-])NCCSCc1csc(CN(C)C)n1,built,21.0,21.0
TENOFOVIR DISOPROXIL FUMARATE,C:\Users\patel\Desktop\group_project\cardiotox-fusion\data\processed\graphs\TENOFOVIR_DISOPROXIL_FUMARATE.pt,0,CC(C)OC(=O)OCOP(=O)(CO[C@H](C)Cn1cnc2c(N)ncnc21)OCOC(=O)OC(C)C,built,35.0,36.0
DILTIAZEM HYDROCHLORIDE,C:\Users\patel\Desktop\group_project\cardiotox-fusion\data\processed\graphs\DILTIAZEM_HYDROCHLORIDE.pt,1,COc1ccc([C@@H]2Sc3ccccc3N(CCN(C)C)C(=O)[C@@H]2OC(C)=O)cc1,built,29.0,31.0
FELODIPINE,C:\Users\patel\Desktop\group_project\cardiotox-fusion\data\processed\graphs\FELODIPINE.pt,1,CCOC(=O)C1=C(C)NC(C)=C(C(=O)OC)C1c1cccc(Cl)c1Cl,built,25.0,26.0
RISEDRONATE SODIUM,C:\Users\patel\Desktop\group_project\cardiotox-fusion\data\processed\graphs\RISEDRONATE_SODIUM.pt,1,O=P([O-])(O)C(O)(Cc1cccnc1)P(=O)(O)O,built,17.0,17.0
CEPHALEXIN,C:\Users\patel\Desktop\group_project\cardiotox-fusion\data\processed\graphs\CEPHALEXIN.pt,0,CC1=C(C(=O)O)N2C(=O)[C@@H](NC(=O)[C@H](N)c3ccccc3)[C@H]2SC1,built,24.0,26.0
DIAZOXIDE,C:\Users\patel\Desktop\group_project\cardiotox-fusion\data\processed\graphs\DIAZOXIDE.pt,1,CC1=Nc2ccc(Cl)cc2S(=O)(=O)N1,built,14.0,15.0
RITONAVIR,C:\Users\patel\Desktop\group_project\cardiotox-fusion\data\processed\graphs\RITONAVIR.pt,1,CC(C)c1nc(CN(C)C(=O)N[C@H](C(=O)N[C@@H](Cc2ccccc2)C[C@H](O)[C@H](Cc2ccccc2)NC(=O)OCc2cncs2)C(C)C)cs1,built,50.0,53.0
ACETAZOLAMIDE,C:\Users\patel\Desktop\group_project\cardiotox-fusion\data\processed\graphs\ACETAZOLAMIDE.pt,0,CC(=O)Nc1nnc(S(N)(=O)=O)s1,built,13.0,13.0
LURASIDONE HYDROCHLORIDE,C:\Users\patel\Desktop\group_project\cardiotox-fusion\data\processed\graphs\LURASIDONE_HYDROCHLORIDE.pt,1,O=C1[C@@H]2[C@H]3CC[C@H](C3)[C@@H]2C(=O)N1C[C@@H]1CCCC[C@H]1CN1CCN(c2nsc3ccccc23)CC1,built,35.0,41.0
DUTASTERIDE,C:\Users\patel\Desktop\group_project\cardiotox-fusion\data\processed\graphs\DUTASTERIDE.pt,1,C[C@]12C=CC(=O)N[C@@H]1CC[C@@H]1[C@@H]2CC[C@]2(C)[C@@H](C(=O)Nc3cc(C(F)(F)F)ccc3C(F)(F)F)CC[C@@H]12,built,37.0,41.0
Exemestane,C:\Users\patel\Desktop\group_project\cardiotox-fusion\data\processed\graphs\Exemestane.pt,1,C=C1C[C@@H]2[C@H](CC[C@]3(C)C(=O)CC[C@@H]23)[C@@]2(C)C=CC(=O)C=C12,built,22.0,25.0
FOSINOPRIL SODIUM,C:\Users\patel\Desktop\group_project\cardiotox-fusion\data\processed\graphs\FOSINOPRIL_SODIUM.pt,1,CCC(=O)O[C@@H](O[P@](=O)(CCCCc1ccccc1)CC(=O)N1C[C@H](C2CCCCC2)C[C@H]1C(=O)[O-])C(C)C,built,39.0,41.0
SODIUM PHENYLBUTYRATE,C:\Users\patel\Desktop\group_project\cardiotox-fusion\data\processed\graphs\SODIUM_PHENYLBUTYRATE.pt,1,O=C([O-])CCCc1ccccc1,built,12.0,12.0
HYDROCODONE BITARTRATE,C:\Users\patel\Desktop\group_project\cardiotox-fusion\data\processed\graphs\HYDROCODONE_BITARTRATE.pt,1,COc1ccc2c3c1O[C@H]1C(=O)CC[C@H]4[C@@H](C2)N(C)CC[C@]314,built,22.0,26.0
ENTECAVIR ANHYDROUS,C:\Users\patel\Desktop\group_project\cardiotox-fusion\data\processed\graphs\ENTECAVIR_ANHYDROUS.pt,0,C=C1[C@H](CO)[C@@H](O)C[C@@H]1n1cnc2c(=O)[nH]c(N)nc21,built,20.0,22.0
CILOSTAZOL,C:\Users\patel\Desktop\group_project\cardiotox-fusion\data\processed\graphs\CILOSTAZOL.pt,1,O=C1CCc2cc(OCCCCc3nnnn3C3CCCCC3)ccc2N1,built,27.0,30.0
OLANZAPINE,C:\Users\patel\Desktop\group_project\cardiotox-fusion\data\processed\graphs\OLANZAPINE.pt,1,Cc1cc2c(s1)Nc1ccccc1N=C2N1CCN(C)CC1,built,22.0,25.0
DISOPYRAMIDE PHOSPHATE,C:\Users\patel\Desktop\group_project\cardiotox-fusion\data\processed\graphs\DISOPYRAMIDE_PHOSPHATE.pt,1,CC(C)N(CCC(C(N)=O)(c1ccccc1)c1ccccn1)C(C)C,built,25.0,26.0
DANAZOL,C:\Users\patel\Desktop\group_project\cardiotox-fusion\data\processed\graphs\DANAZOL.pt,1,C#C[C@]1(O)CC[C@H]2[C@@H]3CCC4=Cc5oncc5C[C@]4(C)[C@H]3CC[C@@]21C,built,25.0,29.0
BENAZEPRIL HYDROCHLORIDE,C:\Users\patel\Desktop\group_project\cardiotox-fusion\data\processed\graphs\BENAZEPRIL_HYDROCHLORIDE.pt,1,CCOC(=O)[C@H](CCc1ccccc1)N[C@H]1CCc2ccccc2N(CC(=O)O)C1=O,built,31.0,33.0
Ergotamine Tartrate,C:\Users\patel\Desktop\group_project\cardiotox-fusion\data\processed\graphs\Ergotamine_Tartrate.pt,1,CN1C[C@H](C(=O)N[C@]2(C)O[C@@]3(O)[C@@H]4CCCN4C(=O)[C@H](Cc4ccccc4)N3C2=O)C=C2c3cccc4[nH]cc(c34)C[C@H]21,built,43.0,50.0
AZATHIOPRINE,C:\Users\patel\Desktop\group_project\cardiotox-fusion\data\processed\graphs\AZATHIOPRINE.pt,0,Cn1cnc([N+](=O)[O-])c1Sc1ncnc2[nH]cnc12,built,19.0,21.0
CARBIDOPA,C:\Users\patel\Desktop\group_project\cardiotox-fusion\data\processed\graphs\CARBIDOPA.pt,1,C[C@@](Cc1ccc(O)c(O)c1)(NN)C(=O)O,built,16.0,16.0
MONTELUKAST,C:\Users\patel\Desktop\group_project\cardiotox-fusion\data\processed\graphs\MONTELUKAST.pt,1,CC(C)(O)c1ccccc1CC[C@@H](SCC1(CC(=O)O)CC1)c1cccc(/C=C/c2ccc3ccc(Cl)cc3n2)c1,built,41.0,45.0
CHLORDIAZEPOXIDE HYDROCHLORIDE,C:\Users\patel\Desktop\group_project\cardiotox-fusion\data\processed\graphs\CHLORDIAZEPOXIDE_HYDROCHLORIDE.pt,0,CNC1=Nc2ccc(Cl)cc2C(c2ccccc2)=[N+]([O-])C1,built,21.0,23.0
MARAVIROC,C:\Users\patel\Desktop\group_project\cardiotox-fusion\data\processed\graphs\MARAVIROC.pt,1,Cc1nnc(C(C)C)n1[C@H]1C[C@H]2CC[C@@H](C1)N2CC[C@H](NC(=O)C1CCC(F)(F)CC1)c1ccccc1,built,37.0,41.0
IMIPRAMINE PAMOATE,C:\Users\patel\Desktop\group_project\cardiotox-fusion\data\processed\graphs\IMIPRAMINE_PAMOATE.pt,1,O=C(O)c1cc2ccccc2c(Cc2c(O)c(C(=O)O)cc3ccccc23)c1O,built,29.0,32.0
FLECAINIDE ACETATE,C:\Users\patel\Desktop\group_project\cardiotox-fusion\data\processed\graphs\FLECAINIDE_ACETATE.pt,1,O=C(NCC1CCCCN1)c1cc(OCC(F)(F)F)ccc1OCC(F)(F)F,built,28.0,29.0
AMANTADINE HYDROCHLORIDE,C:\Users\patel\Desktop\group_project\cardiotox-fusion\data\processed\graphs\AMANTADINE_HYDROCHLORIDE.pt,1,NC12CC3CC(CC(C3)C1)C2,built,11.0,13.0
ETHACRYNIC ACID,C:\Users\patel\Desktop\group_project\cardiotox-fusion\data\processed\graphs\ETHACRYNIC_ACID.pt,1,C=C(CC)C(=O)c1ccc(OCC(=O)O)c(Cl)c1Cl,built,19.0,19.0
ELETRIPTAN HYDROBROMIDE,C:\Users\patel\Desktop\group_project\cardiotox-fusion\data\processed\graphs\ELETRIPTAN_HYDROBROMIDE.pt,1,CN1CCC[C@@H]1Cc1c[nH]c2ccc(CCS(=O)(=O)c3ccccc3)cc12,built,27.0,30.0
HYDROXYZINE PAMOATE,C:\Users\patel\Desktop\group_project\cardiotox-fusion\data\processed\graphs\HYDROXYZINE_PAMOATE.pt,1,O=C(O)c1cc2ccccc2c(Cc2c(O)c(C(=O)O)cc3ccccc23)c1O,built,29.0,32.0
ERYTHROMYCIN STEARATE,C:\Users\patel\Desktop\group_project\cardiotox-fusion\data\processed\graphs\ERYTHROMYCIN_STEARATE.pt,1,CC[C@H]1OC(=O)[C@H](C)[C@@H](O[C@H]2C[C@@](C)(OC)[C@@H](O)[C@H](C)O2)[C@H](C)[C@@H](O[C@@H]2O[C@H](C)C[C@H](N(C)C)[C@H]2O)[C@](C)(O)C[C@@H](C)C(=O)[C@H](C)[C@@H](O)[C@]1(C)O,built,51.0,53.0
ISOSORBIDE MONONITRATE,C:\Users\patel\Desktop\group_project\cardiotox-fusion\data\processed\graphs\ISOSORBIDE_MONONITRATE.pt,1,O=[N+]([O-])O[C@@H]1CO[C@H]2[C@@H]1OC[C@@H]2O,built,13.0,14.0
NABUMETONE,C:\Users\patel\Desktop\group_project\cardiotox-fusion\data\processed\graphs\NABUMETONE.pt,1,COc1ccc2cc(CCC(C)=O)ccc2c1,built,17.0,18.0
SUNITINIB MALATE,C:\Users\patel\Desktop\group_project\cardiotox-fusion\data\processed\graphs\SUNITINIB_MALATE.pt,1,CCN(CC)CCNC(=O)c1c(C)[nH]c(/C=C2\C(=O)Nc3ccc(F)cc32)c1C,built,29.0,31.0
CABERGOLINE,C:\Users\patel\Desktop\group_project\cardiotox-fusion\data\processed\graphs\CABERGOLINE.pt,1,C=CCN1C[C@H](C(=O)N(CCCN(C)C)C(=O)NCC)C[C@@H]2c3cccc4[nH]cc(c34)C[C@H]21,built,33.0,36.0
RASAGILINE MESYLATE,C:\Users\patel\Desktop\group_project\cardiotox-fusion\data\processed\graphs\RASAGILINE_MESYLATE.pt,1,C#CCN[C@@H]1CCc2ccccc21,built,13.0,14.0
ACITRETIN,C:\Users\patel\Desktop\group_project\cardiotox-fusion\data\processed\graphs\ACITRETIN.pt,1,COc1cc(C)c(/C=C/C(C)=C/C=C/C(C)=C/C(=O)O)c(C)c1C,built,24.0,24.0
OXYBUTYNIN CHLORIDE,C:\Users\patel\Desktop\group_project\cardiotox-fusion\data\processed\graphs\OXYBUTYNIN_CHLORIDE.pt,1,CCN(CC)CC#CCOC(=O)C(O)(c1ccccc1)C1CCCCC1,built,26.0,27.0
RISPERIDONE,C:\Users\patel\Desktop\group_project\cardiotox-fusion\data\processed\graphs\RISPERIDONE.pt,1,Cc1nc2n(c(=O)c1CCN1CCC(c3noc4cc(F)ccc34)CC1)CCCC2,built,30.0,34.0
DICLOFENAC POTASSIUM,C:\Users\patel\Desktop\group_project\cardiotox-fusion\data\processed\graphs\DICLOFENAC_POTASSIUM.pt,1,O=C([O-])Cc1ccccc1Nc1c(Cl)cccc1Cl,built,19.0,20.0
RAMIPRIL,C:\Users\patel\Desktop\group_project\cardiotox-fusion\data\processed\graphs\RAMIPRIL.pt,1,CCOC(=O)[C@H](CCc1ccccc1)N[C@@H](C)C(=O)N1[C@H](C(=O)O)C[C@@H]2CCC[C@@H]21,built,30.0,32.0
PYRIDOSTIGMINE BROMIDE,C:\Users\patel\Desktop\group_project\cardiotox-fusion\data\processed\graphs\PYRIDOSTIGMINE_BROMIDE.pt,0,CN(C)C(=O)Oc1ccc[n+](C)c1,built,13.0,13.0
SOLIFENACIN SUCCINATE,C:\Users\patel\Desktop\group_project\cardiotox-fusion\data\processed\graphs\SOLIFENACIN_SUCCINATE.pt,1,O=C(O[C@H]1CN2CCC1CC2)N1CCc2ccccc2[C@@H]1c1ccccc1,built,27.0,31.0
OMEPRAZOLE,C:\Users\patel\Desktop\group_project\cardiotox-fusion\data\processed\graphs\OMEPRAZOLE.pt,1,COc1ccc2[nH]c([S+]([O-])Cc3ncc(C)c(OC)c3C)nc2c1,built,24.0,26.0
QUININE SULFATE,C:\Users\patel\Desktop\group_project\cardiotox-fusion\data\processed\graphs\QUININE_SULFATE.pt,1,C=C[C@H]1CN2CC[C@H]1C[C@H]2[C@H](O)c1ccnc2ccc(OC)cc12,built,24.0,27.0
MEMANTINE HYDROCHLORIDE,C:\Users\patel\Desktop\group_project\cardiotox-fusion\data\processed\graphs\MEMANTINE_HYDROCHLORIDE.pt,1,CC12CC3CC(C)(C1)CC(N)(C3)C2,built,13.0,15.0
PIOGLITAZONE HYDROCHLORIDE,C:\Users\patel\Desktop\group_project\cardiotox-fusion\data\processed\graphs\PIOGLITAZONE_HYDROCHLORIDE.pt,1,CCc1ccc(CCOc2ccc(CC3SC(=O)NC3=O)cc2)nc1,built,25.0,27.0
Dextroamphetamine Sulfate,C:\Users\patel\Desktop\group_project\cardiotox-fusion\data\processed\graphs\Dextroamphetamine_Sulfate.pt,1,C[C@H](N)Cc1ccccc1,built,10.0,10.0
NEBIVOLOL HYDROCHLORIDE,C:\Users\patel\Desktop\group_project\cardiotox-fusion\data\processed\graphs\NEBIVOLOL_HYDROCHLORIDE.pt,1,OC(CNCC(O)C1CCc2cc(F)ccc2O1)C1CCc2cc(F)ccc2O1,built,29.0,32.0
VORICONAZOLE,C:\Users\patel\Desktop\group_project\cardiotox-fusion\data\processed\graphs\VORICONAZOLE.pt,1,C[C@@H](c1ncncc1F)[C@](O)(Cn1cncn1)c1ccc(F)cc1F,built,25.0,27.0
RIMANTADINE HYDROCHLORIDE,C:\Users\patel\Desktop\group_project\cardiotox-fusion\data\processed\graphs\RIMANTADINE_HYDROCHLORIDE.pt,1,CC(N)C12CC3CC(CC(C3)C1)C2,built,13.0,15.0
EFAVIRENZ,C:\Users\patel\Desktop\group_project\cardiotox-fusion\data\processed\graphs\EFAVIRENZ.pt,1,O=C1Nc2ccc(Cl)cc2[C@@](C#CC2CC2)(C(F)(F)F)O1,built,21.0,23.0
CELECOXIB,C:\Users\patel\Desktop\group_project\cardiotox-fusion\data\processed\graphs\CELECOXIB.pt,1,Cc1ccc(-c2cc(C(F)(F)F)nn2-c2ccc(S(N)(=O)=O)cc2)cc1,built,26.0,28.0
CEFADROXIL HEMIHYDRATE,C:\Users\patel\Desktop\group_project\cardiotox-fusion\data\processed\graphs\CEFADROXIL_HEMIHYDRATE.pt,0,CC1=C(C(=O)O)N2C(=O)[C@@H](NC(=O)[C@H](N)c3ccc(O)cc3)[C@H]2SC1,built,25.0,27.0
SUMATRIPTAN SUCCINATE,C:\Users\patel\Desktop\group_project\cardiotox-fusion\data\processed\graphs\SUMATRIPTAN_SUCCINATE.pt,1,CNS(=O)(=O)Cc1ccc2[nH]cc(CCN(C)C)c2c1,built,20.0,21.0
HALOPERIDOL,C:\Users\patel\Desktop\group_project\cardiotox-fusion\data\processed\graphs\HALOPERIDOL.pt,1,O=C(CCCN1CCC(O)(c2ccc(Cl)cc2)CC1)c1ccc(F)cc1,built,26.0,28.0
CLOZAPINE,C:\Users\patel\Desktop\group_project\cardiotox-fusion\data\processed\graphs\CLOZAPINE.pt,1,CN1CCN(C2=Nc3cc(Cl)ccc3Nc3ccccc32)CC1,built,23.0,26.0
AZITHROMYCIN ANHYDROUS,C:\Users\patel\Desktop\group_project\cardiotox-fusion\data\processed\graphs\AZITHROMYCIN_ANHYDROUS.pt,1,CC[C@@H]1OC(=O)[C@H](C)[C@@H](O[C@@H]2C[C@](C)(OC)[C@H](O)[C@@H](C)O2)[C@@H](C)[C@@H](O[C@@H]2O[C@H](C)C[C@H](N(C)C)[C@H]2O)[C@](C)(O)C[C@@H](C)CN(C)[C@H](C)[C@@H](O)[C@]1(C)O,built,52.0,54.0
ABACAVIR SULFATE,C:\Users\patel\Desktop\group_project\cardiotox-fusion\data\processed\graphs\ABACAVIR_SULFATE.pt,1,Nc1nc(NC2CC2)c2ncn([C@H]3C=C[C@@H](CO)C3)c2n1,built,21.0,24.0
QUINIDINE SULFATE,C:\Users\patel\Desktop\group_project\cardiotox-fusion\data\processed\graphs\QUINIDINE_SULFATE.pt,1,C=C[C@H]1CN2CC[C@H]1C[C@@H]2[C@@H](O)c1ccnc2ccc(OC)cc12,built,24.0,27.0
PREDNISOLONE SODIUM PHOSPHATE,C:\Users\patel\Desktop\group_project\cardiotox-fusion\data\processed\graphs\PREDNISOLONE_SODIUM_PHOSPHATE.pt,1,C[C@]12C=CC(=O)C=C1CC[C@@H]1[C@@H]2[C@@H](O)C[C@@]2(C)[C@H]1CC[C@]2(O)C(=O)COP(=O)([O-])[O-],built,30.0,33.0
FOSAMPRENAVIR CALCIUM,C:\Users\patel\Desktop\group_project\cardiotox-fusion\data\processed\graphs\FOSAMPRENAVIR_CALCIUM.pt,1,CC(C)CN(C[C@@H](OP(=O)([O-])[O-])[C@H](Cc1ccccc1)NC(=O)O[C@H]1CCOC1)S(=O)(=O)c1ccc(N)cc1,built,39.0,41.0
ISOSORBIDE DINITRATE,C:\Users\patel\Desktop\group_project\cardiotox-fusion\data\processed\graphs\ISOSORBIDE_DINITRATE.pt,1,O=[N+]([O-])O[C@H]1CO[C@H]2[C@@H]1OC[C@H]2O[N+](=O)[O-],built,16.0,17.0
NIFEDIPINE,C:\Users\patel\Desktop\group_project\cardiotox-fusion\data\processed\graphs\NIFEDIPINE.pt,1,COC(=O)C1=C(C)NC(C)=C(C(=O)OC)C1c1ccccc1[N+](=O)[O-],built,25.0,26.0
FLUOXETINE HYDROCHLORIDE,C:\Users\patel\Desktop\group_project\cardiotox-fusion\data\processed\graphs\FLUOXETINE_HYDROCHLORIDE.pt,1,CNCCC(Oc1ccc(C(F)(F)F)cc1)c1ccccc1,built,22.0,23.0
PROCHLORPERAZINE MALEATE,C:\Users\patel\Desktop\group_project\cardiotox-fusion\data\processed\graphs\PROCHLORPERAZINE_MALEATE.pt,1,CN1CCN(CCCN2c3ccccc3Sc3ccc(Cl)cc32)CC1,built,25.0,28.0
AMPICILLIN TRIHYDRATE,C:\Users\patel\Desktop\group_project\cardiotox-fusion\data\processed\graphs\AMPICILLIN_TRIHYDRATE.pt,0,CC1(C)S[C@@H]2[C@H](NC(=O)[C@H](N)c3ccccc3)C(=O)N2[C@H]1C(=O)O,built,24.0,26.0
AMBRISENTAN,C:\Users\patel\Desktop\group_project\cardiotox-fusion\data\processed\graphs\AMBRISENTAN.pt,1,COC(c1ccccc1)(c1ccccc1)[C@H](Oc1nc(C)cc(C)n1)C(=O)O,built,28.0,30.0
MYCOPHENOLIC ACID,C:\Users\patel\Desktop\group_project\cardiotox-fusion\data\processed\graphs\MYCOPHENOLIC_ACID.pt,1,COc1c(C)c2c(c(O)c1C/C=C(\C)CCC(=O)O)C(=O)OC2,built,23.0,24.0
RISEDRONATE SODIUM HEMI-PENTAHYDRATE,C:\Users\patel\Desktop\group_project\cardiotox-fusion\data\processed\graphs\RISEDRONATE_SODIUM_HEMI-PENTAHYDRATE.pt,1,O=P([O-])(O)C(O)(Cc1cccnc1)P(=O)(O)O,built,17.0,17.0
COLCHICEINE,C:\Users\patel\Desktop\group_project\cardiotox-fusion\data\processed\graphs\COLCHICEINE.pt,0,COc1cc2c(c(OC)c1OC)-c1ccc(=O)c(O)cc1[C@@H](NC(C)=O)CC2,built,28.0,30.0
SOTALOL HYDROCHLORIDE,C:\Users\patel\Desktop\group_project\cardiotox-fusion\data\processed\graphs\SOTALOL_HYDROCHLORIDE.pt,1,CC(C)NCC(O)c1ccc(NS(C)(=O)=O)cc1,built,18.0,18.0
MECLIZINE HYDROCHLORIDE,C:\Users\patel\Desktop\group_project\cardiotox-fusion\data\processed\graphs\MECLIZINE_HYDROCHLORIDE.pt,0,Cc1cccc(CN2CCN(C(c3ccccc3)c3ccc(Cl)cc3)CC2)c1,built,28.0,31.0
TRIENTINE HYDROCHLORIDE,C:\Users\patel\Desktop\group_project\cardiotox-fusion\data\processed\graphs\TRIENTINE_HYDROCHLORIDE.pt,0,NCCNCCNCCN,built,10.0,9.0
BACLOFEN,C:\Users\patel\Desktop\group_project\cardiotox-fusion\data\processed\graphs\BACLOFEN.pt,1,NCC(CC(=O)O)c1ccc(Cl)cc1,built,14.0,14.0
BETHANECHOL CHLORIDE,C:\Users\patel\Desktop\group_project\cardiotox-fusion\data\processed\graphs\BETHANECHOL_CHLORIDE.pt,1,CC(C[N+](C)(C)C)OC(N)=O,built,11.0,10.0
CLARITHROMYCIN,C:\Users\patel\Desktop\group_project\cardiotox-fusion\data\processed\graphs\CLARITHROMYCIN.pt,1,CC[C@H]1OC(=O)[C@H](C)[C@@H](O[C@H]2C[C@@](C)(OC)[C@@H](O)[C@H](C)O2)[C@H](C)[C@@H](O[C@@H]2O[C@H](C)C[C@H](N(C)C)[C@H]2O)[C@](C)(OC)C[C@@H](C)C(=O)[C@H](C)[C@@H](O)[C@]1(C)O,built,52.0,54.0
CHLORZOXAZONE,C:\Users\patel\Desktop\group_project\cardiotox-fusion\data\processed\graphs\CHLORZOXAZONE.pt,0,O=c1[nH]c2cc(Cl)ccc2o1,built,11.0,12.0
PRIMAQUINE PHOSPHATE,C:\Users\patel\Desktop\group_project\cardiotox-fusion\data\processed\graphs\PRIMAQUINE_PHOSPHATE.pt,1,COc1cc(NC(C)CCCN)c2ncccc2c1,built,19.0,20.0
VENLAFAXINE,C:\Users\patel\Desktop\group_project\cardiotox-fusion\data\processed\graphs\VENLAFAXINE.pt,1,COc1ccc(C(CN(C)C)C2(O)CCCCC2)cc1,built,20.0,21.0
VIGABATRIN,C:\Users\patel\Desktop\group_project\cardiotox-fusion\data\processed\graphs\VIGABATRIN.pt,0,C=CC(N)CCC(=O)O,built,9.0,8.0
PENICILLAMINE,C:\Users\patel\Desktop\group_project\cardiotox-fusion\data\processed\graphs\PENICILLAMINE.pt,0,CC(C)(S)[C@@H](N)C(=O)O,built,9.0,8.0
METAPROTERENOL SULFATE,C:\Users\patel\Desktop\group_project\cardiotox-fusion\data\processed\graphs\METAPROTERENOL_SULFATE.pt,1,CC(C)NCC(O)c1cc(O)cc(O)c1,built,15.0,15.0
VALGANCICLOVIR,C:\Users\patel\Desktop\group_project\cardiotox-fusion\data\processed\graphs\VALGANCICLOVIR.pt,1,CC(C)[C@H](N)C(=O)OCC(CO)OCn1cnc2c(=O)[nH]c(N)nc21,built,25.0,26.0
LIOTHYRONINE SODIUM,C:\Users\patel\Desktop\group_project\cardiotox-fusion\data\processed\graphs\LIOTHYRONINE_SODIUM.pt,1,N[C@@H](Cc1cc(I)c(Oc2ccc(O)c(I)c2)c(I)c1)C(=O)[O-],built,23.0,24.0
PRASUGREL HYDROCHLORIDE,C:\Users\patel\Desktop\group_project\cardiotox-fusion\data\processed\graphs\PRASUGREL_HYDROCHLORIDE.pt,1,CC(=O)Oc1cc2c(s1)CCN(C(C(=O)C1CC1)c1ccccc1F)C2,built,26.0,29.0
EMTRICITABINE,C:\Users\patel\Desktop\group_project\cardiotox-fusion\data\processed\graphs\EMTRICITABINE.pt,0,Nc1nc(=O)n([C@@H]2CS[C@H](CO)O2)cc1F,built,16.0,17.0
VALACYCLOVIR HYDROCHLORIDE,C:\Users\patel\Desktop\group_project\cardiotox-fusion\data\processed\graphs\VALACYCLOVIR_HYDROCHLORIDE.pt,0,CC(C)[C@H](N)C(=O)OCCOCn1cnc2c(=O)nc(N)[nH]c21,built,23.0,24.0
DESLORATADINE,C:\Users\patel\Desktop\group_project\cardiotox-fusion\data\processed\graphs\DESLORATADINE.pt,0,Clc1ccc2c(c1)CCc1cccnc1C2=C1CCNCC1,built,22.0,25.0
PERPHENAZINE,C:\Users\patel\Desktop\group_project\cardiotox-fusion\data\processed\graphs\PERPHENAZINE.pt,1,OCCN1CCN(CCCN2c3ccccc3Sc3ccc(Cl)cc32)CC1,built,27.0,30.0
DIMETHYL FUMARATE,C:\Users\patel\Desktop\group_project\cardiotox-fusion\data\processed\graphs\DIMETHYL_FUMARATE.pt,0,COC(=O)/C=C/C(=O)OC,built,10.0,9.0
BROMOCRIPTINE MESYLATE,C:\Users\patel\Desktop\group_project\cardiotox-fusion\data\processed\graphs\BROMOCRIPTINE_MESYLATE.pt,1,CC(C)C[C@H]1C(=O)N2CCC[C@H]2[C@]2(O)O[C@](NC(=O)[C@@H]3C=C4c5cccc6[nH]c(Br)c(c56)C[C@H]4N(C)C3)(C(C)C)C(=O)N12,built,43.0,49.0
NADOLOL,C:\Users\patel\Desktop\group_project\cardiotox-fusion\data\processed\graphs\NADOLOL.pt,1,CC(C)(C)NCC(O)COc1cccc2c1CC(O)C(O)C2,built,22.0,23.0
PROPRANOLOL HYDROCHLORIDE,C:\Users\patel\Desktop\group_project\cardiotox-fusion\data\processed\graphs\PROPRANOLOL_HYDROCHLORIDE.pt,1,CC(C)NCC(O)COc1cccc2ccccc12,built,19.0,20.0
RISEDRONATE SODIUM MONOHYDRATE,C:\Users\patel\Desktop\group_project\cardiotox-fusion\data\processed\graphs\RISEDRONATE_SODIUM_MONOHYDRATE.pt,1,O=P([O-])(O)C(O)(Cc1cccnc1)P(=O)(O)O,built,17.0,17.0
ALBENDAZOLE,C:\Users\patel\Desktop\group_project\cardiotox-fusion\data\processed\graphs\ALBENDAZOLE.pt,0,CCCSc1ccc2[nH]c(NC(=O)OC)nc2c1,built,18.0,19.0
INDAPAMIDE,C:\Users\patel\Desktop\group_project\cardiotox-fusion\data\processed\graphs\INDAPAMIDE.pt,1,CC1Cc2ccccc2N1NC(=O)c1ccc(Cl)c(S(N)(=O)=O)c1,built,24.0,26.0
EZETIMIBE,C:\Users\patel\Desktop\group_project\cardiotox-fusion\data\processed\graphs\EZETIMIBE.pt,0,O=C1[C@H](CC[C@H](O)c2ccc(F)cc2)[C@@H](c2ccc(O)cc2)N1c1ccc(F)cc1,built,30.0,33.0
ABIRATERONE ACETATE,C:\Users\patel\Desktop\group_project\cardiotox-fusion\data\processed\graphs\ABIRATERONE_ACETATE.pt,1,CC(=O)O[C@H]1CC[C@@]2(C)C(=CC[C@@H]3[C@@H]2CC[C@]2(C)C(c4cccnc4)=CC[C@@H]32)C1,built,29.0,33.0
ISOTRETINOIN,C:\Users\patel\Desktop\group_project\cardiotox-fusion\data\processed\graphs\ISOTRETINOIN.pt,1,CC1=C(/C=C/C(C)=C/C=C/C(C)=C\C(=O)O)C(C)(C)CCC1,built,22.0,22.0
LISINOPRIL,C:\Users\patel\Desktop\group_project\cardiotox-fusion\data\processed\graphs\LISINOPRIL.pt,1,NCCCC[C@H](N[C@@H](CCc1ccccc1)C(=O)O)C(=O)N1CCC[C@H]1C(=O)O,built,29.0,30.0
TIAGABINE HYDROCHLORIDE,C:\Users\patel\Desktop\group_project\cardiotox-fusion\data\processed\graphs\TIAGABINE_HYDROCHLORIDE.pt,1,Cc1ccsc1C(=CCCN1CCC[C@@H](C(=O)O)C1)c1sccc1C,built,25.0,27.0
ROPINIROLE HYDROCHLORIDE,C:\Users\patel\Desktop\group_project\cardiotox-fusion\data\processed\graphs\ROPINIROLE_HYDROCHLORIDE.pt,1,CCCN(CCC)CCc1cccc2c1CC(=O)N2,built,19.0,20.0
TERAZOSIN HYDROCHLORIDE,C:\Users\patel\Desktop\group_project\cardiotox-fusion\data\processed\graphs\TERAZOSIN_HYDROCHLORIDE.pt,1,COc1cc2nc(N3CCN(C(=O)C4CCCO4)CC3)nc(N)c2cc1OC,built,28.0,31.0
FROVATRIPTAN SUCCINATE,C:\Users\patel\Desktop\group_project\cardiotox-fusion\data\processed\graphs\FROVATRIPTAN_SUCCINATE.pt,1,CN[C@@H]1CCc2[nH]c3ccc(C(N)=O)cc3c2C1,built,18.0,20.0
SILODOSIN,C:\Users\patel\Desktop\group_project\cardiotox-fusion\data\processed\graphs\SILODOSIN.pt,1,C[C@H](Cc1cc2c(c(C(N)=O)c1)N(CCCO)CC2)NCCOc1ccccc1OCC(F)(F)F,built,35.0,37.0
DARIFENACIN HYDROBROMIDE,C:\Users\patel\Desktop\group_project\cardiotox-fusion\data\processed\graphs\DARIFENACIN_HYDROBROMIDE.pt,1,NC(=O)C(c1ccccc1)(c1ccccc1)[C@@H]1CCN(CCc2ccc3c(c2)CCO3)C1,built,32.0,36.0
DICYCLOMINE HYDROCHLORIDE,C:\Users\patel\Desktop\group_project\cardiotox-fusion\data\processed\graphs\DICYCLOMINE_HYDROCHLORIDE.pt,1,CCN(CC)CCOC(=O)C1(C2CCCCC2)CCCCC1,built,22.0,23.0
CEFDINIR,C:\Users\patel\Desktop\group_project\cardiotox-fusion\data\processed\graphs\CEFDINIR.pt,1,C=CC1=C(C(=O)O)N2C(=O)[C@@H](NC(=O)/C(=N\O)c3csc(N)n3)[C@H]2SC1,built,26.0,28.0
TEMAZEPAM,C:\Users\patel\Desktop\group_project\cardiotox-fusion\data\processed\graphs\TEMAZEPAM.pt,1,CN1C(=O)C(O)N=C(c2ccccc2)c2cc(Cl)ccc21,built,21.0,23.0
PROPOXYPHENE HYDROCHLORIDE,C:\Users\patel\Desktop\group_project\cardiotox-fusion\data\processed\graphs\PROPOXYPHENE_HYDROCHLORIDE.pt,1,CCC(=O)O[C@](Cc1ccccc1)(c1ccccc1)[C@H](C)CN(C)C,built,25.0,26.0
MOXIFLOXACIN HYDROCHLORIDE,C:\Users\patel\Desktop\group_project\cardiotox-fusion\data\processed\graphs\MOXIFLOXACIN_HYDROCHLORIDE.pt,1,COc1c(N2C[C@@H]3CCCN[C@@H]3C2)c(F)cc2c(=O)c(C(=O)O)cn(C3CC3)c12,built,29.0,33.0
OXYCODONE HYDROCHLORIDE,C:\Users\patel\Desktop\group_project\cardiotox-fusion\data\processed\graphs\OXYCODONE_HYDROCHLORIDE.pt,1,COc1ccc2c3c1O[C@H]1C(=O)CC[C@@]4(O)[C@@H](C2)N(C)CC[C@]314,built,23.0,27.0
THEOPHYLLINE,C:\Users\patel\Desktop\group_project\cardiotox-fusion\data\processed\graphs\THEOPHYLLINE.pt,1,Cn1c(=O)c2nc[nH]c2n(C)c1=O,built,13.0,14.0
PHENTERMINE,C:\Users\patel\Desktop\group_project\cardiotox-fusion\data\processed\graphs\PHENTERMINE.pt,1,CC(C)(N)Cc1ccccc1,built,11.0,11.0
SILDENAFIL CITRATE,C:\Users\patel\Desktop\group_project\cardiotox-fusion\data\processed\graphs\SILDENAFIL_CITRATE.pt,1,CCCc1nn(C)c2c(=O)[nH]c(-c3cc(S(=O)(=O)N4CCN(C)CC4)ccc3OCC)nc12,built,33.0,36.0
STAVUDINE,C:\Users\patel\Desktop\group_project\cardiotox-fusion\data\processed\graphs\STAVUDINE.pt,0,Cc1cn([C@H]2C=C[C@@H](CO)O2)c(=O)[nH]c1=O,built,16.0,17.0
IMIPRAMINE HYDROCHLORIDE,C:\Users\patel\Desktop\group_project\cardiotox-fusion\data\processed\graphs\IMIPRAMINE_HYDROCHLORIDE.pt,1,CN(C)CCCN1c2ccccc2CCc2ccccc21,built,21.0,23.0
RANITIDINE HYDROCHLORIDE,C:\Users\patel\Desktop\group_project\cardiotox-fusion\data\processed\graphs\RANITIDINE_HYDROCHLORIDE.pt,1,CNC(=C[N+](=O)[O-])NCCSCc1ccc(CN(C)C)o1,built,21.0,21.0
PINDOLOL,C:\Users\patel\Desktop\group_project\cardiotox-fusion\data\processed\graphs\PINDOLOL.pt,1,CC(C)NCC(O)COc1cccc2[nH]ccc12,built,18.0,19.0
DALFAMPRIDINE,C:\Users\patel\Desktop\group_project\cardiotox-fusion\data\processed\graphs\DALFAMPRIDINE.pt,0,Nc1ccncc1,built,7.0,7.0
NEVIRAPINE HEMIHYDRATE,C:\Users\patel\Desktop\group_project\cardiotox-fusion\data\processed\graphs\NEVIRAPINE_HEMIHYDRATE.pt,0,Cc1ccnc2c1NC(=O)c1cccnc1N2C1CC1,built,20.0,23.0
TIZANIDINE HYDROCHLORIDE,C:\Users\patel\Desktop\group_project\cardiotox-fusion\data\processed\graphs\TIZANIDINE_HYDROCHLORIDE.pt,1,Clc1ccc2nsnc2c1NC1=NCCN1,built,16.0,18.0
ACEBUTOLOL HYDROCHLORIDE,C:\Users\patel\Desktop\group_project\cardiotox-fusion\data\processed\graphs\ACEBUTOLOL_HYDROCHLORIDE.pt,1,CCCC(=O)Nc1ccc(OCC(O)CNC(C)C)c(C(C)=O)c1,built,24.0,24.0
TRIHEXYPHENIDYL HYDROCHLORIDE,C:\Users\patel\Desktop\group_project\cardiotox-fusion\data\processed\graphs\TRIHEXYPHENIDYL_HYDROCHLORIDE.pt,1,OC(CCN1CCCCC1)(c1ccccc1)C1CCCCC1,built,22.0,24.0
SIMVASTATIN,C:\Users\patel\Desktop\group_project\cardiotox-fusion\data\processed\graphs\SIMVASTATIN.pt,1,CCC(C)(C)C(=O)O[C@H]1C[C@@H](C)C=C2C=C[C@H](C)[C@H](CC[C@@H]3C[C@@H](O)CC(=O)O3)[C@H]21,built,30.0,32.0
MIGLUSTAT,C:\Users\patel\Desktop\group_project\cardiotox-fusion\data\processed\graphs\MIGLUSTAT.pt,0,CCCCN1C[C@H](O)[C@@H](O)[C@H](O)[C@H]1CO,built,15.0,15.0
RANOLAZINE,C:\Users\patel\Desktop\group_project\cardiotox-fusion\data\processed\graphs\RANOLAZINE.pt,1,COc1ccccc1OCC(O)CN1CCN(CC(=O)Nc2c(C)cccc2C)CC1,built,31.0,33.0
BEXAROTENE,C:\Users\patel\Desktop\group_project\cardiotox-fusion\data\processed\graphs\BEXAROTENE.pt,1,C=C(c1ccc(C(=O)O)cc1)c1cc2c(cc1C)C(C)(C)CCC2(C)C,built,26.0,28.0
TICLOPIDINE HYDROCHLORIDE,C:\Users\patel\Desktop\group_project\cardiotox-fusion\data\processed\graphs\TICLOPIDINE_HYDROCHLORIDE.pt,0,Clc1ccccc1CN1CCc2sccc2C1,built,17.0,19.0
BICALUTAMIDE,C:\Users\patel\Desktop\group_project\cardiotox-fusion\data\processed\graphs\BICALUTAMIDE.pt,1,CC(O)(CS(=O)(=O)c1ccc(F)cc1)C(=O)Nc1ccc(C#N)c(C(F)(F)F)c1,built,29.0,30.0
ATORVASTATIN,C:\Users\patel\Desktop\group_project\cardiotox-fusion\data\processed\graphs\ATORVASTATIN.pt,0,CC(C)c1c(C(=O)Nc2ccccc2)c(-c2ccccc2)c(-c2ccc(F)cc2)n1CC[C@@H](O)C[C@@H](O)CC(=O)O,built,41.0,44.0
MIRTAZAPINE,C:\Users\patel\Desktop\group_project\cardiotox-fusion\data\processed\graphs\MIRTAZAPINE.pt,1,CN1CCN2c3ncccc3Cc3ccccc3C2C1,built,20.0,23.0
CHLORPROMAZINE HYDROCHLORIDE,C:\Users\patel\Desktop\group_project\cardiotox-fusion\data\processed\graphs\CHLORPROMAZINE_HYDROCHLORIDE.pt,1,CN(C)CCCN1c2ccccc2Sc2ccc(Cl)cc21,built,21.0,23.0
LACTULOSE,C:\Users\patel\Desktop\group_project\cardiotox-fusion\data\processed\graphs\LACTULOSE.pt,0,OC[C@H]1O[C@@H](O[C@@H]2[C@@H](CO)O[C@](O)(CO)[C@H]2O)[C@H](O)[C@@H](O)[C@H]1O,built,23.0,24.0
NAPROXEN SODIUM,C:\Users\patel\Desktop\group_project\cardiotox-fusion\data\processed\graphs\NAPROXEN_SODIUM.pt,1,COc1ccc2cc([C@H](C)C(=O)[O-])ccc2c1,built,17.0,18.0
PREDNISOLONE,C:\Users\patel\Desktop\group_project\cardiotox-fusion\data\processed\graphs\PREDNISOLONE.pt,1,C[C@]12C=CC(=O)C=C1CC[C@@H]1[C@@H]2[C@@H](O)C[C@@]2(C)[C@H]1CC[C@]2(O)C(=O)CO,built,26.0,29.0
TRAMADOL HYDROCHLORIDE,C:\Users\patel\Desktop\group_project\cardiotox-fusion\data\processed\graphs\TRAMADOL_HYDROCHLORIDE.pt,1,COc1cccc(C2(O)CCCCC2CN(C)C)c1,built,19.0,20.0
LOVASTATIN,C:\Users\patel\Desktop\group_project\cardiotox-fusion\data\processed\graphs\LOVASTATIN.pt,0,CC[C@H](C)C(=O)O[C@H]1C[C@@H](C)C=C2C=C[C@H](C)[C@H](CC[C@@H]3C[C@@H](O)CC(=O)O3)[C@H]21,built,29.0,31.0
RIVASTIGMINE TARTRATE,C:\Users\patel\Desktop\group_project\cardiotox-fusion\data\processed\graphs\RIVASTIGMINE_TARTRATE.pt,1,CCN(C)C(=O)Oc1cccc([C@H](C)N(C)C)c1,built,18.0,18.0
MEPROBAMATE,C:\Users\patel\Desktop\group_project\cardiotox-fusion\data\processed\graphs\MEPROBAMATE.pt,1,CCCC(C)(COC(N)=O)COC(N)=O,built,15.0,14.0
CAPTOPRIL,C:\Users\patel\Desktop\group_project\cardiotox-fusion\data\processed\graphs\CAPTOPRIL.pt,1,C[C@H](CS)C(=O)N1CCC[C@H]1C(=O)O,built,14.0,14.0
FLAVOXATE HYDROCHLORIDE,C:\Users\patel\Desktop\group_project\cardiotox-fusion\data\processed\graphs\FLAVOXATE_HYDROCHLORIDE.pt,1,Cc1c(-c2ccccc2)oc2c(C(=O)OCCN3CCCCC3)cccc2c1=O,built,29.0,32.0
METHAMPHETAMINE HYDROCHLORIDE,C:\Users\patel\Desktop\group_project\cardiotox-fusion\data\processed\graphs\METHAMPHETAMINE_HYDROCHLORIDE.pt,1,CN[C@@H](C)Cc1ccccc1,built,11.0,11.0
CEFIXIME,C:\Users\patel\Desktop\group_project\cardiotox-fusion\data\processed\graphs\CEFIXIME.pt,0,C=CC1=C(C(=O)O)N2C(=O)[C@@H](NC(=O)/C(=N\OCC(=O)O)c3csc(N)n3)[C@H]2SC1,built,30.0,32.0
CYCLOSERINE,C:\Users\patel\Desktop\group_project\cardiotox-fusion\data\processed\graphs\CYCLOSERINE.pt,1,N[C@@H]1CONC1=O,built,7.0,7.0
MECLOFENAMATE SODIUM,C:\Users\patel\Desktop\group_project\cardiotox-fusion\data\processed\graphs\MECLOFENAMATE_SODIUM.pt,1,Cc1ccc(Cl)c(Nc2ccccc2C(=O)[O-])c1Cl,built,19.0,20.0
FOLIC ACID,C:\Users\patel\Desktop\group_project\cardiotox-fusion\data\processed\graphs\FOLIC_ACID.pt,0,Nc1nc(=O)c2nc(CNc3ccc(C(=O)N[C@@H](CCC(=O)O)C(=O)O)cc3)cnc2[nH]1,built,32.0,34.0
NITROFURANTOIN,C:\Users\patel\Desktop\group_project\cardiotox-fusion\data\processed\graphs\NITROFURANTOIN.pt,1,O=C1CN(/N=C/c2ccc([N+](=O)[O-])o2)C(=O)N1,built,17.0,18.0
MYCOPHENOLATE MOFETIL,C:\Users\patel\Desktop\group_project\cardiotox-fusion\data\processed\graphs\MYCOPHENOLATE_MOFETIL.pt,1,COc1c(C)c2c(c(O)c1C/C=C(\C)CCC(=O)OCCN1CCOCC1)C(=O)OC2,built,31.0,33.0
KETOPROFEN,C:\Users\patel\Desktop\group_project\cardiotox-fusion\data\processed\graphs\KETOPROFEN.pt,1,CC(C(=O)O)c1cccc(C(=O)c2ccccc2)c1,built,19.0,20.0
DULOXETINE HYDROCHLORIDE,C:\Users\patel\Desktop\group_project\cardiotox-fusion\data\processed\graphs\DULOXETINE_HYDROCHLORIDE.pt,1,CNCC[C@H](Oc1cccc2ccccc12)c1cccs1,built,21.0,23.0
RAMELTEON,C:\Users\patel\Desktop\group_project\cardiotox-fusion\data\processed\graphs\RAMELTEON.pt,0,CCC(=O)NCC[C@@H]1CCc2ccc3c(c21)CCO3,built,19.0,21.0
FLUCONAZOLE,C:\Users\patel\Desktop\group_project\cardiotox-fusion\data\processed\graphs\FLUCONAZOLE.pt,1,OC(Cn1cncn1)(Cn1cncn1)c1ccc(F)cc1F,built,22.0,24.0
CYCLOPHOSPHAMIDE,C:\Users\patel\Desktop\group_project\cardiotox-fusion\data\processed\graphs\CYCLOPHOSPHAMIDE.pt,1,O=P1(N(CCCl)CCCl)NCCCO1,built,14.0,14.0
IMATINIB MESYLATE,C:\Users\patel\Desktop\group_project\cardiotox-fusion\data\processed\graphs\IMATINIB_MESYLATE.pt,1,Cc1ccc(NC(=O)c2ccc(CN3CCN(C)CC3)cc2)cc1Nc1nccc(-c2cccnc2)n1,built,37.0,41.0
RANITIDINE,C:\Users\patel\Desktop\group_project\cardiotox-fusion\data\processed\graphs\RANITIDINE.pt,1,CNC(=C[N+](=O)[O-])NCCSCc1ccc(CN(C)C)o1,built,21.0,21.0
CORTISONE ACETATE,C:\Users\patel\Desktop\group_project\cardiotox-fusion\data\processed\graphs\CORTISONE_ACETATE.pt,1,CC(=O)OCC(=O)[C@@]1(O)CC[C@H]2[C@@H]3CCC4=CC(=O)CC[C@]4(C)[C@H]3C(=O)C[C@@]21C,built,29.0,32.0
AMLODIPINE BESYLATE,C:\Users\patel\Desktop\group_project\cardiotox-fusion\data\processed\graphs\AMLODIPINE_BESYLATE.pt,1,CCOC(=O)C1=C(COCCN)NC(C)=C(C(=O)OC)C1c1ccccc1Cl,built,28.0,29.0
PAROMOMYCIN SULFATE,C:\Users\patel\Desktop\group_project\cardiotox-fusion\data\processed\graphs\PAROMOMYCIN_SULFATE.pt,0,NC[C@@H]1O[C@H](O[C@H]2[C@@H](O)[C@H](O[C@@H]3[C@@H](O)[C@H](N)C[C@H](N)[C@H]3O[C@H]3O[C@H](CO)[C@@H](O)[C@H](O)[C@H]3N)O[C@@H]2CO)[C@H](N)[C@@H](O)[C@@H]1O,built,42.0,45.0
ROSUVASTATIN CALCIUM,C:\Users\patel\Desktop\group_project\cardiotox-fusion\data\processed\graphs\ROSUVASTATIN_CALCIUM.pt,0,CC(C)c1nc(N(C)S(C)(=O)=O)nc(-c2ccc(F)cc2)c1/C=C/[C@@H](O)C[C@@H](O)CC(=O)[O-],built,33.0,34.0
PALIPERIDONE,C:\Users\patel\Desktop\group_project\cardiotox-fusion\data\processed\graphs\PALIPERIDONE.pt,1,Cc1nc2n(c(=O)c1CCN1CCC(c3noc4cc(F)ccc34)CC1)CCCC2O,built,31.0,35.0
ARIPIPRAZOLE,C:\Users\patel\Desktop\group_project\cardiotox-fusion\data\processed\graphs\ARIPIPRAZOLE.pt,1,O=C1CCc2ccc(OCCCCN3CCN(c4cccc(Cl)c4Cl)CC3)cc2N1,built,30.0,33.0
VARENICLINE TARTRATE,C:\Users\patel\Desktop\group_project\cardiotox-fusion\data\processed\graphs\VARENICLINE_TARTRATE.pt,1,c1cnc2cc3c(cc2n1)[C@@H]1CNC[C@H]3C1,built,16.0,19.0
VALSARTAN,C:\Users\patel\Desktop\group_project\cardiotox-fusion\data\processed\graphs\VALSARTAN.pt,1,CCCCC(=O)N(Cc1ccc(-c2ccccc2-c2nnn[nH]2)cc1)[C@H](C(=O)O)C(C)C,built,32.0,34.0
AMOXICILLIN,C:\Users\patel\Desktop\group_project\cardiotox-fusion\data\processed\graphs\AMOXICILLIN.pt,0,CC1(C)S[C@@H]2[C@H](NC(=O)[C@H](N)c3ccc(O)cc3)C(=O)N2[C@H]1C(=O)O,built,25.0,27.0
CIMETIDINE,C:\Users\patel\Desktop\group_project\cardiotox-fusion\data\processed\graphs\CIMETIDINE.pt,1,CN/C(=N\CCSCc1nc[nH]c1C)NC#N,built,17.0,17.0
DEXAMETHASONE,C:\Users\patel\Desktop\group_project\cardiotox-fusion\data\processed\graphs\DEXAMETHASONE.pt,1,C[C@@H]1C[C@H]2[C@@H]3CCC4=CC(=O)C=C[C@]4(C)[C@@]3(F)[C@@H](O)C[C@]2(C)[C@@]1(O)C(=O)CO,built,28.0,31.0
AMILORIDE HYDROCHLORIDE ANHYDROUS,C:\Users\patel\Desktop\group_project\cardiotox-fusion\data\processed\graphs\AMILORIDE_HYDROCHLORIDE_ANHYDROUS.pt,1,N=C(N)NC(=O)c1nc(Cl)c(N)nc1N,built,15.0,15.0
FUROSEMIDE,C:\Users\patel\Desktop\group_project\cardiotox-fusion\data\processed\graphs\FUROSEMIDE.pt,1,NS(=O)(=O)c1cc(C(=O)O)c(NCc2ccco2)cc1Cl,built,21.0,22.0
LETROZOLE,C:\Users\patel\Desktop\group_project\cardiotox-fusion\data\processed\graphs\LETROZOLE.pt,1,N#Cc1ccc(C(c2ccc(C#N)cc2)n2cncn2)cc1,built,22.0,24.0
RILUZOLE,C:\Users\patel\Desktop\group_project\cardiotox-fusion\data\processed\graphs\RILUZOLE.pt,1,Nc1nc2ccc(OC(F)(F)F)cc2s1,built,15.0,16.0
Dronabinol,C:\Users\patel\Desktop\group_project\cardiotox-fusion\data\processed\graphs\Dronabinol.pt,1,CCCCCc1cc(O)c2c(c1)OC(C)(C)[C@@H]1CCC(C)=C[C@@H]21,built,23.0,25.0
OXANDROLONE,C:\Users\patel\Desktop\group_project\cardiotox-fusion\data\processed\graphs\OXANDROLONE.pt,0,C[C@]12COC(=O)C[C@@H]1CC[C@@H]1[C@@H]2CC[C@@]2(C)[C@H]1CC[C@]2(C)O,built,22.0,25.0
FOSFOMYCIN TROMETHAMINE,C:\Users\patel\Desktop\group_project\cardiotox-fusion\data\processed\graphs\FOSFOMYCIN_TROMETHAMINE.pt,0,C[C@@H]1O[C@@H]1P(=O)(O)O,built,8.0,8.0
TAMOXIFEN CITRATE,C:\Users\patel\Desktop\group_project\cardiotox-fusion\data\processed\graphs\TAMOXIFEN_CITRATE.pt,1,CC/C(=C(\c1ccccc1)c1ccc(OCCN(C)C)cc1)c1ccccc1,built,28.0,30.0
VENLAFAXINE HYDROCHLORIDE,C:\Users\patel\Desktop\group_project\cardiotox-fusion\data\processed\graphs\VENLAFAXINE_HYDROCHLORIDE.pt,1,COc1ccc(C(CN(C)C)C2(O)CCCCC2)cc1,built,20.0,21.0
DIFLUNISAL,C:\Users\patel\Desktop\group_project\cardiotox-fusion\data\processed\graphs\DIFLUNISAL.pt,1,O=C(O)c1cc(-c2ccc(F)cc2F)ccc1O,built,18.0,19.0
LORATADINE,C:\Users\patel\Desktop\group_project\cardiotox-fusion\data\processed\graphs\LORATADINE.pt,0,CCOC(=O)N1CCC(=C2c3ccc(Cl)cc3CCc3cccnc32)CC1,built,27.0,30.0
METFORMIN HYDROCHLORIDE,C:\Users\patel\Desktop\group_project\cardiotox-fusion\data\processed\graphs\METFORMIN_HYDROCHLORIDE.pt,1,CN(C)C(=N)NC(=N)N,built,9.0,8.0
LOPERAMIDE HYDROCHLORIDE,C:\Users\patel\Desktop\group_project\cardiotox-fusion\data\processed\graphs\LOPERAMIDE_HYDROCHLORIDE.pt,1,CN(C)C(=O)C(CCN1CCC(O)(c2ccc(Cl)cc2)CC1)(c1ccccc1)c1ccccc1,built,34.0,37.0
FLUTAMIDE,C:\Users\patel\Desktop\group_project\cardiotox-fusion\data\processed\graphs\FLUTAMIDE.pt,1,CC(C)C(=O)Nc1ccc([N+](=O)[O-])c(C(F)(F)F)c1,built,19.0,19.0
HYDROXYZINE DIHYDROCHLORIDE,C:\Users\patel\Desktop\group_project\cardiotox-fusion\data\processed\graphs\HYDROXYZINE_DIHYDROCHLORIDE.pt,1,OCCOCCN1CCN(C(c2ccccc2)c2ccc(Cl)cc2)CC1,built,26.0,28.0
LUBIPROSTONE,C:\Users\patel\Desktop\group_project\cardiotox-fusion\data\processed\graphs\LUBIPROSTONE.pt,1,CCCCC(F)(F)[C@@]1(O)CC[C@H]2[C@@H](CC(=O)[C@@H]2CCCCCCC(=O)O)O1,built,27.0,28.0
FLURAZEPAM HYDROCHLORIDE,C:\Users\patel\Desktop\group_project\cardiotox-fusion\data\processed\graphs\FLURAZEPAM_HYDROCHLORIDE.pt,1,CCN(CC)CCN1C(=O)CN=C(c2ccccc2F)c2cc(Cl)ccc21,built,27.0,29.0
ALFUZOSIN HYDROCHLORIDE,C:\Users\patel\Desktop\group_project\cardiotox-fusion\data\processed\graphs\ALFUZOSIN_HYDROCHLORIDE.pt,1,COc1cc2nc(N(C)CCCNC(=O)C3CCCO3)nc(N)c2cc1OC,built,28.0,30.0
TADALAFIL,C:\Users\patel\Desktop\group_project\cardiotox-fusion\data\processed\graphs\TADALAFIL.pt,1,CN1CC(=O)N2[C@H](c3ccc4c(c3)OCO4)c3[nH]c4ccccc4c3C[C@@H]2C1=O,built,29.0,34.0
DIGOXIN,C:\Users\patel\Desktop\group_project\cardiotox-fusion\data\processed\graphs\DIGOXIN.pt,1,C[C@H]1O[C@@H](O[C@H]2[C@@H](O)C[C@H](O[C@H]3[C@@H](O)C[C@H](O[C@H]4CC[C@@]5(C)[C@H](CC[C@@H]6[C@@H]5C[C@@H](O)[C@]5(C)[C@@H](C7=CC(=O)OC7)CC[C@]65O)C4)O[C@@H]3C)O[C@@H]2C)C[C@H](O)[C@@H]1O,built,55.0,62.0
THIOTHIXENE,C:\Users\patel\Desktop\group_project\cardiotox-fusion\data\processed\graphs\THIOTHIXENE.pt,1,CN1CCN(CC/C=C2/c3ccccc3Sc3ccc(S(=O)(=O)N(C)C)cc32)CC1,built,30.0,33.0
URSODIOL,C:\Users\patel\Desktop\group_project\cardiotox-fusion\data\processed\graphs\URSODIOL.pt,0,C[C@H](CCC(=O)O)[C@H]1CC[C@H]2[C@@H]3[C@@H](O)C[C@@H]4C[C@H](O)CC[C@]4(C)[C@H]3CC[C@]12C,built,28.0,31.0
PROPYLTHIOURACIL,C:\Users\patel\Desktop\group_project\cardiotox-fusion\data\processed\graphs\PROPYLTHIOURACIL.pt,0,CCCc1cc(=O)[nH]c(=S)[nH]1,built,11.0,11.0
vancomycin hydrochloride,C:\Users\patel\Desktop\group_project\cardiotox-fusion\data\processed\graphs\vancomycin_hydrochloride.pt,0,CN[C@H](CC(C)C)C(=O)N[C@H]1C(=O)N[C@@H](CC(N)=O)C(=O)N[C@H]2C(=O)N[C@H]3C(=O)N[C@H](C(=O)N[C@H](C(=O)O)c4cc(O)cc(O)c4-c4cc3ccc4O)[C@H](O)c3ccc(c(Cl)c3)Oc3cc2cc(c3O[C@@H]2O[C@H](CO)[C@@H](O)[C@H](O)[C@H]2O[C@H]2C[C@](C)(N)[C@H](O)[C@H](C)O2)Oc2ccc(cc2Cl)[C@H]1O,built,101.0,110.0
SELEGILINE HYDROCHLORIDE,C:\Users\patel\Desktop\group_project\cardiotox-fusion\data\processed\graphs\SELEGILINE_HYDROCHLORIDE.pt,1,C#CCN(C)[C@H](C)Cc1ccccc1,built,14.0,14.0
TRIFLUOPERAZINE HYDROCHLORIDE,C:\Users\patel\Desktop\group_project\cardiotox-fusion\data\processed\graphs\TRIFLUOPERAZINE_HYDROCHLORIDE.pt,1,CN1CCN(CCCN2c3ccccc3Sc3ccc(C(F)(F)F)cc32)CC1,built,28.0,31.0
LEVOFLOXACIN,C:\Users\patel\Desktop\group_project\cardiotox-fusion\data\processed\graphs\LEVOFLOXACIN.pt,1,C[C@H]1COc2c(N3CCN(C)CC3)c(F)cc3c(=O)c(C(=O)O)cn1c23,built,26.0,29.0
TRAZODONE HYDROCHLORIDE,C:\Users\patel\Desktop\group_project\cardiotox-fusion\data\processed\graphs\TRAZODONE_HYDROCHLORIDE.pt,1,O=c1n(CCCN2CCN(c3cccc(Cl)c3)CC2)nc2ccccn12,built,26.0,29.0
CEFDINIR MONOHYDRATE,C:\Users\patel\Desktop\group_project\cardiotox-fusion\data\processed\graphs\CEFDINIR_MONOHYDRATE.pt,1,C=CC1=C(C(=O)O)N2C(=O)[C@@H](NC(=O)/C(=N\O)c3csc(N)n3)[C@H]2SC1,built,26.0,28.0
CHLOROQUINE PHOSPHATE,C:\Users\patel\Desktop\group_project\cardiotox-fusion\data\processed\graphs\CHLOROQUINE_PHOSPHATE.pt,1,CCN(CC)CCCC(C)Nc1ccnc2cc(Cl)ccc12,built,22.0,23.0
AMPHETAMINE SULFATE,C:\Users\patel\Desktop\group_project\cardiotox-fusion\data\processed\graphs\AMPHETAMINE_SULFATE.pt,1,CC(N)Cc1ccccc1,built,10.0,10.0
Tizanidine,C:\Users\patel\Desktop\group_project\cardiotox-fusion\data\processed\graphs\Tizanidine.pt,1,Clc1ccc2nsnc2c1NC1=NCCN1,built,16.0,18.0
EPLERENONE,C:\Users\patel\Desktop\group_project\cardiotox-fusion\data\processed\graphs\EPLERENONE.pt,1,COC(=O)[C@@H]1CC2=CC(=O)CC[C@]2(C)[C@@]23O[C@@H]2C[C@@]2(C)[C@@H](CC[C@@]24CCC(=O)O4)[C@H]13,built,30.0,35.0
PHENDIMETRAZINE TARTRATE,C:\Users\patel\Desktop\group_project\cardiotox-fusion\data\processed\graphs\PHENDIMETRAZINE_TARTRATE.pt,1,C[C@H]1[C@H](c2ccccc2)OCCN1C,built,14.0,15.0
PROPAFENONE,C:\Users\patel\Desktop\group_project\cardiotox-fusion\data\processed\graphs\PROPAFENONE.pt,1,CCCNCC(O)COc1ccccc1C(=O)CCc1ccccc1,built,25.0,26.0
PANTOPRAZOLE SODIUM,C:\Users\patel\Desktop\group_project\cardiotox-fusion\data\processed\graphs\PANTOPRAZOLE_SODIUM.pt,0,COc1ccnc(C[S+]([O-])c2nc3cc(OC(F)F)ccc3[n-]2)c1OC,built,26.0,28.0
CAPECITABINE,C:\Users\patel\Desktop\group_project\cardiotox-fusion\data\processed\graphs\CAPECITABINE.pt,1,CCCCCOC(=O)Nc1nc(=O)n([C@@H]2O[C@H](C)[C@@H](O)[C@H]2O)cc1F,built,25.0,26.0
ALVIMOPAN,C:\Users\patel\Desktop\group_project\cardiotox-fusion\data\processed\graphs\ALVIMOPAN.pt,1,C[C@H]1CN(C[C@H](Cc2ccccc2)C(=O)NCC(=O)O)CC[C@@]1(C)c1cccc(O)c1,built,31.0,33.0
PARICALCITOL,C:\Users\patel\Desktop\group_project\cardiotox-fusion\data\processed\graphs\PARICALCITOL.pt,1,C[C@H](/C=C/[C@H](C)C(C)(C)O)[C@H]1CC[C@H]2/C(=C/C=C3C[C@@H](O)C[C@H](O)C3)CCC[C@]12C,built,30.0,32.0
REPAGLINIDE,C:\Users\patel\Desktop\group_project\cardiotox-fusion\data\processed\graphs\REPAGLINIDE.pt,1,CCOc1cc(CC(=O)N[C@@H](CC(C)C)c2ccccc2N2CCCCC2)ccc1C(=O)O,built,33.0,35.0
CETIRIZINE HYDROCHLORIDE,C:\Users\patel\Desktop\group_project\cardiotox-fusion\data\processed\graphs\CETIRIZINE_HYDROCHLORIDE.pt,1,O=C(O)COCCN1CCN(C(c2ccccc2)c2ccc(Cl)cc2)CC1,built,27.0,29.0
PRAZIQUANTEL,C:\Users\patel\Desktop\group_project\cardiotox-fusion\data\processed\graphs\PRAZIQUANTEL.pt,1,O=C(C1CCCCC1)N1CC(=O)N2CCc3ccccc3C2C1,built,23.0,26.0
DIVALPROEX SODIUM,C:\Users\patel\Desktop\group_project\cardiotox-fusion\data\processed\graphs\DIVALPROEX_SODIUM.pt,1,CCCC(CCC)C(=O)O,built,10.0,9.0
CLORAZEPATE DIPOTASSIUM,C:\Users\patel\Desktop\group_project\cardiotox-fusion\data\processed\graphs\CLORAZEPATE_DIPOTASSIUM.pt,0,O=C([O-])C1N=C(c2ccccc2)c2cc(Cl)ccc2NC1=O,built,22.0,24.0
ALLOPURINOL,C:\Users\patel\Desktop\group_project\cardiotox-fusion\data\processed\graphs\ALLOPURINOL.pt,1,Oc1ncnc2[nH]ncc12,built,10.0,11.0
PHENYTOIN,C:\Users\patel\Desktop\group_project\cardiotox-fusion\data\processed\graphs\PHENYTOIN.pt,1,O=C1NC(=O)C(c2ccccc2)(c2ccccc2)N1,built,19.0,21.0
WARFARIN SODIUM,C:\Users\patel\Desktop\group_project\cardiotox-fusion\data\processed\graphs\WARFARIN_SODIUM.pt,0,CC(=O)CC(c1ccccc1)c1c([O-])c2ccccc2oc1=O,built,23.0,25.0
VALPROIC ACID,C:\Users\patel\Desktop\group_project\cardiotox-fusion\data\processed\graphs\VALPROIC_ACID.pt,1,CCCC(CCC)C(=O)O,built,10.0,9.0
MEXILETINE HYDROCHLORIDE,C:\Users\patel\Desktop\group_project\cardiotox-fusion\data\processed\graphs\MEXILETINE_HYDROCHLORIDE.pt,1,Cc1cccc(C)c1OCC(C)N,built,13.0,13.0
MEFLOQUINE HYDROCHLORIDE,C:\Users\patel\Desktop\group_project\cardiotox-fusion\data\processed\graphs\MEFLOQUINE_HYDROCHLORIDE.pt,1,OC(c1cc(C(F)(F)F)nc2c(C(F)(F)F)cccc12)C1CCCCN1,built,26.0,28.0
OXYMORPHONE HYDROCHLORIDE,C:\Users\patel\Desktop\group_project\cardiotox-fusion\data\processed\graphs\OXYMORPHONE_HYDROCHLORIDE.pt,1,CN1CC[C@]23c4c5ccc(O)c4O[C@H]2C(=O)CC[C@@]3(O)[C@H]1C5,built,22.0,26.0
LEVONORGESTREL,C:\Users\patel\Desktop\group_project\cardiotox-fusion\data\processed\graphs\LEVONORGESTREL.pt,0,C#C[C@]1(O)CC[C@H]2[C@@H]3CCC4=CC(=O)CC[C@@H]4[C@H]3CC[C@@]21CC,built,23.0,26.0
ESCITALOPRAM OXALATE,C:\Users\patel\Desktop\group_project\cardiotox-fusion\data\processed\graphs\ESCITALOPRAM_OXALATE.pt,1,CN(C)CCC[C@@]1(c2ccc(F)cc2)OCc2cc(C#N)ccc21,built,24.0,26.0
TOLTERODINE TARTRATE,C:\Users\patel\Desktop\group_project\cardiotox-fusion\data\processed\graphs\TOLTERODINE_TARTRATE.pt,1,Cc1ccc(O)c([C@H](CCN(C(C)C)C(C)C)c2ccccc2)c1,built,24.0,25.0
CEPHALEXIN ANHYDROUS,C:\Users\patel\Desktop\group_project\cardiotox-fusion\data\processed\graphs\CEPHALEXIN_ANHYDROUS.pt,0,CC1=C(C(=O)O)N2C(=O)[C@@H](NC(=O)[C@H](N)c3ccccc3)[C@H]2SC1,built,24.0,26.0
ETHOSUXIMIDE,C:\Users\patel\Desktop\group_project\cardiotox-fusion\data\processed\graphs\ETHOSUXIMIDE.pt,0,CCC1(C)CC(=O)NC1=O,built,10.0,10.0
FAMOTIDINE,C:\Users\patel\Desktop\group_project\cardiotox-fusion\data\processed\graphs\FAMOTIDINE.pt,1,NC(N)=Nc1nc(CSCC/C(N)=N/S(N)(=O)=O)cs1,built,20.0,20.0
CLONAZEPAM,C:\Users\patel\Desktop\group_project\cardiotox-fusion\data\processed\graphs\CLONAZEPAM.pt,1,O=C1CN=C(c2ccccc2Cl)c2cc([N+](=O)[O-])ccc2N1,built,22.0,24.0
BENZONATATE,C:\Users\patel\Desktop\group_project\cardiotox-fusion\data\processed\graphs\BENZONATATE.pt,0,CCCCNc1ccc(C(=O)OCCOCCOCCOCCOCCOCCOCCOCCOCCOC)cc1,built,42.0,42.0
VARDENAFIL HYDROCHLORIDE,C:\Users\patel\Desktop\group_project\cardiotox-fusion\data\processed\graphs\VARDENAFIL_HYDROCHLORIDE.pt,1,CCCc1nc(C)c2c(O)nc(-c3cc(S(=O)(=O)N4CCN(CC)CC4)ccc3OCC)nn12,built,34.0,37.0
FLUVOXAMINE MALEATE,C:\Users\patel\Desktop\group_project\cardiotox-fusion\data\processed\graphs\FLUVOXAMINE_MALEATE.pt,1,COCCCC/C(=N\OCCN)c1ccc(C(F)(F)F)cc1,built,22.0,22.0
CARGLUMIC ACID,C:\Users\patel\Desktop\group_project\cardiotox-fusion\data\processed\graphs\CARGLUMIC_ACID.pt,0,NC(=O)N[C@@H](CCC(=O)O)C(=O)O,built,13.0,12.0
FLURBIPROFEN,C:\Users\patel\Desktop\group_project\cardiotox-fusion\data\processed\graphs\FLURBIPROFEN.pt,1,CC(C(=O)O)c1ccc(-c2ccccc2)c(F)c1,built,18.0,19.0
AZITHROMYCIN DIHYDRATE,C:\Users\patel\Desktop\group_project\cardiotox-fusion\data\processed\graphs\AZITHROMYCIN_DIHYDRATE.pt,1,CC[C@H]1OC(=O)[C@H](C)[C@@H](O[C@H]2C[C@@](C)(OC)[C@@H](O)[C@H](C)O2)[C@H](C)[C@@H](O[C@@H]2O[C@H](C)C[C@H](N(C)C)[C@H]2O)[C@](C)(O)C[C@@H](C)CN(C)[C@H](C)[C@@H](O)[C@]1(C)O,built,52.0,54.0
AMINOSALICYLIC ACID,C:\Users\patel\Desktop\group_project\cardiotox-fusion\data\processed\graphs\AMINOSALICYLIC_ACID.pt,1,Nc1ccc(C(=O)O)c(O)c1,built,11.0,11.0
MIDODRINE HYDROCHLORIDE,C:\Users\patel\Desktop\group_project\cardiotox-fusion\data\processed\graphs\MIDODRINE_HYDROCHLORIDE.pt,1,COc1ccc(OC)c(C(O)CNC(=O)CN)c1,built,18.0,18.0
ENTECAVIR,C:\Users\patel\Desktop\group_project\cardiotox-fusion\data\processed\graphs\ENTECAVIR.pt,0,C=C1[C@H](CO)[C@@H](O)C[C@@H]1n1cnc2c(=O)[nH]c(N)nc21,built,20.0,22.0
MINOXIDIL,C:\Users\patel\Desktop\group_project\cardiotox-fusion\data\processed\graphs\MINOXIDIL.pt,1,Nc1cc(N2CCCCC2)nc(N)[n+]1[O-],built,15.0,16.0
ACAMPROSATE CALCIUM,C:\Users\patel\Desktop\group_project\cardiotox-fusion\data\processed\graphs\ACAMPROSATE_CALCIUM.pt,1,CC(=O)NCCCS(=O)(=O)[O-],built,11.0,10.0
NAPROXEN,C:\Users\patel\Desktop\group_project\cardiotox-fusion\data\processed\graphs\NAPROXEN.pt,1,COc1ccc2cc([C@H](C)C(=O)O)ccc2c1,built,17.0,18.0
ATOMOXETINE HYDROCHLORIDE,C:\Users\patel\Desktop\group_project\cardiotox-fusion\data\processed\graphs\ATOMOXETINE_HYDROCHLORIDE.pt,1,CNCC[C@@H](Oc1ccccc1C)c1ccccc1,built,19.0,20.0
NIMODIPINE,C:\Users\patel\Desktop\group_project\cardiotox-fusion\data\processed\graphs\NIMODIPINE.pt,1,COCCOC(=O)C1=C(C)NC(C)=C(C(=O)OC(C)C)C1c1cccc([N+](=O)[O-])c1,built,30.0,31.0
FINASTERIDE,C:\Users\patel\Desktop\group_project\cardiotox-fusion\data\processed\graphs\FINASTERIDE.pt,1,CC(C)(C)NC(=O)[C@H]1CC[C@H]2[C@@H]3CC[C@H]4NC(=O)C=C[C@]4(C)[C@H]3CC[C@]12C,built,27.0,30.0
METHYLDOPA,C:\Users\patel\Desktop\group_project\cardiotox-fusion\data\processed\graphs\METHYLDOPA.pt,1,C[C@](N)(Cc1ccc(O)c(O)c1)C(=O)O,built,15.0,15.0
PREGABALIN,C:\Users\patel\Desktop\group_project\cardiotox-fusion\data\processed\graphs\PREGABALIN.pt,1,CC(C)C[C@H](CN)CC(=O)O,built,11.0,10.0
METHIMAZOLE,C:\Users\patel\Desktop\group_project\cardiotox-fusion\data\processed\graphs\METHIMAZOLE.pt,0,Cn1ccnc1S,built,7.0,7.0
ATENOLOL,C:\Users\patel\Desktop\group_project\cardiotox-fusion\data\processed\graphs\ATENOLOL.pt,1,CC(C)NCC(O)COc1ccc(CC(N)=O)cc1,built,19.0,19.0
THIORIDAZINE HYDROCHLORIDE,C:\Users\patel\Desktop\group_project\cardiotox-fusion\data\processed\graphs\THIORIDAZINE_HYDROCHLORIDE.pt,1,CSc1ccc2c(c1)N(CCC1CCCCN1C)c1ccccc1S2,built,25.0,28.0
CEFPROZIL,C:\Users\patel\Desktop\group_project\cardiotox-fusion\data\processed\graphs\CEFPROZIL.pt,0,CC=CC1=C(C(=O)O)N2C(=O)[C@@H](NC(=O)[C@H](N)c3ccc(O)cc3)[C@H]2SC1,built,27.0,29.0
ESTRADIOL,C:\Users\patel\Desktop\group_project\cardiotox-fusion\data\processed\graphs\ESTRADIOL.pt,1,CCCCC(=O)O[C@H]1CC[C@H]2[C@@H]3CCc4cc(O)ccc4[C@H]3CC[C@]12C,built,26.0,29.0
VALGANCICLOVIR HYDROCHLORIDE,C:\Users\patel\Desktop\group_project\cardiotox-fusion\data\processed\graphs\VALGANCICLOVIR_HYDROCHLORIDE.pt,1,CC(C)[C@H](N)C(=O)OCC(CO)OCn1cnc2c(=O)nc(N)[nH]c21,built,25.0,26.0
ATAZANAVIR SULFATE,C:\Users\patel\Desktop\group_project\cardiotox-fusion\data\processed\graphs\ATAZANAVIR_SULFATE.pt,1,COC(=O)N[C@H](C(=O)N[C@@H](Cc1ccccc1)[C@@H](O)CN(Cc1ccc(-c2ccccn2)cc1)NC(=O)[C@@H](NC(=O)OC)C(C)(C)C)C(C)(C)C,built,51.0,53.0
PROGESTERONE,C:\Users\patel\Desktop\group_project\cardiotox-fusion\data\processed\graphs\PROGESTERONE.pt,1,CC(=O)[C@H]1CC[C@H]2[C@@H]3CCC4=CC(=O)CC[C@]4(C)[C@H]3CC[C@]12C,built,23.0,26.0
KETOROLAC TROMETHAMINE,C:\Users\patel\Desktop\group_project\cardiotox-fusion\data\processed\graphs\KETOROLAC_TROMETHAMINE.pt,1,O=C(c1ccccc1)c1ccc2n1CCC2C(=O)O,built,19.0,21.0
CHOLINE FENOFIBRATE,C:\Users\patel\Desktop\group_project\cardiotox-fusion\data\processed\graphs\CHOLINE_FENOFIBRATE.pt,0,CC(C)(Oc1ccc(C(=O)c2ccc(Cl)cc2)cc1)C(=O)[O-],built,22.0,23.0
CIPROFLOXACIN HYDROCHLORIDE,C:\Users\patel\Desktop\group_project\cardiotox-fusion\data\processed\graphs\CIPROFLOXACIN_HYDROCHLORIDE.pt,1,O=C(O)c1cn(C2CC2)c2cc(N3CCNCC3)c(F)cc2c1=O,built,24.0,27.0
ZIDOVUDINE,C:\Users\patel\Desktop\group_project\cardiotox-fusion\data\processed\graphs\ZIDOVUDINE.pt,1,Cc1cn([C@H]2C[C@H](N=[N+]=[N-])[C@@H](CO)O2)c(=O)[nH]c1=O,built,19.0,20.0
METHYLPHENIDATE HYDROCHLORIDE,C:\Users\patel\Desktop\group_project\cardiotox-fusion\data\processed\graphs\METHYLPHENIDATE_HYDROCHLORIDE.pt,1,COC(=O)C(c1ccccc1)C1CCCCN1,built,17.0,18.0
ONDANSETRON,C:\Users\patel\Desktop\group_project\cardiotox-fusion\data\processed\graphs\ONDANSETRON.pt,1,Cc1nccn1CC1CCc2c(c3ccccc3n2C)C1=O,built,22.0,25.0
OSELTAMIVIR PHOSPHATE,C:\Users\patel\Desktop\group_project\cardiotox-fusion\data\processed\graphs\OSELTAMIVIR_PHOSPHATE.pt,1,CCOC(=O)C1=C[C@@H](OC(CC)CC)[C@H](NC(C)=O)[C@@H](N)C1,built,22.0,22.0
MECAMYLAMINE HYDROCHLORIDE,C:\Users\patel\Desktop\group_project\cardiotox-fusion\data\processed\graphs\MECAMYLAMINE_HYDROCHLORIDE.pt,1,CNC1(C)C2CCC(C2)C1(C)C,built,12.0,13.0
ATORVASTATIN CALCIUM TRIHYDRATE,C:\Users\patel\Desktop\group_project\cardiotox-fusion\data\processed\graphs\ATORVASTATIN_CALCIUM_TRIHYDRATE.pt,0,CC(C)c1c(C(=O)Nc2ccccc2)c(-c2ccccc2)c(-c2ccc(F)cc2)n1CC[C@@H](O)C[C@@H](O)CC(=O)[O-],built,41.0,44.0
ZONISAMIDE,C:\Users\patel\Desktop\group_project\cardiotox-fusion\data\processed\graphs\ZONISAMIDE.pt,1,NS(=O)(=O)Cc1noc2ccccc12,built,14.0,15.0
LEVETIRACETAM,C:\Users\patel\Desktop\group_project\cardiotox-fusion\data\processed\graphs\LEVETIRACETAM.pt,1,CC[C@@H](C(N)=O)N1CCCC1=O,built,12.0,12.0
PROTRIPTYLINE HYDROCHLORIDE,C:\Users\patel\Desktop\group_project\cardiotox-fusion\data\processed\graphs\PROTRIPTYLINE_HYDROCHLORIDE.pt,1,CNCCCC1c2ccccc2C=Cc2ccccc21,built,20.0,22.0
BENZPHETAMINE HYDROCHLORIDE,C:\Users\patel\Desktop\group_project\cardiotox-fusion\data\processed\graphs\BENZPHETAMINE_HYDROCHLORIDE.pt,1,C[C@@H](Cc1ccccc1)N(C)Cc1ccccc1,built,18.0,19.0
NATEGLINIDE,C:\Users\patel\Desktop\group_project\cardiotox-fusion\data\processed\graphs\NATEGLINIDE.pt,0,CC(C)[C@H]1CC[C@H](C(=O)N[C@H](Cc2ccccc2)C(=O)O)CC1,built,23.0,24.0
PHENYTOIN SODIUM,C:\Users\patel\Desktop\group_project\cardiotox-fusion\data\processed\graphs\PHENYTOIN_SODIUM.pt,1,O=C1N=C([O-])NC1(c1ccccc1)c1ccccc1,built,19.0,21.0
ROSUVASTATIN,C:\Users\patel\Desktop\group_project\cardiotox-fusion\data\processed\graphs\ROSUVASTATIN.pt,0,CC(C)c1nc(N(C)S(C)(=O)=O)nc(-c2ccc(F)cc2)c1/C=C/[C@@H](O)C[C@@H](O)CC(=O)O,built,33.0,34.0
ELETRIPTAN HYDROBROMIDE MONOHYDRATE,C:\Users\patel\Desktop\group_project\cardiotox-fusion\data\processed\graphs\ELETRIPTAN_HYDROBROMIDE_MONOHYDRATE.pt,1,CN1CCC[C@@H]1Cc1c[nH]c2ccc(CCS(=O)(=O)c3ccccc3)cc12,built,27.0,30.0
SULFASALAZINE,C:\Users\patel\Desktop\group_project\cardiotox-fusion\data\processed\graphs\SULFASALAZINE.pt,1,O=C(O)c1cc(/N=N/c2ccc(S(=O)(=O)Nc3ccccn3)cc2)ccc1O,built,28.0,30.0
DOXEPIN HYDROCHLORIDE,C:\Users\patel\Desktop\group_project\cardiotox-fusion\data\processed\graphs\DOXEPIN_HYDROCHLORIDE.pt,1,CN(C)CCC=C1c2ccccc2COc2ccccc21,built,21.0,23.0
LOSARTAN POTASSIUM,C:\Users\patel\Desktop\group_project\cardiotox-fusion\data\processed\graphs\LOSARTAN_POTASSIUM.pt,1,CCCCc1nc(Cl)c(CO)n1Cc1ccc(-c2ccccc2-c2nnn[n-]2)cc1,built,30.0,33.0
DONEPEZIL HYDROCHLORIDE,C:\Users\patel\Desktop\group_project\cardiotox-fusion\data\processed\graphs\DONEPEZIL_HYDROCHLORIDE.pt,1,COc1cc2c(cc1OC)C(=O)C(CC1CCN(Cc3ccccc3)CC1)C2,built,28.0,31.0
PRAVASTATIN SODIUM,C:\Users\patel\Desktop\group_project\cardiotox-fusion\data\processed\graphs\PRAVASTATIN_SODIUM.pt,1,CC[C@H](C)C(=O)O[C@H]1C[C@H](O)C=C2C=C[C@H](C)[C@H](CC[C@@H](O)C[C@@H](O)CC(=O)[O-])[C@H]21,built,30.0,31.0
SILDENAFIL,C:\Users\patel\Desktop\group_project\cardiotox-fusion\data\processed\graphs\SILDENAFIL.pt,1,CCCc1nn(C)c2c(=O)[nH]c(-c3cc(S(=O)(=O)N4CCN(C)CC4)ccc3OCC)nc12,built,33.0,36.0
RABEPRAZOLE SODIUM,C:\Users\patel\Desktop\group_project\cardiotox-fusion\data\processed\graphs\RABEPRAZOLE_SODIUM.pt,0,COCCCOc1ccnc(C[S+]([O-])c2nc3ccccc3[n-]2)c1C,built,25.0,27.0
METHOTREXATE SODIUM,C:\Users\patel\Desktop\group_project\cardiotox-fusion\data\processed\graphs\METHOTREXATE_SODIUM.pt,1,CN(Cc1cnc2nc(N)nc(N)c2n1)c1ccc(C(=O)N[C@@H](CCC(=O)[O-])C(=O)[O-])cc1,built,33.0,35.0
PAROXETINE HYDROCHLORIDE ANHYDROUS,C:\Users\patel\Desktop\group_project\cardiotox-fusion\data\processed\graphs\PAROXETINE_HYDROCHLORIDE_ANHYDROUS.pt,1,Fc1ccc([C@@H]2CCNC[C@H]2COc2ccc3c(c2)OCO3)cc1,built,24.0,27.0
PRAMIPEXOLE DIHYDROCHLORIDE,C:\Users\patel\Desktop\group_project\cardiotox-fusion\data\processed\graphs\PRAMIPEXOLE_DIHYDROCHLORIDE.pt,1,CCCN[C@H]1CCc2nc(N)sc2C1,built,14.0,15.0
ESTAZOLAM,C:\Users\patel\Desktop\group_project\cardiotox-fusion\data\processed\graphs\ESTAZOLAM.pt,1,Clc1ccc2c(c1)C(c1ccccc1)=NCc1nncn1-2,built,21.0,24.0
ESOMEPRAZOLE MAGNESIUM DIHYDRATE,C:\Users\patel\Desktop\group_project\cardiotox-fusion\data\processed\graphs\ESOMEPRAZOLE_MAGNESIUM_DIHYDRATE.pt,1,COc1ccc2[nH]c([S@@+]([O-])Cc3ncc(C)c(OC)c3C)nc2c1,built,24.0,26.0
MEFENAMIC ACID,C:\Users\patel\Desktop\group_project\cardiotox-fusion\data\processed\graphs\MEFENAMIC_ACID.pt,1,Cc1cccc(Nc2ccccc2C(=O)O)c1C,built,18.0,19.0
PROPAFENONE HYDROCHLORIDE,C:\Users\patel\Desktop\group_project\cardiotox-fusion\data\processed\graphs\PROPAFENONE_HYDROCHLORIDE.pt,1,CCCNCC(O)COc1ccccc1C(=O)CCc1ccccc1,built,25.0,26.0
CARBAMAZEPINE,C:\Users\patel\Desktop\group_project\cardiotox-fusion\data\processed\graphs\CARBAMAZEPINE.pt,1,NC(=O)N1c2ccccc2C=Cc2ccccc21,built,18.0,20.0
GRISEOFULVIN,C:\Users\patel\Desktop\group_project\cardiotox-fusion\data\processed\graphs\GRISEOFULVIN.pt,0,COC1=CC(=O)C[C@@H](C)[C@]12Oc1c(Cl)c(OC)cc(OC)c1C2=O,built,24.0,26.0
MIFEPRISTONE,C:\Users\patel\Desktop\group_project\cardiotox-fusion\data\processed\graphs\MIFEPRISTONE.pt,1,CC#C[C@]1(O)CC[C@H]2[C@@H]3CCC4=CC(=O)CCC4=C3[C@@H](c3ccc(N(C)C)cc3)C[C@@]21C,built,32.0,36.0
GUANFACINE,C:\Users\patel\Desktop\group_project\cardiotox-fusion\data\processed\graphs\GUANFACINE.pt,1,N=C(N)NC(=O)Cc1c(Cl)cccc1Cl,built,15.0,15.0
ITRACONAZOLE,C:\Users\patel\Desktop\group_project\cardiotox-fusion\data\processed\graphs\ITRACONAZOLE.pt,1,CCC(C)n1ncn(-c2ccc(N3CCN(c4ccc(OCC5COC(Cn6cncn6)(c6ccc(Cl)cc6Cl)O5)cc4)CC3)cc2)c1=O,built,49.0,55.0
ANASTROZOLE,C:\Users\patel\Desktop\group_project\cardiotox-fusion\data\processed\graphs\ANASTROZOLE.pt,1,CC(C)(C#N)c1cc(Cn2cncn2)cc(C(C)(C)C#N)c1,built,22.0,23.0
CYPROHEPTADINE,C:\Users\patel\Desktop\group_project\cardiotox-fusion\data\processed\graphs\CYPROHEPTADINE.pt,1,CN1CCC(=C2c3ccccc3C=Cc3ccccc32)CC1,built,22.0,25.0
ALENDRONATE SODIUM,C:\Users\patel\Desktop\group_project\cardiotox-fusion\data\processed\graphs\ALENDRONATE_SODIUM.pt,0,NCCCC(O)(P(=O)([O-])O)P(=O)(O)O,built,14.0,13.0
CEFPODOXIME PROXETIL,C:\Users\patel\Desktop\group_project\cardiotox-fusion\data\processed\graphs\CEFPODOXIME_PROXETIL.pt,1,COCC1=C(C(=O)OC(C)OC(=O)OC(C)C)N2C(=O)[C@@H](NC(=O)/C(=N\OC)c3csc(N)n3)[C@H]2SC1,built,37.0,39.0
LAMIVUDINE,C:\Users\patel\Desktop\group_project\cardiotox-fusion\data\processed\graphs\LAMIVUDINE.pt,0,Nc1ccn([C@@H]2CS[C@H](CO)O2)c(=O)n1,built,15.0,16.0
QUETIAPINE FUMARATE,C:\Users\patel\Desktop\group_project\cardiotox-fusion\data\processed\graphs\QUETIAPINE_FUMARATE.pt,1,OCCOCCN1CCN(C2=Nc3ccccc3Sc3ccccc32)CC1,built,27.0,30.0
FEXOFENADINE HYDROCHLORIDE,C:\Users\patel\Desktop\group_project\cardiotox-fusion\data\processed\graphs\FEXOFENADINE_HYDROCHLORIDE.pt,0,CC(C)(C(=O)O)c1ccc(C(O)CCCN2CCC(C(O)(c3ccccc3)c3ccccc3)CC2)cc1,built,37.0,40.0
CLOBAZAM,C:\Users\patel\Desktop\group_project\cardiotox-fusion\data\processed\graphs\CLOBAZAM.pt,0,CN1C(=O)CC(=O)N(c2ccccc2)c2cc(Cl)ccc21,built,21.0,23.0
ETODOLAC,C:\Users\patel\Desktop\group_project\cardiotox-fusion\data\processed\graphs\ETODOLAC.pt,1,CCc1cccc2c3c([nH]c12)C(CC)(CC(=O)O)OCC3,built,21.0,23.0
CLOMIPRAMINE HYDROCHLORIDE,C:\Users\patel\Desktop\group_project\cardiotox-fusion\data\processed\graphs\CLOMIPRAMINE_HYDROCHLORIDE.pt,1,CN(C)CCCN1c2ccccc2CCc2ccc(Cl)cc21,built,22.0,24.0
PYRAZINAMIDE,C:\Users\patel\Desktop\group_project\cardiotox-fusion\data\processed\graphs\PYRAZINAMIDE.pt,0,NC(=O)c1cnccn1,built,9.0,9.0
ZOLMITRIPTAN,C:\Users\patel\Desktop\group_project\cardiotox-fusion\data\processed\graphs\ZOLMITRIPTAN.pt,1,CN(C)CCc1c[nH]c2ccc(C[C@H]3COC(=O)N3)cc12,built,21.0,23.0
ALOSETRON HYDROCHLORIDE,C:\Users\patel\Desktop\group_project\cardiotox-fusion\data\processed\graphs\ALOSETRON_HYDROCHLORIDE.pt,1,Cc1[nH]cnc1CN1CCc2c(c3ccccc3n2C)C1=O,built,22.0,25.0
DEFERIPRONE,C:\Users\patel\Desktop\group_project\cardiotox-fusion\data\processed\graphs\DEFERIPRONE.pt,1,Cc1c(O)c(=O)ccn1C,built,10.0,10.0
SODIUM IODIDE I-131,C:\Users\patel\Desktop\group_project\cardiotox-fusion\data\processed\graphs\SODIUM_IODIDE_I-131.pt,1,[131I-],built,1.0,0.0
SODIUM IODIDE I-123,C:\Users\patel\Desktop\group_project\cardiotox-fusion\data\processed\graphs\SODIUM_IODIDE_I-123.pt,0,[123I-],built,1.0,0.0
CEFADROXIL,C:\Users\patel\Desktop\group_project\cardiotox-fusion\data\processed\graphs\CEFADROXIL.pt,0,CC1=C(C(=O)O)N2C(=O)[C@@H](NC(=O)[C@H](N)c3ccc(O)cc3)[C@H]2SC1,built,25.0,27.0
NEFAZODONE HYDROCHLORIDE,C:\Users\patel\Desktop\group_project\cardiotox-fusion\data\processed\graphs\NEFAZODONE_HYDROCHLORIDE.pt,1,CCc1nn(CCCN2CCN(c3cccc(Cl)c3)CC2)c(=O)n1CCOc1ccccc1,built,33.0,36.0
SPIRONOLACTONE,C:\Users\patel\Desktop\group_project\cardiotox-fusion\data\processed\graphs\SPIRONOLACTONE.pt,1,CC(=O)S[C@@H]1CC2=CC(=O)CC[C@]2(C)[C@H]2CC[C@@]3(C)[C@@H](CC[C@@]34CCC(=O)O4)[C@H]12,built,29.0,33.0
AMITRIPTYLINE HYDROCHLORIDE,C:\Users\patel\Desktop\group_project\cardiotox-fusion\data\processed\graphs\AMITRIPTYLINE_HYDROCHLORIDE.pt,1,CN(C)CCC=C1c2ccccc2CCc2ccccc21,built,21.0,23.0
TRIMIPRAMINE MALEATE,C:\Users\patel\Desktop\group_project\cardiotox-fusion\data\processed\graphs\TRIMIPRAMINE_MALEATE.pt,1,CC(CN(C)C)CN1c2ccccc2CCc2ccccc21,built,22.0,24.0
niacin,C:\Users\patel\Desktop\group_project\cardiotox-fusion\data\processed\graphs\niacin.pt,1,O=C(O)c1cccnc1,built,9.0,9.0
TOREMIFENE CITRATE,C:\Users\patel\Desktop\group_project\cardiotox-fusion\data\processed\graphs\TOREMIFENE_CITRATE.pt,1,CN(C)CCOc1ccc(/C(=C(/CCCl)c2ccccc2)c2ccccc2)cc1,built,29.0,31.0
METHADONE HYDROCHLORIDE,C:\Users\patel\Desktop\group_project\cardiotox-fusion\data\processed\graphs\METHADONE_HYDROCHLORIDE.pt,1,CCC(=O)C(CC(C)N(C)C)(c1ccccc1)c1ccccc1,built,23.0,24.0
TOLVAPTAN,C:\Users\patel\Desktop\group_project\cardiotox-fusion\data\processed\graphs\TOLVAPTAN.pt,1,Cc1ccccc1C(=O)Nc1ccc(C(=O)N2CCCC(O)c3cc(Cl)ccc32)c(C)c1,built,32.0,35.0
CARISOPRODOL,C:\Users\patel\Desktop\group_project\cardiotox-fusion\data\processed\graphs\CARISOPRODOL.pt,1,CCCC(C)(COC(N)=O)COC(=O)NC(C)C,built,18.0,17.0
ZIPRASIDONE HYDROCHLORIDE,C:\Users\patel\Desktop\group_project\cardiotox-fusion\data\processed\graphs\ZIPRASIDONE_HYDROCHLORIDE.pt,1,O=C1Cc2cc(CCN3CCN(c4nsc5ccccc45)CC3)c(Cl)cc2N1,built,28.0,32.0
BUSPIRONE HYDROCHLORIDE,C:\Users\patel\Desktop\group_project\cardiotox-fusion\data\processed\graphs\BUSPIRONE_HYDROCHLORIDE.pt,1,O=C1CC2(CCCC2)CC(=O)N1CCCCN1CCN(c2ncccn2)CC1,built,28.0,31.0
DESIPRAMINE HYDROCHLORIDE,C:\Users\patel\Desktop\group_project\cardiotox-fusion\data\processed\graphs\DESIPRAMINE_HYDROCHLORIDE.pt,1,CNCCCN1c2ccccc2CCc2ccccc21,built,20.0,22.0
BALSALAZIDE DISODIUM,C:\Users\patel\Desktop\group_project\cardiotox-fusion\data\processed\graphs\BALSALAZIDE_DISODIUM.pt,1,O=C([O-])CCNC(=O)c1ccc(/N=N/c2ccc(O)c(C(=O)[O-])c2)cc1,built,26.0,27.0
RIFABUTIN,C:\Users\patel\Desktop\group_project\cardiotox-fusion\data\processed\graphs\RIFABUTIN.pt,1,CO[C@H]1/C=C/O[C@@]2(C)Oc3c(C)c(O)c4c(c3C2=O)C2=NC3(CCN(CC(C)C)CC3)NC2=C(NC(=O)/C(C)=C\C=C\[C@H](C)[C@H](O)[C@@H](C)[C@@H](O)[C@@H](C)[C@H](OC(C)=O)[C@@H]1C)C4=O,built,61.0,66.0
TRANDOLAPRIL,C:\Users\patel\Desktop\group_project\cardiotox-fusion\data\processed\graphs\TRANDOLAPRIL.pt,1,CCOC(=O)[C@H](CCc1ccccc1)N[C@@H](C)C(=O)N1[C@H](C(=O)O)C[C@H]2CCCC[C@@H]21,built,31.0,33.0
METAXALONE,C:\Users\patel\Desktop\group_project\cardiotox-fusion\data\processed\graphs\METAXALONE.pt,0,Cc1cc(C)cc(OCC2CNC(=O)O2)c1,built,16.0,17.0
APREPITANT,C:\Users\patel\Desktop\group_project\cardiotox-fusion\data\processed\graphs\APREPITANT.pt,1,C[C@@H](O[C@H]1OCCN(Cc2n[nH]c(=O)[nH]2)[C@H]1c1ccc(F)cc1)c1cc(C(F)(F)F)cc(C(F)(F)F)c1,built,37.0,40.0
CINACALCET HYDROCHLORIDE,C:\Users\patel\Desktop\group_project\cardiotox-fusion\data\processed\graphs\CINACALCET_HYDROCHLORIDE.pt,1,C[C@@H](NCCCc1cccc(C(F)(F)F)c1)c1cccc2ccccc12,built,26.0,28.0
TRIAZOLAM,C:\Users\patel\Desktop\group_project\cardiotox-fusion\data\processed\graphs\TRIAZOLAM.pt,0,Cc1nnc2n1-c1ccc(Cl)cc1C(c1ccccc1Cl)=NC2,built,23.0,26.0
PIMOZIDE,C:\Users\patel\Desktop\group_project\cardiotox-fusion\data\processed\graphs\PIMOZIDE.pt,1,O=c1[nH]c2ccccc2n1C1CCN(CCCC(c2ccc(F)cc2)c2ccc(F)cc2)CC1,built,34.0,38.0
LABETALOL HYDROCHLORIDE,C:\Users\patel\Desktop\group_project\cardiotox-fusion\data\processed\graphs\LABETALOL_HYDROCHLORIDE.pt,1,CC(CCc1ccccc1)NCC(O)c1ccc(O)c(C(N)=O)c1,built,24.0,25.0
TROSPIUM CHLORIDE,C:\Users\patel\Desktop\group_project\cardiotox-fusion\data\processed\graphs\TROSPIUM_CHLORIDE.pt,1,O=C(O[C@H]1C[C@H]2CC[C@@H](C1)[N+]21CCCC1)C(O)(c1ccccc1)c1ccccc1,built,29.0,33.0
MOLINDONE HYDROCHLORIDE,C:\Users\patel\Desktop\group_project\cardiotox-fusion\data\processed\graphs\MOLINDONE_HYDROCHLORIDE.pt,1,CCc1c(C)[nH]c2c1C(=O)C(CN1CCOCC1)CC2,built,20.0,22.0
CLOMIPHENE CITRATE,C:\Users\patel\Desktop\group_project\cardiotox-fusion\data\processed\graphs\CLOMIPHENE_CITRATE.pt,1,CCN(CC)CCOc1ccc(C(=C(Cl)c2ccccc2)c2ccccc2)cc1,built,29.0,31.0
DIETHYLPROPION HYDROCHLORIDE,C:\Users\patel\Desktop\group_project\cardiotox-fusion\data\processed\graphs\DIETHYLPROPION_HYDROCHLORIDE.pt,1,CCN(CC)C(C)C(=O)c1ccccc1,built,15.0,15.0
PERINDOPRIL ERBUMINE,C:\Users\patel\Desktop\group_project\cardiotox-fusion\data\processed\graphs\PERINDOPRIL_ERBUMINE.pt,1,CCC[C@H](N[C@@H](C)C(=O)N1[C@H](C(=O)O)C[C@@H]2CCCC[C@@H]21)C(=O)OCC,built,26.0,27.0
CLEMASTINE FUMARATE,C:\Users\patel\Desktop\group_project\cardiotox-fusion\data\processed\graphs\CLEMASTINE_FUMARATE.pt,1,CN1CCC[C@@H]1CCO[C@](C)(c1ccccc1)c1ccc(Cl)cc1,built,24.0,26.0
SULINDAC,C:\Users\patel\Desktop\group_project\cardiotox-fusion\data\processed\graphs\SULINDAC.pt,1,CC1=C(CC(=O)O)c2cc(F)ccc2/C1=C\c1ccc([S+](C)[O-])cc1,built,25.0,27.0
DEXMETHYLPHENIDATE HYDROCHLORIDE,C:\Users\patel\Desktop\group_project\cardiotox-fusion\data\processed\graphs\DEXMETHYLPHENIDATE_HYDROCHLORIDE.pt,1,COC(=O)[C@H](c1ccccc1)[C@H]1CCCCN1,built,17.0,18.0
PIROXICAM,C:\Users\patel\Desktop\group_project\cardiotox-fusion\data\processed\graphs\PIROXICAM.pt,1,CN1C(C(=O)Nc2ccccn2)=C(O)c2ccccc2S1(=O)=O,built,23.0,25.0
PRIMIDONE,C:\Users\patel\Desktop\group_project\cardiotox-fusion\data\processed\graphs\PRIMIDONE.pt,0,CCC1(c2ccccc2)C(=O)NCNC1=O,built,16.0,17.0
METHOCARBAMOL,C:\Users\patel\Desktop\group_project\cardiotox-fusion\data\processed\graphs\METHOCARBAMOL.pt,1,COc1ccccc1OCC(O)COC(N)=O,built,17.0,17.0
NARATRIPTAN HYDROCHLORIDE,C:\Users\patel\Desktop\group_project\cardiotox-fusion\data\processed\graphs\NARATRIPTAN_HYDROCHLORIDE.pt,1,CNS(=O)(=O)CCc1ccc2[nH]cc(C3CCN(C)CC3)c2c1,built,23.0,25.0
CYCLOBENZAPRINE HYDROCHLORIDE,C:\Users\patel\Desktop\group_project\cardiotox-fusion\data\processed\graphs\CYCLOBENZAPRINE_HYDROCHLORIDE.pt,1,CN(C)CCC=C1c2ccccc2C=Cc2ccccc21,built,21.0,23.0
MIGLITOL,C:\Users\patel\Desktop\group_project\cardiotox-fusion\data\processed\graphs\MIGLITOL.pt,0,OCCN1C[C@H](O)[C@@H](O)[C@H](O)[C@H]1CO,built,14.0,14.0
LANSOPRAZOLE,C:\Users\patel\Desktop\group_project\cardiotox-fusion\data\processed\graphs\LANSOPRAZOLE.pt,1,Cc1c(OCC(F)(F)F)ccnc1C[S+]([O-])c1nc2ccccc2[nH]1,built,25.0,27.0
CARVEDILOL,C:\Users\patel\Desktop\group_project\cardiotox-fusion\data\processed\graphs\CARVEDILOL.pt,1,COc1ccccc1OCCNCC(O)COc1cccc2[nH]c3ccccc3c12,built,30.0,33.0
HYDROCHLOROTHIAZIDE,C:\Users\patel\Desktop\group_project\cardiotox-fusion\data\processed\graphs\HYDROCHLOROTHIAZIDE.pt,1,NS(=O)(=O)c1cc2c(cc1Cl)NCNS2(=O)=O,built,17.0,18.0
THEOPHYLLINE ANHYDROUS,C:\Users\patel\Desktop\group_project\cardiotox-fusion\data\processed\graphs\THEOPHYLLINE_ANHYDROUS.pt,1,Cn1c(=O)c2[nH]cnc2n(C)c1=O,built,13.0,14.0
CHENODIOL,C:\Users\patel\Desktop\group_project\cardiotox-fusion\data\processed\graphs\CHENODIOL.pt,0,C[C@H](CCC(=O)O)[C@H]1CC[C@H]2[C@@H]3[C@H](O)C[C@@H]4C[C@H](O)CC[C@]4(C)[C@H]3CC[C@]12C,built,28.0,31.0
MISOPROSTOL,C:\Users\patel\Desktop\group_project\cardiotox-fusion\data\processed\graphs\MISOPROSTOL.pt,1,CCCCC(C)(O)C/C=C/[C@H]1[C@H](O)CC(=O)[C@@H]1CCCCCCC(=O)OC,built,27.0,27.0
CITALOPRAM,C:\Users\patel\Desktop\group_project\cardiotox-fusion\data\processed\graphs\CITALOPRAM.pt,1,CN(C)CCCC1(c2ccc(F)cc2)OCc2cc(C#N)ccc21,built,24.0,26.0
ETRAVIRINE,C:\Users\patel\Desktop\group_project\cardiotox-fusion\data\processed\graphs\ETRAVIRINE.pt,1,Cc1cc(C#N)cc(C)c1Oc1nc(Nc2ccc(C#N)cc2)nc(N)c1Br,built,28.0,30.0
CLOPIDOGREL BISULFATE,C:\Users\patel\Desktop\group_project\cardiotox-fusion\data\processed\graphs\CLOPIDOGREL_BISULFATE.pt,1,COC(=O)[C@H](c1ccccc1Cl)N1CCc2sccc2C1,built,21.0,23.0
LEVORPHANOL TARTRATE,C:\Users\patel\Desktop\group_project\cardiotox-fusion\data\processed\graphs\LEVORPHANOL_TARTRATE.pt,1,CN1CC[C@]23CCCC[C@H]2[C@H]1Cc1ccc(O)cc13,built,19.0,22.0
TINIDAZOLE,C:\Users\patel\Desktop\group_project\cardiotox-fusion\data\processed\graphs\TINIDAZOLE.pt,1,CCS(=O)(=O)CCn1c([N+](=O)[O-])cnc1C,built,16.0,16.0
TOLMETIN SODIUM,C:\Users\patel\Desktop\group_project\cardiotox-fusion\data\processed\graphs\TOLMETIN_SODIUM.pt,1,Cc1ccc(C(=O)c2ccc(CC(=O)[O-])n2C)cc1,built,19.0,20.0
NORTRIPTYLINE HYDROCHLORIDE,C:\Users\patel\Desktop\group_project\cardiotox-fusion\data\processed\graphs\NORTRIPTYLINE_HYDROCHLORIDE.pt,1,CNCCC=C1c2ccccc2CCc2ccccc21,built,20.0,22.0
MOLNUPIRAVIR,C:\Users\patel\Desktop\group_project\cardiotox-fusion\data\processed\graphs\MOLNUPIRAVIR.pt,0,CC(C)C(=O)OC[C@H]1O[C@@H](n2cc/c(=N\O)[nH]c2=O)[C@H](O)[C@@H]1O,built,23.0,24.0
secobarbital sodium,C:\Users\patel\Desktop\group_project\cardiotox-fusion\data\processed\graphs\secobarbital_sodium.pt,1,C=CCC1(C(C)CCC)C(=O)[N-]C(=O)NC1=O,built,17.0,17.0
isosorbide,C:\Users\patel\Desktop\group_project\cardiotox-fusion\data\processed\graphs\isosorbide.pt,0,O[C@@H]1CO[C@H]2[C@@H]1OC[C@@H]2O,built,10.0,11.0
sotalol,C:\Users\patel\Desktop\group_project\cardiotox-fusion\data\processed\graphs\sotalol.pt,1,CC(C)NCC(O)c1ccc(NS(C)(=O)=O)cc1,built,18.0,18.0
lomefloxacin hydrochloride,C:\Users\patel\Desktop\group_project\cardiotox-fusion\data\processed\graphs\lomefloxacin_hydrochloride.pt,1,CCn1cc(C(=O)O)c(=O)c2cc(F)c(N3CCNC(C)C3)c(F)c21,built,25.0,27.0
polythiazide,C:\Users\patel\Desktop\group_project\cardiotox-fusion\data\processed\graphs\polythiazide.pt,1,CN1C(CSCC(F)(F)F)Nc2cc(Cl)c(S(N)(=O)=O)cc2S1(=O)=O,built,25.0,26.0
pergolide,C:\Users\patel\Desktop\group_project\cardiotox-fusion\data\processed\graphs\pergolide.pt,1,CCCN1C[C@H](CSC)C[C@@H]2c3cccc4[nH]cc(c34)C[C@H]21,built,22.0,25.0
LAROTRECTINIB,C:\Users\patel\Desktop\group_project\cardiotox-fusion\data\processed\graphs\LAROTRECTINIB.pt,0,O=C(Nc1cnn2ccc(N3CCC[C@@H]3c3cc(F)ccc3F)nc12)N1CC[C@H](O)C1,built,31.0,35.0
METHYLNALTREXONE BROMIDE,C:\Users\patel\Desktop\group_project\cardiotox-fusion\data\processed\graphs\METHYLNALTREXONE_BROMIDE.pt,1,C[N+]1(CC2CC2)CC[C@]23c4c5ccc(O)c4O[C@H]2C(=O)CC[C@@]3(O)[C@H]1C5,built,26.0,31.0
ESZOPICLONE,C:\Users\patel\Desktop\group_project\cardiotox-fusion\data\processed\graphs\ESZOPICLONE.pt,1,CN1CCN(C(=O)O[C@H]2c3nccnc3C(=O)N2c2ccc(Cl)cn2)CC1,built,27.0,30.0
NALOXONE HYDROCHLORIDE,C:\Users\patel\Desktop\group_project\cardiotox-fusion\data\processed\graphs\NALOXONE_HYDROCHLORIDE.pt,1,C=CCN1CC[C@]23c4c5ccc(O)c4O[C@H]2C(=O)CC[C@@]3(O)[C@H]1C5,built,24.0,28.0
PHYTONADIONE,C:\Users\patel\Desktop\group_project\cardiotox-fusion\data\processed\graphs\PHYTONADIONE.pt,1,CC1=C(C/C=C(\C)CCC[C@H](C)CCC[C@H](C)CCCC(C)C)C(=O)c2ccccc2C1=O,built,33.0,34.0
ALCOHOL,C:\Users\patel\Desktop\group_project\cardiotox-fusion\data\processed\graphs\ALCOHOL.pt,1,OCc1ccccc1,built,8.0,8.0
PROCHLORPERAZINE,C:\Users\patel\Desktop\group_project\cardiotox-fusion\data\processed\graphs\PROCHLORPERAZINE.pt,1,CN1CCN(CCCN2c3ccccc3Sc3ccc(Cl)cc32)CC1,built,25.0,28.0
DEGARELIX,C:\Users\patel\Desktop\group_project\cardiotox-fusion\data\processed\graphs\DEGARELIX.pt,1,CC(=O)N[C@H](Cc1ccc2ccccc2c1)C(=O)N[C@H](Cc1ccc(Cl)cc1)C(=O)N[C@H](Cc1cccnc1)C(=O)N[C@@H](CO)C(=O)N[C@@H](Cc1ccc(NC(=O)[C@@H]2CC(=O)NC(=O)N2)cc1)C(=O)N[C@H](Cc1ccc(NC(N)=O)cc1)C(=O)N[C@@H](CC(C)C)C(=O)N[C@@H](CCCCNC(C)C)C(=O)N1CCC[C@H]1C(=O)N[C@H](C)C(N)=O,built,117.0,124.0
HISTRELIN ACETATE,C:\Users\patel\Desktop\group_project\cardiotox-fusion\data\processed\graphs\HISTRELIN_ACETATE.pt,1,CCNC(=O)[C@@H]1CCCN1C(=O)[C@H](CCCNC(=N)N)NC(=O)[C@H](CC(C)C)NC(=O)[C@@H](Cc1cn(Cc2ccccc2)cn1)NC(=O)[C@H](Cc1ccc(O)cc1)NC(=O)[C@H](CO)NC(=O)[C@H](Cc1c[nH]c2ccccc12)NC(=O)[C@H](Cc1cnc[nH]1)NC(=O)[C@@H]1CCC(=O)N1,built,96.0,103.0
bremelanotide acetate,C:\Users\patel\Desktop\group_project\cardiotox-fusion\data\processed\graphs\bremelanotide_acetate.pt,1,CCCC[C@H](NC(C)=O)C(=O)N[C@H]1CC(=O)NCCCC[C@@H](C(=O)O)NC(=O)[C@H](Cc2c[nH]c3ccccc23)NC(=O)[C@H](CCCNC(=N)N)NC(=O)[C@@H](Cc2ccccc2)NC(=O)[C@H](Cc2c[nH]cn2)NC1=O,built,74.0,78.0
SETMELANOTIDE,C:\Users\patel\Desktop\group_project\cardiotox-fusion\data\processed\graphs\SETMELANOTIDE.pt,0,CC(=O)N[C@@H](CCCNC(=N)N)C(=O)N[C@H]1CSSC[C@@H](C(N)=O)NC(=O)[C@H](Cc2c[nH]c3ccccc23)NC(=O)[C@H](CCCNC(=N)N)NC(=O)[C@@H](Cc2ccccc2)NC(=O)[C@H](Cc2c[nH]cn2)NC(=O)[C@@H](C)NC1=O,built,78.0,82.0
LANREOTIDE ACETATE,C:\Users\patel\Desktop\group_project\cardiotox-fusion\data\processed\graphs\LANREOTIDE_ACETATE.pt,1,CC(C)[C@@H]1NC(=O)[C@H](CCCCN)NC(=O)[C@@H](Cc2c[nH]c3ccccc23)NC(=O)[C@H](Cc2ccc(O)cc2)NC(=O)[C@@H](NC(=O)[C@H](N)Cc2ccc3ccccc3c2)CSSC[C@@H](C(=O)N[C@H](C(N)=O)[C@@H](C)O)NC1=O,built,77.0,82.0
exenatide,C:\Users\patel\Desktop\group_project\cardiotox-fusion\data\processed\graphs\exenatide.pt,0,CC[C@H](C)[C@H](NC(=O)[C@H](Cc1ccccc1)NC(=O)[C@H](CC(C)C)NC(=O)[C@H](CCCNC(=N)N)NC(=O)[C@@H](NC(=O)[C@H](C)NC(=O)[C@H](CCC(=O)O)NC(=O)[C@H](CCC(=O)O)NC(=O)[C@H](CCC(=O)O)NC(=O)[C@H](CCSC)NC(=O)[C@H](CCC(N)=O)NC(=O)[C@H](CCCCN)NC(=O)[C@H](CO)NC(=O)[C@H](CC(C)C)NC(=O)[C@H](CC(=O)O)NC(=O)[C@H](CO)NC(=O)[C@@H](NC(=O)[C@H](Cc1ccccc1)NC(=O)[C@@H](NC(=O)CNC(=O)[C@H](CCC(=O)O)NC(=O)CNC(=O)[C@@H](N)Cc1cnc[nH]1)[C@@H](C)O)[C@@H](C)O)C(C)C)C(=O)N[C@@H](CCC(=O)O)C(=O)N[C@@H](Cc1c[nH]c2ccccc12)C(=O)N[C@@H](CC(C)C)C(=O)N[C@@H](CCCCN)C(=O)N[C@@H](CC(N)=O)C(=O)NCC(=O)NCC(=O)N1CCC[C@H]1C(=O)N[C@@H](CO)C(=O)N[C@@H](CO)C(=O)NCC(=O)N[C@@H](C)C(=O)N1CCC[C@H]1C(=O)N1CCC[C@H]1C(=O)N1CCC[C@H]1C(=O)N[C@@H](CO)C(N)=O,built,295.0,303.0
LIRAGLUTIDE,C:\Users\patel\Desktop\group_project\cardiotox-fusion\data\processed\graphs\LIRAGLUTIDE.pt,1,CCCCCCCCCCCCCCCC(=O)N[C@@H](CCC(=O)NCCCC[C@H](NC(=O)[C@H](C)NC(=O)[C@H](C)NC(=O)[C@H](CCC(N)=O)NC(=O)CNC(=O)[C@H](CCC(=O)O)NC(=O)[C@H](CC(C)C)NC(=O)[C@H](Cc1ccc(O)cc1)NC(=O)[C@H](CO)NC(=O)[C@H](CO)NC(=O)[C@@H](NC(=O)[C@H](CC(=O)O)NC(=O)[C@H](CO)NC(=O)[C@@H](NC(=O)[C@H](Cc1ccccc1)NC(=O)[C@@H](NC(=O)CNC(=O)[C@H](CCC(=O)O)NC(=O)[C@H](C)NC(=O)[C@@H](N)Cc1cnc[nH]1)[C@@H](C)O)[C@@H](C)O)C(C)C)C(=O)N[C@@H](CCC(=O)O)C(=O)N[C@@H](Cc1ccccc1)C(=O)N[C@H](C(=O)N[C@@H](C)C(=O)N[C@@H](Cc1c[nH]c2ccccc12)C(=O)N[C@@H](CC(C)C)C(=O)N[C@H](C(=O)N[C@@H](CCCNC(=N)N)C(=O)NCC(=O)N[C@@H](CCCNC(=N)N)C(=O)NCC(=O)O)C(C)C)[C@@H](C)CC)C(=O)O,built,266.0,271.0
TESTOSTERONE ENANTHATE,C:\Users\patel\Desktop\group_project\cardiotox-fusion\data\processed\graphs\TESTOSTERONE_ENANTHATE.pt,1,CCCCCCC(=O)O[C@H]1CC[C@H]2[C@@H]3CCC4=CC(=O)CC[C@]4(C)[C@H]3CC[C@]12C,built,29.0,32.0
pramlintide acetate,C:\Users\patel\Desktop\group_project\cardiotox-fusion\data\processed\graphs\pramlintide_acetate.pt,0,CC[C@H](C)[C@H](NC(=O)[C@@H]1CCCN1C(=O)CNC(=O)[C@H](Cc1ccccc1)NC(=O)[C@H](CC(N)=O)NC(=O)[C@H](CC(N)=O)NC(=O)[C@H](CO)NC(=O)[C@H](CO)NC(=O)[C@H](Cc1c[nH]cn1)NC(=O)[C@@H](NC(=O)[C@H](CC(C)C)NC(=O)[C@H](Cc1ccccc1)NC(=O)[C@H](CC(N)=O)NC(=O)[C@H](C)NC(=O)[C@H](CC(C)C)NC(=O)[C@H](CCCNC(=N)N)NC(=O)[C@H](CCC(N)=O)NC(=O)[C@@H](NC(=O)[C@H](C)NC(=O)[C@@H]1CSSC[C@H](NC(=O)[C@@H](N)CCCCN)C(=O)N[C@@H](CC(N)=O)C(=O)N[C@@H]([C@@H](C)O)C(=O)N[C@@H](C)C(=O)N[C@@H]([C@@H](C)O)C(=O)N1)[C@@H](C)O)C(C)C)C(=O)N[C@@H](CC(C)C)C(=O)N1CCC[C@H]1C(=O)N1CCC[C@H]1C(=O)N[C@H](C(=O)N[C@@H](CC(N)=O)C(=O)N[C@H](C(=O)NCC(=O)N[C@@H](CO)C(=O)N[C@@H](CC(N)=O)C(=O)N[C@H](C(=O)N[C@@H](Cc1ccc(O)cc1)C(N)=O)[C@@H](C)O)C(C)C)[C@@H](C)O,built,277.0,284.0
goserelin acetate,C:\Users\patel\Desktop\group_project\cardiotox-fusion\data\processed\graphs\goserelin_acetate.pt,1,CC(C)C[C@H](NC(=O)[C@@H](COC(C)(C)C)NC(=O)[C@H](Cc1ccc(O)cc1)NC(=O)[C@H](CO)NC(=O)[C@H](Cc1c[nH]c2ccccc12)NC(=O)[C@H](Cc1cnc[nH]1)NC(=O)[C@@H]1CCC(=O)N1)C(=O)N[C@@H](CCCNC(=N)N)C(=O)N1CCC[C@H]1C(=O)NNC(N)=O,built,91.0,96.0
OMACETAXINE MEPESUCCINATE,C:\Users\patel\Desktop\group_project\cardiotox-fusion\data\processed\graphs\OMACETAXINE_MEPESUCCINATE.pt,1,COC(=O)C[C@](O)(CCCC(C)(C)O)C(=O)O[C@@H]1C(OC)=C[C@]23CCCN2CCc2cc4c(cc2[C@H]13)OCO4,built,39.0,43.0
etonogestrel,C:\Users\patel\Desktop\group_project\cardiotox-fusion\data\processed\graphs\etonogestrel.pt,1,C#C[C@]1(O)CC[C@H]2[C@@H]3CCC4=CC(=O)CC[C@@H]4[C@H]3C(=C)C[C@@]21CC,built,24.0,27.0
Enfuvirtide,C:\Users\patel\Desktop\group_project\cardiotox-fusion\data\processed\graphs\Enfuvirtide.pt,1,CC[C@H](C)[C@H](NC(=O)[C@H](CC(C)C)NC(=O)[C@H](CO)NC(=O)[C@H](Cc1cnc[nH]1)NC(=O)[C@@H](NC(=O)[C@H](CC(C)C)NC(=O)[C@H](CO)NC(=O)[C@@H](NC(=O)[C@H](Cc1ccc(O)cc1)NC(C)=O)[C@@H](C)O)[C@@H](C)CC)C(=O)N[C@@H](CCC(=O)O)C(=O)N[C@@H](CCC(=O)O)C(=O)N[C@@H](CO)C(=O)N[C@@H](CCC(N)=O)C(=O)N[C@@H](CC(N)=O)C(=O)N[C@@H](CCC(N)=O)C(=O)N[C@@H](CCC(N)=O)C(=O)N[C@@H](CCC(=O)O)C(=O)N[C@@H](CCCCN)C(=O)N[C@@H](CC(N)=O)C(=O)N[C@@H](CCC(=O)O)C(=O)N[C@@H](CCC(N)=O)C(=O)N[C@@H](CCC(=O)O)C(=O)N[C@@H](CC(C)C)C(=O)N[C@@H](CC(C)C)C(=O)N[C@@H](CCC(=O)O)C(=O)N[C@@H](CC(C)C)C(=O)N[C@@H](CC(=O)O)C(=O)N[C@@H](CCCCN)C(=O)N[C@@H](Cc1c[nH]c2ccccc12)C(=O)N[C@@H](C)C(=O)N[C@@H](CO)C(=O)N[C@@H](CC(C)C)C(=O)N[C@@H](Cc1c[nH]c2ccccc12)C(=O)N[C@@H](CC(N)=O)C(=O)N[C@@H](Cc1c[nH]c2ccccc12)C(=O)N[C@@H](Cc1ccccc1)C(N)=O,built,319.0,327.0
MIPOMERSEN SODIUM,C:\Users\patel\Desktop\group_project\cardiotox-fusion\data\processed\graphs\MIPOMERSEN_SODIUM.pt,0,COCCO[C@@H]1[C@H](SP(=O)([O-])OC[C@H]2O[C@@H](n3cc(C)c(=O)[nH]c3=O)[C@H](OCCOC)[C@@H]2SP(=O)([O-])OC[C@H]2O[C@@H](n3cc(C)c(N)nc3=O)[C@H](OCCOC)[C@@H]2SP(=O)([O-])OC[C@H]2O[C@@H](n3cnc4c(N)ncnc43)C[C@@H]2SP(=O)([O-])OC[C@H]2O[C@@H](n3cnc4c(=O)[nH]c(N)nc43)C[C@@H]2SP(=O)([O-])OC[C@H]2O[C@@H](n3cc(C)c(=O)[nH]c3=O)C[C@@H]2SP(=O)([O-])OC[C@H]2O[C@@H](n3cc(C)c(N)nc3=O)C[C@@H]2SP(=O)([O-])OC[C@H]2O[C@@H](n3cc(C)c(=O)[nH]c3=O)C[C@@H]2SP(=O)([O-])OC[C@H]2O[C@@H](n3cnc4c(=O)[nH]c(N)nc43)C[C@@H]2SP(=O)([O-])OC[C@H]2O[C@@H](n3cc(C)c(N)nc3=O)C[C@@H]2SP(=O)([O-])OC[C@H]2O[C@@H](n3cc(C)c(=O)[nH]c3=O)C[C@@H]2SP(=O)([O-])OC[C@H]2O[C@@H](n3cc(C)c(=O)[nH]c3=O)C[C@@H]2SP(=O)([O-])OC[C@H]2O[C@@H](n3cc(C)c(N)nc3=O)C[C@@H]2SP(=O)([O-])OC[C@H]2O[C@@H](n3cnc4c(=O)[nH]c(N)nc43)[C@H](OCCOC)[C@@H]2SP(=O)([O-])OC[C@@H]2O[C@H](n3cc(C)c(N)nc3=O)[C@@H](OCCOC)[C@H]2SP(=O)([O-])OC[C@@H]2O[C@H](n3cnc4c(N)ncnc43)[C@@H](OCCOC)[C@H]2SP(=O)([O-])OC[C@@H]2O[C@H](n3cc(C)c(N)nc3=O)[C@@H](OCCOC)[C@H]2SP(=O)([O-])OC[C@@H]2O[C@H](n3cc(C)c(N)nc3=O)[C@@H](OCCOC)[C@H]2O)[C@@H](COP(=O)([O-])S[C@H]2[C@@H](OCCOC)[C@H](n3cc(C)c(N)nc3=O)O[C@@H]2COP(=O)([O-])S[C@H]2[C@@H](OCCOC)[C@H](n3cnc4c(=O)[nH]c(N)nc43)O[C@@H]2CO)O[C@H]1n1cc(C)c(N)nc1=O,built,457.0,502.0
Teriparatide,C:\Users\patel\Desktop\group_project\cardiotox-fusion\data\processed\graphs\Teriparatide.pt,1,CC[C@H](C)[C@H](NC(=O)[C@H](CCC(=O)O)NC(=O)[C@H](CO)NC(=O)[C@@H](NC(=O)[C@@H](N)CO)C(C)C)C(=O)N[C@@H](CCC(N)=O)C(=O)N[C@@H](CC(C)C)C(=O)N[C@@H](CCSC)C(=O)N[C@@H](Cc1cnc[nH]1)C(=O)N[C@@H](CC(N)=O)C(=O)N[C@@H](CC(C)C)C(=O)NCC(=O)N[C@@H](CCCCN)C(=O)N[C@@H](Cc1cnc[nH]1)C(=O)N[C@@H](CC(C)C)C(=O)N[C@@H](CC(N)=O)C(=O)N[C@@H](CO)C(=O)N[C@@H](CCSC)C(=O)N[C@@H](CCC(=O)O)C(=O)N[C@@H](CCCNC(=N)N)C(=O)N[C@H](C(=O)N[C@@H](CCC(=O)O)C(=O)N[C@@H](Cc1c[nH]c2ccccc12)C(=O)N[C@@H](CC(C)C)C(=O)N[C@@H](CCCNC(=N)N)C(=O)N[C@@H](CCCCN)C(=O)N[C@@H](CCCCN)C(=O)N[C@@H](CC(C)C)C(=O)N[C@@H](CCC(N)=O)C(=O)N[C@@H](CC(=O)O)C(=O)N[C@H](C(=O)N[C@@H](Cc1cnc[nH]1)C(=O)N[C@@H](CC(N)=O)C(=O)N[C@@H](Cc1ccccc1)C(=O)O)C(C)C)C(C)C,built,289.0,294.0
DEOXYCHOLIC ACID,C:\Users\patel\Desktop\group_project\cardiotox-fusion\data\processed\graphs\DEOXYCHOLIC_ACID.pt,1,C[C@H](CCC(=O)O)[C@H]1CC[C@H]2[C@@H]3CC[C@@H]4C[C@H](O)CC[C@]4(C)[C@H]3C[C@H](O)[C@]12C,built,28.0,31.0
FONDAPARINUX SODIUM,C:\Users\patel\Desktop\group_project\cardiotox-fusion\data\processed\graphs\FONDAPARINUX_SODIUM.pt,0,CO[C@H]1O[C@H](COS(=O)(=O)[O-])[C@@H](O[C@@H]2O[C@@H](C(=O)[O-])[C@@H](O[C@H]3O[C@H](COS(=O)(=O)[O-])[C@@H](O[C@@H]4O[C@H](C(=O)[O-])[C@@H](O[C@H]5O[C@H](COS(=O)(=O)[O-])[C@@H](O)[C@H](O)[C@H]5NS(=O)(=O)[O-])[C@H](O)[C@H]4O)[C@H](OS(=O)(=O)[O-])[C@H]3NS(=O)(=O)[O-])[C@H](O)[C@H]2OS(=O)(=O)[O-])[C@H](O)[C@H]1NS(=O)(=O)[O-],built,91.0,95.0
terbutaline sulfate,C:\Users\patel\Desktop\group_project\cardiotox-fusion\data\processed\graphs\terbutaline_sulfate.pt,1,CC(C)(C)NCC(O)c1cc(O)cc(O)c1,built,16.0,16.0
ganirelix acetate,C:\Users\patel\Desktop\group_project\cardiotox-fusion\data\processed\graphs\ganirelix_acetate.pt,0,CC/N=C(\NCC)NCCCC[C@H](NC(=O)[C@H](CC(C)C)NC(=O)[C@@H](CCCCN/C(=N/CC)NCC)NC(=O)[C@H](Cc1ccc(O)cc1)NC(=O)[C@H](CO)NC(=O)[C@@H](Cc1cccnc1)NC(=O)[C@@H](Cc1ccc(Cl)cc1)NC(=O)[C@@H](Cc1ccc2ccccc2c1)NC(C)=O)C(=O)N1CCC[C@H]1C(=O)N[C@H](C)C(N)=O,built,112.0,117.0
ISOSULFAN BLUE,C:\Users\patel\Desktop\group_project\cardiotox-fusion\data\processed\graphs\ISOSULFAN_BLUE.pt,0,CCN(CC)c1ccc(C(=C2C=CC(=[N+](CC)CC)C=C2)c2cc(S(=O)(=O)[O-])ccc2S(=O)(=O)[O-])cc1,built,37.0,39.0
ICATIBANT ACETATE,C:\Users\patel\Desktop\group_project\cardiotox-fusion\data\processed\graphs\ICATIBANT_ACETATE.pt,0,N=C(N)NCCC[C@@H](N)C(=O)N[C@@H](CCCNC(=N)N)C(=O)N1CCC[C@H]1C(=O)N1C[C@H](O)C[C@H]1C(=O)NCC(=O)N[C@@H](Cc1cccs1)C(=O)N[C@@H](CO)C(=O)N1Cc2ccccc2C[C@@H]1C(=O)N1[C@H](C(=O)N[C@@H](CCCNC(=N)N)C(=O)O)C[C@@H]2CCCC[C@@H]21,built,92.0,98.0
apomorphine hydrochloride,C:\Users\patel\Desktop\group_project\cardiotox-fusion\data\processed\graphs\apomorphine_hydrochloride.pt,1,CN1CCc2cccc3c2[C@H]1Cc1ccc(O)c(O)c1-3,built,20.0,23.0
SUFENTANIL,C:\Users\patel\Desktop\group_project\cardiotox-fusion\data\processed\graphs\SUFENTANIL.pt,1,CCC(=O)N(c1ccccc1)C1(COC)CCN(CCc2cccs2)CC1,built,27.0,29.0
NITROGLYCERIN,C:\Users\patel\Desktop\group_project\cardiotox-fusion\data\processed\graphs\NITROGLYCERIN.pt,1,O=[N+]([O-])OCC(CO[N+](=O)[O-])O[N+](=O)[O-],built,15.0,14.0
ASENAPINE MALEATE,C:\Users\patel\Desktop\group_project\cardiotox-fusion\data\processed\graphs\ASENAPINE_MALEATE.pt,1,CN1CC2c3ccccc3Oc3ccc(Cl)cc3C2C1,built,20.0,23.0
BUPRENORPHINE HYDROCHLORIDE,C:\Users\patel\Desktop\group_project\cardiotox-fusion\data\processed\graphs\BUPRENORPHINE_HYDROCHLORIDE.pt,1,CO[C@@]12CC[C@@]3(C[C@@H]1[C@](C)(O)C(C)(C)C)[C@H]1Cc4ccc(O)c5c4[C@@]3(CCN1CC1CC1)[C@H]2O5,built,34.0,40.0
PRILOCAINE HYDROCHLORIDE,C:\Users\patel\Desktop\group_project\cardiotox-fusion\data\processed\graphs\PRILOCAINE_HYDROCHLORIDE.pt,1,CCCNC(C)C(=O)Nc1ccccc1C,built,16.0,16.0
Etoricoxib,C:\Users\patel\Desktop\group_project\cardiotox-fusion\data\processed\graphs\Etoricoxib.pt,1,Cc1ccc(-c2ncc(Cl)cc2-c2ccc(S(C)(=O)=O)cc2)cn1,built,24.0,26.0
Rofecoxib,C:\Users\patel\Desktop\group_project\cardiotox-fusion\data\processed\graphs\Rofecoxib.pt,1,CS(=O)(=O)c1ccc(C2=C(c3ccccc3)C(=O)OC2)cc1,built,22.0,24.0
Benfluorex,C:\Users\patel\Desktop\group_project\cardiotox-fusion\data\processed\graphs\Benfluorex.pt,1,CC(Cc1cccc(C(F)(F)F)c1)NCCOC(=O)c1ccccc1,built,25.0,26.0
Chlorphentermine,C:\Users\patel\Desktop\group_project\cardiotox-fusion\data\processed\graphs\Chlorphentermine.pt,1,CC(C)(N)Cc1ccc(Cl)cc1,built,12.0,12.0
Dexfenfluramine,C:\Users\patel\Desktop\group_project\cardiotox-fusion\data\processed\graphs\Dexfenfluramine.pt,1,CCN[C@@H](C)Cc1cccc(C(F)(F)F)c1,built,16.0,16.0
Fenfluramine,C:\Users\patel\Desktop\group_project\cardiotox-fusion\data\processed\graphs\Fenfluramine.pt,1,CCNC(C)Cc1cccc(C(F)(F)F)c1,cached,,
Levomethadyl acetate,C:\Users\patel\Desktop\group_project\cardiotox-fusion\data\processed\graphs\Levomethadyl_acetate.pt,1,CC[C@H](OC(C)=O)C(C[C@H](C)N(C)C)(c1ccccc1)c1ccccc1,built,26.0,27.0
Phentermine,C:\Users\patel\Desktop\group_project\cardiotox-fusion\data\processed\graphs\Phentermine.pt,1,CC(C)(N)Cc1ccccc1,cached,,
Propoxyphene,C:\Users\patel\Desktop\group_project\cardiotox-fusion\data\processed\graphs\Propoxyphene.pt,1,CCC(=O)O[C@](Cc1ccccc1)(c1ccccc1)[C@H](C)CN(C)C,built,25.0,26.0
Sertindole,C:\Users\patel\Desktop\group_project\cardiotox-fusion\data\processed\graphs\Sertindole.pt,1,O=C1NCCN1CCN1CCC(c2cn(-c3ccc(F)cc3)c3ccc(Cl)cc23)CC1,built,31.0,35.0
Sibutramine,C:\Users\patel\Desktop\group_project\cardiotox-fusion\data\processed\graphs\Sibutramine.pt,1,CC(C)CC(N(C)C)C1(c2ccc(Cl)cc2)CCC1,built,19.0,20.0
Cisapride,C:\Users\patel\Desktop\group_project\cardiotox-fusion\data\processed\graphs\Cisapride.pt,1,COc1cc(N)c(Cl)cc1C(=O)NC1CCN(CCCOc2ccc(F)cc2)CC1OC,built,32.0,34.0
Tegaserod,C:\Users\patel\Desktop\group_project\cardiotox-fusion\data\processed\graphs\Tegaserod.pt,1,CCCCCNC(=N)N/N=C/c1c[nH]c2ccc(OC)cc12,built,22.0,23.0
Terodiline,C:\Users\patel\Desktop\group_project\cardiotox-fusion\data\processed\graphs\Terodiline.pt,1,CC(CC(c1ccccc1)c1ccccc1)NC(C)(C)C,built,21.0,22.0
Astemizole,C:\Users\patel\Desktop\group_project\cardiotox-fusion\data\processed\graphs\Astemizole.pt,1,COc1ccc(CCN2CCC(Nc3nc4ccccc4n3Cc3ccc(F)cc3)CC2)cc1,built,34.0,38.0
Terfenadine,C:\Users\patel\Desktop\group_project\cardiotox-fusion\data\processed\graphs\Terfenadine.pt,1,CC(C)(C)c1ccc(C(O)CCCN2CCC(C(O)(c3ccccc3)c3ccccc3)CC2)cc1,built,35.0,38.0
Grepafloxacin,C:\Users\patel\Desktop\group_project\cardiotox-fusion\data\processed\graphs\Grepafloxacin.pt,1,Cc1c(F)c(N2CCNC(C)C2)cc2c1c(=O)c(C(=O)O)cn2C1CC1,built,26.0,29.0
Sparfloxacin,C:\Users\patel\Desktop\group_project\cardiotox-fusion\data\processed\graphs\Sparfloxacin.pt,1,C[C@@H]1CN(c2c(F)c(N)c3c(=O)c(C(=O)O)cn(C4CC4)c3c2F)C[C@H](C)N1,built,28.0,31.0
Buflomedil,C:\Users\patel\Desktop\group_project\cardiotox-fusion\data\processed\graphs\Buflomedil.pt,1,COc1cc(OC)c(C(=O)CCCN2CCCC2)c(OC)c1,built,22.0,23.0
Dofetilide,C:\Users\patel\Desktop\group_project\cardiotox-fusion\data\processed\graphs\Dofetilide.pt,1,CN(CCOc1ccc(NS(C)(=O)=O)cc1)CCc1ccc(NS(C)(=O)=O)cc1,cached,,
Encainide,C:\Users\patel\Desktop\group_project\cardiotox-fusion\data\processed\graphs\Encainide.pt,1,COc1ccc(C(=O)Nc2ccccc2CCC2CCCCN2C)cc1,built,26.0,28.0
Lidoflazine,C:\Users\patel\Desktop\group_project\cardiotox-fusion\data\processed\graphs\Lidoflazine.pt,1,Cc1cccc(C)c1NC(=O)CN1CCN(CCCC(c2ccc(F)cc2)c2ccc(F)cc2)CC1,built,36.0,39.0
Mibefradil,C:\Users\patel\Desktop\group_project\cardiotox-fusion\data\processed\graphs\Mibefradil.pt,1,COCC(=O)O[C@]1(CCN(C)CCCc2nc3ccccc3[nH]2)CCc2cc(F)ccc2[C@@H]1C(C)C,built,36.0,39.0
Orciprenaline,C:\Users\patel\Desktop\group_project\cardiotox-fusion\data\processed\graphs\Orciprenaline.pt,1,CC(C)NCC(O)c1cc(O)cc(O)c1,built,15.0,15.0
Prenylamine,C:\Users\patel\Desktop\group_project\cardiotox-fusion\data\processed\graphs\Prenylamine.pt,1,CC(Cc1ccccc1)NCCC(c1ccccc1)c1ccccc1,built,25.0,27.0
Probucol,C:\Users\patel\Desktop\group_project\cardiotox-fusion\data\processed\graphs\Probucol.pt,1,CC(C)(Sc1cc(C(C)(C)C)c(O)c(C(C)(C)C)c1)Sc1cc(C(C)(C)C)c(O)c(C(C)(C)C)c1,built,35.0,36.0
Clobutinol,C:\Users\patel\Desktop\group_project\cardiotox-fusion\data\processed\graphs\Clobutinol.pt,1,CC(CN(C)C)C(C)(O)Cc1ccc(Cl)cc1,built,17.0,17.0
