2026-07-23 20:43:41 | 02_resolve_smiles | INFO | ============================================================
2026-07-23 20:43:41 | 02_resolve_smiles | INFO | SCRIPT: 02_resolve_smiles.py
2026-07-23 20:43:41 | 02_resolve_smiles | INFO | PURPOSE: ChEMBL SMILES resolution for all labeled compounds
2026-07-23 20:43:41 | 02_resolve_smiles | INFO | ============================================================
2026-07-23 20:43:41 | 02_resolve_smiles | INFO | Loaded 1211 labeled compounds from C:\Users\patel\Desktop\group_project\cardiotox-fusion\data\processed\labeled_compounds.csv
2026-07-23 20:43:41 | 02_resolve_smiles | INFO | [1/1211] Resolving: HYALURONIC ACID
2026-07-23 20:43:44 | 02_resolve_smiles | WARNING |   X HYALURONIC ACID: no_structure --  | No canonical_smiles in ChEMBL response
2026-07-23 20:43:44 | 02_resolve_smiles | INFO | [2/1211] Resolving: Olanzapine pamoate
2026-07-23 20:43:49 | 02_resolve_smiles | WARNING | HTTP 500 on attempt 1/3: https://www.ebi.ac.uk/chembl/api/data/molecule/search
2026-07-23 20:43:52 | 02_resolve_smiles | INFO |   Olanzapine pamoate: salt stripped (3 frags), removed: ['Cc1cc2c(s1)Nc1ccccc1N=C2N1CCN(C)CC1', 'O']
2026-07-23 20:43:52 | 02_resolve_smiles | INFO |   OK Olanzapine pamoate -> O=C(O)c1cc2ccccc2c(Cc2c(O)c(C(=O)O)cc3cc... (method=exact_pref_name_match, frags=3)
2026-07-23 20:43:52 | 02_resolve_smiles | INFO | [3/1211] Resolving: Trimethobenzamide Hydrochloride
2026-07-23 20:43:58 | 02_resolve_smiles | WARNING | HTTP 500 on attempt 1/3: https://www.ebi.ac.uk/chembl/api/data/molecule/search
2026-07-23 20:44:02 | 02_resolve_smiles | INFO |   Trimethobenzamide Hydrochloride: salt stripped (2 frags), removed: ['Cl']
2026-07-23 20:44:02 | 02_resolve_smiles | INFO |   OK Trimethobenzamide Hydrochloride -> COc1cc(C(=O)NCc2ccc(OCCN(C)C)cc2)cc(OC)c... (method=exact_pref_name_match, frags=2)
2026-07-23 20:44:02 | 02_resolve_smiles | INFO | [4/1211] Resolving: PENICILLIN G BENZATHINE
2026-07-23 20:44:08 | 02_resolve_smiles | WARNING | HTTP 500 on attempt 1/3: https://www.ebi.ac.uk/chembl/api/data/molecule/search
2026-07-23 20:44:15 | 02_resolve_smiles | WARNING | HTTP 500 on attempt 2/3: https://www.ebi.ac.uk/chembl/api/data/molecule/search
2026-07-23 20:44:19 | 02_resolve_smiles | INFO |   PENICILLIN G BENZATHINE: salt stripped (7 frags), removed: ['CC1(C)S[C@@H]2[C@H](NC(=O)Cc3ccccc3)C(=O)N2[C@H]1C(=O)O', 'c1ccc(CNCCNCc2ccccc2)cc1', 'O', 'O', 'O', 'O']
2026-07-23 20:44:19 | 02_resolve_smiles | INFO |   OK PENICILLIN G BENZATHINE -> CC1(C)S[C@@H]2[C@H](NC(=O)Cc3ccccc3)C(=O... (method=exact_pref_name_match, frags=7)
2026-07-23 20:44:19 | 02_resolve_smiles | INFO | [5/1211] Resolving: paliperidone palmitate
2026-07-23 20:44:40 | 02_resolve_smiles | WARNING | Timeout on attempt 1/3: https://www.ebi.ac.uk/chembl/api/data/molecule/search
2026-07-23 20:44:44 | 02_resolve_smiles | INFO |   OK paliperidone palmitate -> CCCCCCCCCCCCCCCC(=O)OC1CCCn2c1nc(C)c(CCN... (method=exact_pref_name_match, frags=1)
2026-07-23 20:44:44 | 02_resolve_smiles | INFO | [6/1211] Resolving: TESTOSTERONE UNDECANOATE
2026-07-23 20:44:49 | 02_resolve_smiles | WARNING | HTTP 500 on attempt 1/3: https://www.ebi.ac.uk/chembl/api/data/molecule/search
2026-07-23 20:44:52 | 02_resolve_smiles | INFO |   OK TESTOSTERONE UNDECANOATE -> CCCCCCCCCCC(=O)O[C@H]1CC[C@H]2[C@@H]3CCC... (method=exact_pref_name_match, frags=1)
2026-07-23 20:44:52 | 02_resolve_smiles | INFO | [7/1211] Resolving: aripiprazole lauroxil
2026-07-23 20:44:54 | 02_resolve_smiles | INFO |   OK aripiprazole lauroxil -> CCCCCCCCCCCC(=O)OCN1C(=O)CCc2ccc(OCCCCN3... (method=exact_pref_name_match, frags=1)
2026-07-23 20:44:54 | 02_resolve_smiles | INFO | [8/1211] Resolving: PASIREOTIDE
2026-07-23 20:45:00 | 02_resolve_smiles | WARNING | HTTP 500 on attempt 1/3: https://www.ebi.ac.uk/chembl/api/data/molecule/search
2026-07-23 20:45:03 | 02_resolve_smiles | INFO |   OK PASIREOTIDE -> NCCCC[C@@H]1NC(=O)[C@@H](Cc2c[nH]c3ccccc... (method=exact_pref_name_match, frags=1)
2026-07-23 20:45:03 | 02_resolve_smiles | INFO | [9/1211] Resolving: triptorelin
2026-07-23 20:45:09 | 02_resolve_smiles | WARNING | HTTP 500 on attempt 1/3: https://www.ebi.ac.uk/chembl/api/data/molecule/search
2026-07-23 20:45:16 | 02_resolve_smiles | WARNING | HTTP 500 on attempt 2/3: https://www.ebi.ac.uk/chembl/api/data/molecule/search
2026-07-23 20:45:20 | 02_resolve_smiles | INFO |   OK triptorelin -> CC(C)C[C@H](NC(=O)[C@@H](Cc1c[nH]c2ccccc... (method=exact_pref_name_match, frags=1)
2026-07-23 20:45:20 | 02_resolve_smiles | INFO | [10/1211] Resolving: naltrexone
2026-07-23 20:45:25 | 02_resolve_smiles | WARNING | HTTP 500 on attempt 1/3: https://www.ebi.ac.uk/chembl/api/data/molecule/search
2026-07-23 20:45:31 | 02_resolve_smiles | WARNING | HTTP 500 on attempt 2/3: https://www.ebi.ac.uk/chembl/api/data/molecule/search
2026-07-23 20:45:54 | 02_resolve_smiles | WARNING | Timeout on attempt 3/3: https://www.ebi.ac.uk/chembl/api/data/molecule/search
2026-07-23 20:45:54 | 02_resolve_smiles | WARNING |   X naltrexone: api_error -- API request failed after all retries
2026-07-23 20:45:54 | 02_resolve_smiles | INFO | [11/1211] Resolving: CABOTEGRAVIR SODIUM
2026-07-23 20:45:59 | 02_resolve_smiles | WARNING | HTTP 500 on attempt 1/3: https://www.ebi.ac.uk/chembl/api/data/molecule/search
2026-07-23 20:46:06 | 02_resolve_smiles | WARNING | HTTP 500 on attempt 2/3: https://www.ebi.ac.uk/chembl/api/data/molecule/search
2026-07-23 20:46:13 | 02_resolve_smiles | WARNING | HTTP 500 on attempt 3/3: https://www.ebi.ac.uk/chembl/api/data/molecule/search
2026-07-23 20:46:13 | 02_resolve_smiles | WARNING |   X CABOTEGRAVIR SODIUM: api_error -- API request failed after all retries
2026-07-23 20:46:13 | 02_resolve_smiles | INFO | [12/1211] Resolving: Fulvestrant
2026-07-23 20:46:19 | 02_resolve_smiles | WARNING | HTTP 500 on attempt 1/3: https://www.ebi.ac.uk/chembl/api/data/molecule/search
2026-07-23 20:46:26 | 02_resolve_smiles | WARNING | HTTP 500 on attempt 2/3: https://www.ebi.ac.uk/chembl/api/data/molecule/search
2026-07-23 20:46:33 | 02_resolve_smiles | WARNING | HTTP 500 on attempt 3/3: https://www.ebi.ac.uk/chembl/api/data/molecule/search
2026-07-23 20:46:33 | 02_resolve_smiles | WARNING |   X Fulvestrant: api_error -- API request failed after all retries
2026-07-23 20:46:33 | 02_resolve_smiles | INFO | [13/1211] Resolving: Dimercaprol
2026-07-23 20:46:39 | 02_resolve_smiles | WARNING | HTTP 500 on attempt 1/3: https://www.ebi.ac.uk/chembl/api/data/molecule/search
2026-07-23 20:46:46 | 02_resolve_smiles | WARNING | HTTP 500 on attempt 2/3: https://www.ebi.ac.uk/chembl/api/data/molecule/search
2026-07-23 20:46:53 | 02_resolve_smiles | WARNING | HTTP 500 on attempt 3/3: https://www.ebi.ac.uk/chembl/api/data/molecule/search
2026-07-23 20:46:53 | 02_resolve_smiles | WARNING |   X Dimercaprol: api_error -- API request failed after all retries
2026-07-23 20:46:53 | 02_resolve_smiles | INFO | [14/1211] Resolving: TRIPTORELIN PAMOATE
2026-07-23 20:47:15 | 02_resolve_smiles | WARNING | Timeout on attempt 1/3: https://www.ebi.ac.uk/chembl/api/data/molecule/search
2026-07-23 20:47:18 | 02_resolve_smiles | INFO |   TRIPTORELIN PAMOATE: salt stripped (2 frags), removed: ['O=C(O)c1cc2ccccc2c(Cc2c(O)c(C(=O)O)cc3ccccc23)c1O']
2026-07-23 20:47:18 | 02_resolve_smiles | INFO |   OK TRIPTORELIN PAMOATE -> CC(C)C[C@H](NC(=O)[C@@H](Cc1c[nH]c2ccccc... (method=exact_pref_name_match, frags=2)
2026-07-23 20:47:18 | 02_resolve_smiles | INFO | [15/1211] Resolving: CARBOPROST TROMETHAMINE
2026-07-23 20:47:20 | 02_resolve_smiles | INFO |   CARBOPROST TROMETHAMINE: salt stripped (2 frags), removed: ['NC(CO)(CO)CO']
2026-07-23 20:47:20 | 02_resolve_smiles | INFO |   OK CARBOPROST TROMETHAMINE -> CCCCC[C@](C)(O)/C=C/[C@@H]1[C@@H](C/C=C\... (method=exact_pref_name_match, frags=2)
2026-07-23 20:47:20 | 02_resolve_smiles | INFO | [16/1211] Resolving: HYDROXOCOBALAMIN ACETATE
2026-07-23 20:47:41 | 02_resolve_smiles | WARNING | Timeout on attempt 1/3: https://www.ebi.ac.uk/chembl/api/data/molecule/search
2026-07-23 20:48:03 | 02_resolve_smiles | WARNING | Timeout on attempt 2/3: https://www.ebi.ac.uk/chembl/api/data/molecule/search
2026-07-23 20:48:08 | 02_resolve_smiles | WARNING |   HYDROXOCOBALAMIN ACETATE: fallback to score-based selection -- verify manually if critical
2026-07-23 20:48:08 | 02_resolve_smiles | WARNING |   X HYDROXOCOBALAMIN ACETATE: no_structure -- No exact pref_name match; chose highest score (41.0) among 20 candidates | No canonical_smiles in ChEMBL response
2026-07-23 20:48:08 | 02_resolve_smiles | INFO | [17/1211] Resolving: Cyanocobalamin
2026-07-23 20:48:19 | 02_resolve_smiles | WARNING | HTTP 500 on attempt 1/3: https://www.ebi.ac.uk/chembl/api/data/molecule/search
2026-07-23 20:48:26 | 02_resolve_smiles | WARNING | HTTP 500 on attempt 2/3: https://www.ebi.ac.uk/chembl/api/data/molecule/search
2026-07-23 20:48:33 | 02_resolve_smiles | WARNING | HTTP 500 on attempt 3/3: https://www.ebi.ac.uk/chembl/api/data/molecule/search
2026-07-23 20:48:33 | 02_resolve_smiles | WARNING |   X Cyanocobalamin: api_error -- API request failed after all retries
2026-07-23 20:48:33 | 02_resolve_smiles | INFO | [18/1211] Resolving: ESTRADIOL VALERATE
2026-07-23 20:48:54 | 02_resolve_smiles | WARNING | Timeout on attempt 1/3: https://www.ebi.ac.uk/chembl/api/data/molecule/search
2026-07-23 20:49:01 | 02_resolve_smiles | WARNING | HTTP 500 on attempt 2/3: https://www.ebi.ac.uk/chembl/api/data/molecule/search
2026-07-23 20:49:08 | 02_resolve_smiles | WARNING | HTTP 500 on attempt 3/3: https://www.ebi.ac.uk/chembl/api/data/molecule/search
2026-07-23 20:49:08 | 02_resolve_smiles | WARNING |   X ESTRADIOL VALERATE: api_error -- API request failed after all retries
2026-07-23 20:49:08 | 02_resolve_smiles | INFO | [19/1211] Resolving: TESTOSTERONE CYPIONATE
2026-07-23 20:49:14 | 02_resolve_smiles | WARNING | HTTP 500 on attempt 1/3: https://www.ebi.ac.uk/chembl/api/data/molecule/search
2026-07-23 20:49:21 | 02_resolve_smiles | WARNING | HTTP 500 on attempt 2/3: https://www.ebi.ac.uk/chembl/api/data/molecule/search
2026-07-23 20:49:28 | 02_resolve_smiles | WARNING | HTTP 500 on attempt 3/3: https://www.ebi.ac.uk/chembl/api/data/molecule/search
2026-07-23 20:49:28 | 02_resolve_smiles | WARNING |   X TESTOSTERONE CYPIONATE: api_error -- API request failed after all retries
2026-07-23 20:49:28 | 02_resolve_smiles | INFO | [20/1211] Resolving: STREPTOMYCIN SULFATE
2026-07-23 20:49:34 | 02_resolve_smiles | WARNING | HTTP 500 on attempt 1/3: https://www.ebi.ac.uk/chembl/api/data/molecule/search
2026-07-23 20:49:41 | 02_resolve_smiles | WARNING | HTTP 500 on attempt 2/3: https://www.ebi.ac.uk/chembl/api/data/molecule/search
2026-07-23 20:50:04 | 02_resolve_smiles | WARNING | Timeout on attempt 3/3: https://www.ebi.ac.uk/chembl/api/data/molecule/search
2026-07-23 20:50:04 | 02_resolve_smiles | WARNING |   X STREPTOMYCIN SULFATE: api_error -- API request failed after all retries
2026-07-23 20:50:04 | 02_resolve_smiles | INFO | [21/1211] Resolving: MEDROXYPROGESTERONE ACETATE
2026-07-23 20:50:09 | 02_resolve_smiles | WARNING | HTTP 500 on attempt 1/3: https://www.ebi.ac.uk/chembl/api/data/molecule/search
2026-07-23 20:50:16 | 02_resolve_smiles | WARNING | HTTP 500 on attempt 2/3: https://www.ebi.ac.uk/chembl/api/data/molecule/search
2026-07-23 20:50:23 | 02_resolve_smiles | WARNING | HTTP 500 on attempt 3/3: https://www.ebi.ac.uk/chembl/api/data/molecule/search
2026-07-23 20:50:23 | 02_resolve_smiles | WARNING |   X MEDROXYPROGESTERONE ACETATE: api_error -- API request failed after all retries
2026-07-23 20:50:23 | 02_resolve_smiles | INFO | [22/1211] Resolving: HALOPERIDOL DECANOATE
2026-07-23 20:50:29 | 02_resolve_smiles | WARNING | HTTP 500 on attempt 1/3: https://www.ebi.ac.uk/chembl/api/data/molecule/search
2026-07-23 20:50:51 | 02_resolve_smiles | WARNING | Timeout on attempt 2/3: https://www.ebi.ac.uk/chembl/api/data/molecule/search
2026-07-23 20:50:55 | 02_resolve_smiles | INFO |   OK HALOPERIDOL DECANOATE -> CCCCCCCCCC(=O)OC1(c2ccc(Cl)cc2)CCN(CCCC(... (method=exact_pref_name_match, frags=1)
2026-07-23 20:50:55 | 02_resolve_smiles | INFO | [23/1211] Resolving: ESTRADIOL CYPIONATE
2026-07-23 20:51:00 | 02_resolve_smiles | WARNING | HTTP 500 on attempt 1/3: https://www.ebi.ac.uk/chembl/api/data/molecule/search
2026-07-23 20:51:07 | 02_resolve_smiles | WARNING | HTTP 500 on attempt 2/3: https://www.ebi.ac.uk/chembl/api/data/molecule/search
2026-07-23 20:51:14 | 02_resolve_smiles | WARNING | HTTP 500 on attempt 3/3: https://www.ebi.ac.uk/chembl/api/data/molecule/search
2026-07-23 20:51:14 | 02_resolve_smiles | WARNING |   X ESTRADIOL CYPIONATE: api_error -- API request failed after all retries
2026-07-23 20:51:14 | 02_resolve_smiles | INFO | [24/1211] Resolving: Haloperidol Lactate
2026-07-23 20:51:20 | 02_resolve_smiles | WARNING | HTTP 500 on attempt 1/3: https://www.ebi.ac.uk/chembl/api/data/molecule/search
2026-07-23 20:51:27 | 02_resolve_smiles | WARNING | HTTP 500 on attempt 2/3: https://www.ebi.ac.uk/chembl/api/data/molecule/search
2026-07-23 20:51:34 | 02_resolve_smiles | WARNING | HTTP 500 on attempt 3/3: https://www.ebi.ac.uk/chembl/api/data/molecule/search
2026-07-23 20:51:34 | 02_resolve_smiles | WARNING |   X Haloperidol Lactate: api_error -- API request failed after all retries
2026-07-23 20:51:34 | 02_resolve_smiles | INFO | [25/1211] Resolving: ZIPRASIDONE MESYLATE
2026-07-23 20:51:37 | 02_resolve_smiles | INFO |   ZIPRASIDONE MESYLATE: salt stripped (5 frags), removed: ['CS(=O)(=O)O', 'O', 'O', 'O']
2026-07-23 20:51:37 | 02_resolve_smiles | INFO |   OK ZIPRASIDONE MESYLATE -> O=C1Cc2cc(CCN3CCN(c4nsc5ccccc45)CC3)c(Cl... (method=exact_pref_name_match, frags=5)
2026-07-23 20:51:37 | 02_resolve_smiles | INFO | [26/1211] Resolving: PENICILLIN G PROCAINE
2026-07-23 20:51:58 | 02_resolve_smiles | WARNING | Timeout on attempt 1/3: https://www.ebi.ac.uk/chembl/api/data/molecule/search
2026-07-23 20:52:19 | 02_resolve_smiles | WARNING | Timeout on attempt 2/3: https://www.ebi.ac.uk/chembl/api/data/molecule/search
2026-07-23 20:52:42 | 02_resolve_smiles | WARNING | Timeout on attempt 3/3: https://www.ebi.ac.uk/chembl/api/data/molecule/search
2026-07-23 20:52:42 | 02_resolve_smiles | WARNING |   X PENICILLIN G PROCAINE: api_error -- API request failed after all retries
2026-07-23 20:52:42 | 02_resolve_smiles | INFO | [27/1211] Resolving: BLEOMYCIN SULFATE
2026-07-23 20:52:48 | 02_resolve_smiles | WARNING | HTTP 500 on attempt 1/3: https://www.ebi.ac.uk/chembl/api/data/molecule/search
2026-07-23 20:52:55 | 02_resolve_smiles | WARNING | HTTP 500 on attempt 2/3: https://www.ebi.ac.uk/chembl/api/data/molecule/search
2026-07-23 20:53:02 | 02_resolve_smiles | WARNING | HTTP 500 on attempt 3/3: https://www.ebi.ac.uk/chembl/api/data/molecule/search
2026-07-23 20:53:02 | 02_resolve_smiles | WARNING |   X BLEOMYCIN SULFATE: api_error -- API request failed after all retries
2026-07-23 20:53:02 | 02_resolve_smiles | INFO | [28/1211] Resolving: POLYMYXIN B SULFATE
2026-07-23 20:53:08 | 02_resolve_smiles | WARNING | HTTP 500 on attempt 1/3: https://www.ebi.ac.uk/chembl/api/data/molecule/search
2026-07-23 20:53:30 | 02_resolve_smiles | WARNING | Timeout on attempt 2/3: https://www.ebi.ac.uk/chembl/api/data/molecule/search
2026-07-23 20:53:35 | 02_resolve_smiles | WARNING |   X POLYMYXIN B SULFATE: no_structure --  | No canonical_smiles in ChEMBL response
2026-07-23 20:53:35 | 02_resolve_smiles | INFO | [29/1211] Resolving: ESTROGENS, CONJUGATED
2026-07-23 20:53:56 | 02_resolve_smiles | WARNING | Timeout on attempt 1/3: https://www.ebi.ac.uk/chembl/api/data/molecule/search
2026-07-23 20:54:18 | 02_resolve_smiles | WARNING | Timeout on attempt 2/3: https://www.ebi.ac.uk/chembl/api/data/molecule/search
2026-07-23 20:54:40 | 02_resolve_smiles | WARNING | Timeout on attempt 3/3: https://www.ebi.ac.uk/chembl/api/data/molecule/search
2026-07-23 20:54:40 | 02_resolve_smiles | WARNING |   X ESTROGENS, CONJUGATED: api_error -- API request failed after all retries
2026-07-23 20:54:40 | 02_resolve_smiles | INFO | [30/1211] Resolving: capreomycin sulfate
2026-07-23 20:54:46 | 02_resolve_smiles | WARNING | HTTP 500 on attempt 1/3: https://www.ebi.ac.uk/chembl/api/data/molecule/search
2026-07-23 20:54:53 | 02_resolve_smiles | WARNING | HTTP 500 on attempt 2/3: https://www.ebi.ac.uk/chembl/api/data/molecule/search
2026-07-23 20:55:00 | 02_resolve_smiles | WARNING | HTTP 500 on attempt 3/3: https://www.ebi.ac.uk/chembl/api/data/molecule/search
2026-07-23 20:55:00 | 02_resolve_smiles | WARNING |   X capreomycin sulfate: api_error -- API request failed after all retries
2026-07-23 20:55:00 | 02_resolve_smiles | INFO | [31/1211] Resolving: IRON DEXTRAN
2026-07-23 20:55:06 | 02_resolve_smiles | WARNING | HTTP 500 on attempt 1/3: https://www.ebi.ac.uk/chembl/api/data/molecule/search
2026-07-23 20:55:13 | 02_resolve_smiles | WARNING | HTTP 500 on attempt 2/3: https://www.ebi.ac.uk/chembl/api/data/molecule/search
2026-07-23 20:55:20 | 02_resolve_smiles | WARNING | HTTP 500 on attempt 3/3: https://www.ebi.ac.uk/chembl/api/data/molecule/search
2026-07-23 20:55:20 | 02_resolve_smiles | WARNING |   X IRON DEXTRAN: api_error -- API request failed after all retries
2026-07-23 20:55:20 | 02_resolve_smiles | INFO | [32/1211] Resolving: HYDROCORTISONE SODIUM SUCCINATE
2026-07-23 20:55:26 | 02_resolve_smiles | WARNING | HTTP 500 on attempt 1/3: https://www.ebi.ac.uk/chembl/api/data/molecule/search
2026-07-23 20:55:33 | 02_resolve_smiles | WARNING | HTTP 500 on attempt 2/3: https://www.ebi.ac.uk/chembl/api/data/molecule/search
2026-07-23 20:55:40 | 02_resolve_smiles | WARNING | HTTP 500 on attempt 3/3: https://www.ebi.ac.uk/chembl/api/data/molecule/search
2026-07-23 20:55:40 | 02_resolve_smiles | WARNING |   X HYDROCORTISONE SODIUM SUCCINATE: api_error -- API request failed after all retries
2026-07-23 20:55:40 | 02_resolve_smiles | INFO | [33/1211] Resolving: EDETATE CALCIUM DISODIUM
2026-07-23 20:56:01 | 02_resolve_smiles | WARNING | Timeout on attempt 1/3: https://www.ebi.ac.uk/chembl/api/data/molecule/search
2026-07-23 20:56:08 | 02_resolve_smiles | WARNING | HTTP 500 on attempt 2/3: https://www.ebi.ac.uk/chembl/api/data/molecule/search
2026-07-23 20:56:15 | 02_resolve_smiles | WARNING | HTTP 500 on attempt 3/3: https://www.ebi.ac.uk/chembl/api/data/molecule/search
2026-07-23 20:56:15 | 02_resolve_smiles | WARNING |   X EDETATE CALCIUM DISODIUM: api_error -- API request failed after all retries
2026-07-23 20:56:15 | 02_resolve_smiles | INFO | [34/1211] Resolving: OXYTOCIN
2026-07-23 20:56:21 | 02_resolve_smiles | WARNING | HTTP 500 on attempt 1/3: https://www.ebi.ac.uk/chembl/api/data/molecule/search
2026-07-23 20:56:28 | 02_resolve_smiles | WARNING | HTTP 500 on attempt 2/3: https://www.ebi.ac.uk/chembl/api/data/molecule/search
2026-07-23 20:56:35 | 02_resolve_smiles | WARNING | HTTP 500 on attempt 3/3: https://www.ebi.ac.uk/chembl/api/data/molecule/search
2026-07-23 20:56:35 | 02_resolve_smiles | WARNING |   X OXYTOCIN: api_error -- API request failed after all retries
2026-07-23 20:56:35 | 02_resolve_smiles | INFO | [35/1211] Resolving: PENICILLIN G SODIUM
2026-07-23 20:56:56 | 02_resolve_smiles | WARNING | Timeout on attempt 1/3: https://www.ebi.ac.uk/chembl/api/data/molecule/search
2026-07-23 20:57:00 | 02_resolve_smiles | INFO |   PENICILLIN G SODIUM: salt stripped (2 frags), removed: ['[Na+]']
2026-07-23 20:57:00 | 02_resolve_smiles | INFO |   OK PENICILLIN G SODIUM -> CC1(C)S[C@@H]2[C@H](NC(=O)Cc3ccccc3)C(=O... (method=exact_pref_name_match, frags=2)
2026-07-23 20:57:00 | 02_resolve_smiles | INFO | [36/1211] Resolving: Phentolamine Mesylate
2026-07-23 20:57:03 | 02_resolve_smiles | INFO |   Phentolamine Mesylate: salt stripped (2 frags), removed: ['CS(=O)(=O)O']
2026-07-23 20:57:03 | 02_resolve_smiles | INFO |   OK Phentolamine Mesylate -> Cc1ccc(N(CC2=NCCN2)c2cccc(O)c2)cc1... (method=exact_pref_name_match, frags=2)
2026-07-23 20:57:03 | 02_resolve_smiles | INFO | [37/1211] Resolving: Colistimethate Sodium
2026-07-23 20:57:06 | 02_resolve_smiles | WARNING |   X Colistimethate Sodium: no_structure --  | No canonical_smiles in ChEMBL response
2026-07-23 20:57:06 | 02_resolve_smiles | INFO | [38/1211] Resolving: Orphenadrine Citrate
2026-07-23 20:57:08 | 02_resolve_smiles | INFO |   Orphenadrine Citrate: salt stripped (2 frags), removed: ['O=C(O)CC(O)(CC(=O)O)C(=O)O']
2026-07-23 20:57:08 | 02_resolve_smiles | INFO |   OK Orphenadrine Citrate -> Cc1ccccc1C(OCCN(C)C)c1ccccc1... (method=exact_pref_name_match, frags=2)
2026-07-23 20:57:08 | 02_resolve_smiles | INFO | [39/1211] Resolving: Midazolam Hydrochloride
2026-07-23 20:57:14 | 02_resolve_smiles | WARNING | HTTP 500 on attempt 1/3: https://www.ebi.ac.uk/chembl/api/data/molecule/search
2026-07-23 20:57:21 | 02_resolve_smiles | WARNING | HTTP 500 on attempt 2/3: https://www.ebi.ac.uk/chembl/api/data/molecule/search
2026-07-23 20:57:28 | 02_resolve_smiles | WARNING | HTTP 500 on attempt 3/3: https://www.ebi.ac.uk/chembl/api/data/molecule/search
2026-07-23 20:57:28 | 02_resolve_smiles | WARNING |   X Midazolam Hydrochloride: api_error -- API request failed after all retries
2026-07-23 20:57:28 | 02_resolve_smiles | INFO | [40/1211] Resolving: METOCLOPRAMIDE HYDROCHLORIDE
2026-07-23 20:57:34 | 02_resolve_smiles | WARNING | HTTP 500 on attempt 1/3: https://www.ebi.ac.uk/chembl/api/data/molecule/search
2026-07-23 20:57:41 | 02_resolve_smiles | WARNING | HTTP 500 on attempt 2/3: https://www.ebi.ac.uk/chembl/api/data/molecule/search
2026-07-23 20:58:04 | 02_resolve_smiles | WARNING | Timeout on attempt 3/3: https://www.ebi.ac.uk/chembl/api/data/molecule/search
2026-07-23 20:58:04 | 02_resolve_smiles | WARNING |   X METOCLOPRAMIDE HYDROCHLORIDE: api_error -- API request failed after all retries
2026-07-23 20:58:04 | 02_resolve_smiles | INFO | [41/1211] Resolving: PENICILLIN G POTASSIUM
2026-07-23 20:58:07 | 02_resolve_smiles | INFO |   PENICILLIN G POTASSIUM: salt stripped (2 frags), removed: ['[K+]']
2026-07-23 20:58:07 | 02_resolve_smiles | INFO |   OK PENICILLIN G POTASSIUM -> CC1(C)S[C@@H]2[C@H](NC(=O)Cc3ccccc3)C(=O... (method=exact_pref_name_match, frags=2)
2026-07-23 20:58:07 | 02_resolve_smiles | INFO | [42/1211] Resolving: PENTAMIDINE ISETHIONATE
2026-07-23 20:58:09 | 02_resolve_smiles | INFO |   PENTAMIDINE ISETHIONATE: salt stripped (3 frags), removed: ['O=S(=O)(O)CCO', 'O=S(=O)(O)CCO']
2026-07-23 20:58:09 | 02_resolve_smiles | INFO |   OK PENTAMIDINE ISETHIONATE -> N=C(N)c1ccc(OCCCCCOc2ccc(C(=N)N)cc2)cc1... (method=exact_pref_name_match, frags=3)
2026-07-23 20:58:09 | 02_resolve_smiles | INFO | [43/1211] Resolving: DIPHENHYDRAMINE HYDROCHLORIDE
2026-07-23 20:58:15 | 02_resolve_smiles | WARNING | HTTP 500 on attempt 1/3: https://www.ebi.ac.uk/chembl/api/data/molecule/search
2026-07-23 20:58:22 | 02_resolve_smiles | WARNING | HTTP 500 on attempt 2/3: https://www.ebi.ac.uk/chembl/api/data/molecule/search
2026-07-23 20:58:29 | 02_resolve_smiles | WARNING | HTTP 500 on attempt 3/3: https://www.ebi.ac.uk/chembl/api/data/molecule/search
2026-07-23 20:58:29 | 02_resolve_smiles | WARNING |   X DIPHENHYDRAMINE HYDROCHLORIDE: api_error -- API request failed after all retries
2026-07-23 20:58:29 | 02_resolve_smiles | INFO | [44/1211] Resolving: PROCAINAMIDE HYDROCHLORIDE
2026-07-23 20:58:33 | 02_resolve_smiles | INFO |   PROCAINAMIDE HYDROCHLORIDE: salt stripped (2 frags), removed: ['Cl']
2026-07-23 20:58:33 | 02_resolve_smiles | INFO |   OK PROCAINAMIDE HYDROCHLORIDE -> CCN(CC)CCNC(=O)c1ccc(N)cc1... (method=exact_pref_name_match, frags=2)
2026-07-23 20:58:33 | 02_resolve_smiles | INFO | [45/1211] Resolving: LEUCOVORIN CALCIUM
2026-07-23 20:58:54 | 02_resolve_smiles | WARNING | Timeout on attempt 1/3: https://www.ebi.ac.uk/chembl/api/data/molecule/search
2026-07-23 20:59:00 | 02_resolve_smiles | WARNING | HTTP 500 on attempt 2/3: https://www.ebi.ac.uk/chembl/api/data/molecule/search
2026-07-23 20:59:07 | 02_resolve_smiles | WARNING | HTTP 500 on attempt 3/3: https://www.ebi.ac.uk/chembl/api/data/molecule/search
2026-07-23 20:59:07 | 02_resolve_smiles | WARNING |   X LEUCOVORIN CALCIUM: api_error -- API request failed after all retries
2026-07-23 20:59:07 | 02_resolve_smiles | INFO | [46/1211] Resolving: cefuroxime sodium
2026-07-23 20:59:13 | 02_resolve_smiles | WARNING | HTTP 500 on attempt 1/3: https://www.ebi.ac.uk/chembl/api/data/molecule/search
2026-07-23 20:59:35 | 02_resolve_smiles | WARNING | Timeout on attempt 2/3: https://www.ebi.ac.uk/chembl/api/data/molecule/search
2026-07-23 20:59:42 | 02_resolve_smiles | WARNING | HTTP 500 on attempt 3/3: https://www.ebi.ac.uk/chembl/api/data/molecule/search
2026-07-23 20:59:42 | 02_resolve_smiles | WARNING |   X cefuroxime sodium: api_error -- API request failed after all retries
2026-07-23 20:59:42 | 02_resolve_smiles | INFO | [47/1211] Resolving: PROCHLORPERAZINE EDISYLATE
2026-07-23 20:59:48 | 02_resolve_smiles | WARNING | HTTP 500 on attempt 1/3: https://www.ebi.ac.uk/chembl/api/data/molecule/search
2026-07-23 21:00:10 | 02_resolve_smiles | WARNING | Timeout on attempt 2/3: https://www.ebi.ac.uk/chembl/api/data/molecule/search
2026-07-23 21:00:18 | 02_resolve_smiles | WARNING | HTTP 500 on attempt 3/3: https://www.ebi.ac.uk/chembl/api/data/molecule/search
2026-07-23 21:00:18 | 02_resolve_smiles | WARNING |   X PROCHLORPERAZINE EDISYLATE: api_error -- API request failed after all retries
2026-07-23 21:00:18 | 02_resolve_smiles | INFO | [48/1211] Resolving: CEFAZOLIN SODIUM
2026-07-23 21:00:39 | 02_resolve_smiles | WARNING | Timeout on attempt 1/3: https://www.ebi.ac.uk/chembl/api/data/molecule/search
2026-07-23 21:00:46 | 02_resolve_smiles | WARNING | HTTP 500 on attempt 2/3: https://www.ebi.ac.uk/chembl/api/data/molecule/search
2026-07-23 21:00:51 | 02_resolve_smiles | INFO |   CEFAZOLIN SODIUM: salt stripped (2 frags), removed: ['[Na+]']
2026-07-23 21:00:51 | 02_resolve_smiles | INFO |   OK CEFAZOLIN SODIUM -> Cc1nnc(SCC2=C(C(=O)[O-])N3C(=O)[C@@H](NC... (method=exact_pref_name_match, frags=2)
2026-07-23 21:00:51 | 02_resolve_smiles | INFO | [49/1211] Resolving: DROPERIDOL
2026-07-23 21:00:52 | 02_resolve_smiles | INFO |   OK DROPERIDOL -> O=C(CCCN1CC=C(n2c(=O)[nH]c3ccccc32)CC1)c... (method=exact_pref_name_match, frags=1)
2026-07-23 21:00:52 | 02_resolve_smiles | INFO | [50/1211] Resolving: KETAMINE HYDROCHLORIDE
2026-07-23 21:00:58 | 02_resolve_smiles | WARNING | HTTP 500 on attempt 1/3: https://www.ebi.ac.uk/chembl/api/data/molecule/search
2026-07-23 21:01:02 | 02_resolve_smiles | INFO |   KETAMINE HYDROCHLORIDE: salt stripped (2 frags), removed: ['Cl']
2026-07-23 21:01:02 | 02_resolve_smiles | INFO |   OK KETAMINE HYDROCHLORIDE -> CNC1(c2ccccc2Cl)CCCCC1=O... (method=exact_pref_name_match, frags=2)
2026-07-23 21:01:02 | 02_resolve_smiles | INFO |   [Checkpoint saved at 50 compounds]
2026-07-23 21:01:02 | 02_resolve_smiles | INFO | [51/1211] Resolving: ONDANSETRON HYDROCHLORIDE
2026-07-23 21:01:05 | 02_resolve_smiles | INFO |   ONDANSETRON HYDROCHLORIDE: salt stripped (4 frags), removed: ['Cl', 'O', 'O']
2026-07-23 21:01:05 | 02_resolve_smiles | INFO |   OK ONDANSETRON HYDROCHLORIDE -> Cc1nccn1CC1CCc2c(c3ccccc3n2C)C1=O... (method=exact_pref_name_match, frags=4)
2026-07-23 21:01:05 | 02_resolve_smiles | INFO | [52/1211] Resolving: Pentobarbital Sodium
2026-07-23 21:01:10 | 02_resolve_smiles | WARNING | HTTP 500 on attempt 1/3: https://www.ebi.ac.uk/chembl/api/data/molecule/search
2026-07-23 21:01:14 | 02_resolve_smiles | INFO |   Pentobarbital Sodium: salt stripped (2 frags), removed: ['[Na+]']
2026-07-23 21:01:14 | 02_resolve_smiles | INFO |   OK Pentobarbital Sodium -> CCCC(C)C1(CC)C(=O)N=C([O-])NC1=O... (method=exact_pref_name_match, frags=2)
2026-07-23 21:01:14 | 02_resolve_smiles | INFO | [53/1211] Resolving: AMIKACIN SULFATE
2026-07-23 21:01:17 | 02_resolve_smiles | INFO |   AMIKACIN SULFATE: salt stripped (3 frags), removed: ['O=S(=O)(O)O', 'O=S(=O)(O)O']
2026-07-23 21:01:17 | 02_resolve_smiles | INFO |   OK AMIKACIN SULFATE -> NCC[C@H](O)C(=O)N[C@@H]1C[C@H](N)[C@@H](... (method=exact_pref_name_match, frags=3)
2026-07-23 21:01:17 | 02_resolve_smiles | INFO | [54/1211] Resolving: THIAMINE HYDROCHLORIDE
2026-07-23 21:01:26 | 02_resolve_smiles | WARNING | HTTP 500 on attempt 1/3: https://www.ebi.ac.uk/chembl/api/data/molecule/search
2026-07-23 21:01:30 | 02_resolve_smiles | INFO |   THIAMINE HYDROCHLORIDE: salt stripped (3 frags), removed: ['Cl', '[Cl-]']
2026-07-23 21:01:30 | 02_resolve_smiles | INFO |   OK THIAMINE HYDROCHLORIDE -> Cc1ncc(C[n+]2csc(CCO)c2C)c(N)n1... (method=exact_pref_name_match, frags=3)
2026-07-23 21:01:30 | 02_resolve_smiles | INFO | [55/1211] Resolving: METHYLPREDNISOLONE SODIUM SUCCINATE
2026-07-23 21:01:41 | 02_resolve_smiles | WARNING | HTTP 500 on attempt 1/3: https://www.ebi.ac.uk/chembl/api/data/molecule/search
2026-07-23 21:01:50 | 02_resolve_smiles | INFO |   METHYLPREDNISOLONE SODIUM SUCCINATE: salt stripped (2 frags), removed: ['[Na+]']
2026-07-23 21:01:50 | 02_resolve_smiles | INFO |   OK METHYLPREDNISOLONE SODIUM SUCCINATE -> C[C@H]1C[C@@H]2[C@H]([C@@H](O)C[C@@]3(C)... (method=exact_pref_name_match, frags=2)
2026-07-23 21:01:50 | 02_resolve_smiles | INFO | [56/1211] Resolving: DIMENHYDRINATE
2026-07-23 21:01:51 | 02_resolve_smiles | INFO |   DIMENHYDRINATE: salt stripped (2 frags), removed: ['Cn1c(=O)c2[nH]c(Cl)nc2n(C)c1=O']
2026-07-23 21:01:51 | 02_resolve_smiles | INFO |   OK DIMENHYDRINATE -> CN(C)CCOC(c1ccccc1)c1ccccc1... (method=exact_pref_name_match, frags=2)
2026-07-23 21:01:51 | 02_resolve_smiles | INFO | [57/1211] Resolving: Methylergonovine Maleate
2026-07-23 21:01:54 | 02_resolve_smiles | INFO |   Methylergonovine Maleate: salt stripped (2 frags), removed: ['O=C(O)/C=C\\C(=O)O']
2026-07-23 21:01:54 | 02_resolve_smiles | INFO |   OK Methylergonovine Maleate -> CC[C@@H](CO)NC(=O)[C@@H]1C=C2c3cccc4[nH]... (method=exact_pref_name_match, frags=2)
2026-07-23 21:01:54 | 02_resolve_smiles | INFO | [58/1211] Resolving: SUCCINYLCHOLINE CHLORIDE
2026-07-23 21:02:02 | 02_resolve_smiles | INFO |   SUCCINYLCHOLINE CHLORIDE: salt stripped (3 frags), removed: ['[Cl-]', '[Cl-]']
2026-07-23 21:02:02 | 02_resolve_smiles | INFO |   OK SUCCINYLCHOLINE CHLORIDE -> C[N+](C)(C)CCOC(=O)CCC(=O)OCC[N+](C)(C)C... (method=exact_pref_name_match, frags=3)
2026-07-23 21:02:02 | 02_resolve_smiles | INFO | [59/1211] Resolving: Tobramycin Sulfate
2026-07-23 21:02:05 | 02_resolve_smiles | INFO |   Tobramycin Sulfate: salt stripped (7 frags), removed: ['NC[C@H]1O[C@H](O[C@H]2[C@H](O)[C@@H](O[C@H]3O[C@H](CO)[C@@H](O)[C@H](N)[C@H]3O)[C@H](N)C[C@@H]2N)[C@H](N)C[C@@H]1O', 'O=S(=O)(O)O', 'O=S(=O)(O)O', 'O=S(=O)(O)O', 'O=S(=O)(O)O', 'O=S(=O)(O)O']
2026-07-23 21:02:05 | 02_resolve_smiles | INFO |   OK Tobramycin Sulfate -> NC[C@H]1O[C@H](O[C@H]2[C@H](O)[C@@H](O[C... (method=exact_pref_name_match, frags=7)
2026-07-23 21:02:05 | 02_resolve_smiles | INFO | [60/1211] Resolving: AZTREONAM
2026-07-23 21:02:26 | 02_resolve_smiles | WARNING | Timeout on attempt 1/3: https://www.ebi.ac.uk/chembl/api/data/molecule/search
2026-07-23 21:02:28 | 02_resolve_smiles | INFO |   OK AZTREONAM -> C[C@H]1[C@H](NC(=O)/C(=N\OC(C)(C)C(=O)O)... (method=exact_pref_name_match, frags=1)
2026-07-23 21:02:28 | 02_resolve_smiles | INFO | [61/1211] Resolving: OXACILLIN SODIUM
2026-07-23 21:02:36 | 02_resolve_smiles | INFO |   OXACILLIN SODIUM: salt stripped (3 frags), removed: ['O', '[Na+]']
2026-07-23 21:02:36 | 02_resolve_smiles | INFO |   OK OXACILLIN SODIUM -> Cc1onc(-c2ccccc2)c1C(=O)N[C@@H]1C(=O)N2[... (method=exact_pref_name_match, frags=3)
2026-07-23 21:02:36 | 02_resolve_smiles | INFO | [62/1211] Resolving: Hydralazine Hydrochloride
2026-07-23 21:02:39 | 02_resolve_smiles | INFO |   Hydralazine Hydrochloride: salt stripped (2 frags), removed: ['Cl']
2026-07-23 21:02:39 | 02_resolve_smiles | INFO |   OK Hydralazine Hydrochloride -> NNc1nncc2ccccc12... (method=exact_pref_name_match, frags=2)
2026-07-23 21:02:39 | 02_resolve_smiles | INFO | [63/1211] Resolving: colistimethate
2026-07-23 21:02:45 | 02_resolve_smiles | WARNING |   X colistimethate: no_structure --  | No canonical_smiles in ChEMBL response
2026-07-23 21:02:45 | 02_resolve_smiles | INFO | [64/1211] Resolving: SUCCINYLCHOLINE CHLORIDE DIHYDRATE
2026-07-23 21:02:52 | 02_resolve_smiles | WARNING |   SUCCINYLCHOLINE CHLORIDE DIHYDRATE: fallback to score-based selection -- verify manually if critical
2026-07-23 21:02:52 | 02_resolve_smiles | INFO |   SUCCINYLCHOLINE CHLORIDE DIHYDRATE: salt stripped (3 frags), removed: ['[Cl-]', '[Cl-]']
2026-07-23 21:02:52 | 02_resolve_smiles | INFO |   OK SUCCINYLCHOLINE CHLORIDE DIHYDRATE -> C[N+](C)(C)CCOC(=O)CCC(=O)OCC[N+](C)(C)C... (method=fallback_highest_score, frags=3)
2026-07-23 21:02:52 | 02_resolve_smiles | INFO | [65/1211] Resolving: FOSPHENYTOIN SODIUM
2026-07-23 21:02:55 | 02_resolve_smiles | INFO |   FOSPHENYTOIN SODIUM: salt stripped (3 frags), removed: ['[Na+]', '[Na+]']
2026-07-23 21:02:55 | 02_resolve_smiles | INFO |   OK FOSPHENYTOIN SODIUM -> O=C1NC(c2ccccc2)(c2ccccc2)C(=O)N1COP(=O)... (method=exact_pref_name_match, frags=3)
2026-07-23 21:02:55 | 02_resolve_smiles | INFO | [66/1211] Resolving: PYRIDOXINE HYDROCHLORIDE
2026-07-23 21:02:58 | 02_resolve_smiles | INFO |   PYRIDOXINE HYDROCHLORIDE: salt stripped (2 frags), removed: ['Cl']
2026-07-23 21:02:58 | 02_resolve_smiles | INFO |   OK PYRIDOXINE HYDROCHLORIDE -> Cc1ncc(CO)c(CO)c1O... (method=exact_pref_name_match, frags=2)
2026-07-23 21:02:58 | 02_resolve_smiles | INFO | [67/1211] Resolving: CEFOTETAN
2026-07-23 21:03:19 | 02_resolve_smiles | WARNING | Timeout on attempt 1/3: https://www.ebi.ac.uk/chembl/api/data/molecule/search
2026-07-23 21:03:22 | 02_resolve_smiles | INFO |   OK CEFOTETAN -> CO[C@@]1(NC(=O)C2SC(=C(C(N)=O)C(=O)O)S2)... (method=exact_pref_name_match, frags=1)
2026-07-23 21:03:22 | 02_resolve_smiles | INFO | [68/1211] Resolving: ERTAPENEM SODIUM
2026-07-23 21:03:25 | 02_resolve_smiles | INFO |   ERTAPENEM SODIUM: salt stripped (2 frags), removed: ['[Na+]']
2026-07-23 21:03:25 | 02_resolve_smiles | INFO |   OK ERTAPENEM SODIUM -> C[C@@H](O)[C@H]1C(=O)N2C(C(=O)[O-])=C(S[... (method=exact_pref_name_match, frags=2)
2026-07-23 21:03:25 | 02_resolve_smiles | INFO | [69/1211] Resolving: bumetanide
2026-07-23 21:03:26 | 02_resolve_smiles | INFO |   OK bumetanide -> CCCCNc1cc(C(=O)O)cc(S(N)(=O)=O)c1Oc1cccc... (method=exact_pref_name_match, frags=1)
2026-07-23 21:03:26 | 02_resolve_smiles | INFO | [70/1211] Resolving: CEFOTETAN DISODIUM
2026-07-23 21:03:37 | 02_resolve_smiles | WARNING | HTTP 500 on attempt 1/3: https://www.ebi.ac.uk/chembl/api/data/molecule/search
2026-07-23 21:03:44 | 02_resolve_smiles | WARNING | HTTP 500 on attempt 2/3: https://www.ebi.ac.uk/chembl/api/data/molecule/search
2026-07-23 21:03:51 | 02_resolve_smiles | WARNING | HTTP 500 on attempt 3/3: https://www.ebi.ac.uk/chembl/api/data/molecule/search
2026-07-23 21:03:51 | 02_resolve_smiles | WARNING |   X CEFOTETAN DISODIUM: api_error -- API request failed after all retries
2026-07-23 21:03:51 | 02_resolve_smiles | INFO | [71/1211] Resolving: edrophonium chloride
2026-07-23 21:03:55 | 02_resolve_smiles | INFO |   edrophonium chloride: salt stripped (2 frags), removed: ['[Cl-]']
2026-07-23 21:03:55 | 02_resolve_smiles | INFO |   OK edrophonium chloride -> CC[N+](C)(C)c1cccc(O)c1... (method=exact_pref_name_match, frags=2)
2026-07-23 21:03:55 | 02_resolve_smiles | INFO | [72/1211] Resolving: Piperacillin Sodium
2026-07-23 21:03:58 | 02_resolve_smiles | INFO |   Piperacillin Sodium: salt stripped (2 frags), removed: ['[Na+]']
2026-07-23 21:03:58 | 02_resolve_smiles | INFO |   OK Piperacillin Sodium -> CCN1CCN(C(=O)N[C@@H](C(=O)N[C@@H]2C(=O)N... (method=exact_pref_name_match, frags=2)
2026-07-23 21:03:58 | 02_resolve_smiles | INFO | [73/1211] Resolving: ceftizoxime sodium
2026-07-23 21:04:04 | 02_resolve_smiles | WARNING | HTTP 500 on attempt 1/3: https://www.ebi.ac.uk/chembl/api/data/molecule/search
2026-07-23 21:04:11 | 02_resolve_smiles | WARNING | HTTP 500 on attempt 2/3: https://www.ebi.ac.uk/chembl/api/data/molecule/search
2026-07-23 21:04:18 | 02_resolve_smiles | WARNING | HTTP 500 on attempt 3/3: https://www.ebi.ac.uk/chembl/api/data/molecule/search
2026-07-23 21:04:18 | 02_resolve_smiles | WARNING |   X ceftizoxime sodium: api_error -- API request failed after all retries
2026-07-23 21:04:18 | 02_resolve_smiles | INFO | [74/1211] Resolving: Cosyntropin
2026-07-23 21:04:24 | 02_resolve_smiles | WARNING | HTTP 500 on attempt 1/3: https://www.ebi.ac.uk/chembl/api/data/molecule/search
2026-07-23 21:04:31 | 02_resolve_smiles | WARNING | HTTP 500 on attempt 2/3: https://www.ebi.ac.uk/chembl/api/data/molecule/search
2026-07-23 21:04:35 | 02_resolve_smiles | INFO |   OK Cosyntropin -> CSCC[C@H](NC(=O)[C@H](CO)NC(=O)[C@H](Cc1... (method=exact_pref_name_match, frags=1)
2026-07-23 21:04:35 | 02_resolve_smiles | INFO | [75/1211] Resolving: METHOHEXITAL SODIUM
2026-07-23 21:04:40 | 02_resolve_smiles | WARNING | HTTP 500 on attempt 1/3: https://www.ebi.ac.uk/chembl/api/data/molecule/search
2026-07-23 21:04:47 | 02_resolve_smiles | WARNING | HTTP 500 on attempt 2/3: https://www.ebi.ac.uk/chembl/api/data/molecule/search
2026-07-23 21:04:52 | 02_resolve_smiles | INFO |   METHOHEXITAL SODIUM: salt stripped (2 frags), removed: ['[Na+]']
2026-07-23 21:04:52 | 02_resolve_smiles | INFO |   OK METHOHEXITAL SODIUM -> C=CCC1(C(C)C#CCC)C(=O)N=C([O-])N(C)C1=O... (method=exact_pref_name_match, frags=2)
2026-07-23 21:04:52 | 02_resolve_smiles | INFO | [76/1211] Resolving: MEPERIDINE HYDROCHLORIDE
2026-07-23 21:04:58 | 02_resolve_smiles | WARNING | HTTP 500 on attempt 1/3: https://www.ebi.ac.uk/chembl/api/data/molecule/search
2026-07-23 21:05:05 | 02_resolve_smiles | WARNING | HTTP 500 on attempt 2/3: https://www.ebi.ac.uk/chembl/api/data/molecule/search
2026-07-23 21:05:10 | 02_resolve_smiles | INFO |   MEPERIDINE HYDROCHLORIDE: salt stripped (2 frags), removed: ['Cl']
2026-07-23 21:05:10 | 02_resolve_smiles | INFO |   OK MEPERIDINE HYDROCHLORIDE -> CCOC(=O)C1(c2ccccc2)CCN(C)CC1... (method=exact_pref_name_match, frags=2)
2026-07-23 21:05:10 | 02_resolve_smiles | INFO | [77/1211] Resolving: PRALIDOXIME CHLORIDE
2026-07-23 21:05:13 | 02_resolve_smiles | INFO |   PRALIDOXIME CHLORIDE: salt stripped (2 frags), removed: ['[Cl-]']
2026-07-23 21:05:13 | 02_resolve_smiles | INFO |   OK PRALIDOXIME CHLORIDE -> C[n+]1ccccc1/C=N/O... (method=exact_pref_name_match, frags=2)
2026-07-23 21:05:13 | 02_resolve_smiles | INFO | [78/1211] Resolving: Nalbuphine Hydrochloride
2026-07-23 21:05:16 | 02_resolve_smiles | INFO |   Nalbuphine Hydrochloride: salt stripped (2 frags), removed: ['Cl']
2026-07-23 21:05:16 | 02_resolve_smiles | INFO |   OK Nalbuphine Hydrochloride -> Oc1ccc2c3c1O[C@H]1[C@@H](O)CC[C@@]4(O)[C... (method=exact_pref_name_match, frags=2)
2026-07-23 21:05:16 | 02_resolve_smiles | INFO | [79/1211] Resolving: DEFEROXAMINE MESYLATE
2026-07-23 21:05:22 | 02_resolve_smiles | WARNING | HTTP 500 on attempt 1/3: https://www.ebi.ac.uk/chembl/api/data/molecule/search
2026-07-23 21:05:29 | 02_resolve_smiles | WARNING | HTTP 500 on attempt 2/3: https://www.ebi.ac.uk/chembl/api/data/molecule/search
2026-07-23 21:05:36 | 02_resolve_smiles | WARNING | HTTP 500 on attempt 3/3: https://www.ebi.ac.uk/chembl/api/data/molecule/search
2026-07-23 21:05:36 | 02_resolve_smiles | WARNING |   X DEFEROXAMINE MESYLATE: api_error -- API request failed after all retries
2026-07-23 21:05:36 | 02_resolve_smiles | INFO | [80/1211] Resolving: Hydromorphone Hydrochloride
2026-07-23 21:05:42 | 02_resolve_smiles | WARNING | HTTP 500 on attempt 1/3: https://www.ebi.ac.uk/chembl/api/data/molecule/search
2026-07-23 21:05:46 | 02_resolve_smiles | INFO |   Hydromorphone Hydrochloride: salt stripped (2 frags), removed: ['Cl']
2026-07-23 21:05:46 | 02_resolve_smiles | INFO |   OK Hydromorphone Hydrochloride -> CN1CC[C@]23c4c5ccc(O)c4O[C@H]2C(=O)CC[C@... (method=exact_pref_name_match, frags=2)
2026-07-23 21:05:46 | 02_resolve_smiles | INFO | [81/1211] Resolving: WATER
2026-07-23 21:05:48 | 02_resolve_smiles | INFO |   OK WATER -> O... (method=exact_pref_name_match, frags=1)
2026-07-23 21:05:48 | 02_resolve_smiles | INFO | [82/1211] Resolving: nalmefene hydrochloride
2026-07-23 21:05:54 | 02_resolve_smiles | WARNING | HTTP 500 on attempt 1/3: https://www.ebi.ac.uk/chembl/api/data/molecule/search
2026-07-23 21:06:01 | 02_resolve_smiles | WARNING | HTTP 500 on attempt 2/3: https://www.ebi.ac.uk/chembl/api/data/molecule/search
2026-07-23 21:06:08 | 02_resolve_smiles | WARNING | HTTP 500 on attempt 3/3: https://www.ebi.ac.uk/chembl/api/data/molecule/search
2026-07-23 21:06:08 | 02_resolve_smiles | WARNING |   X nalmefene hydrochloride: api_error -- API request failed after all retries
2026-07-23 21:06:08 | 02_resolve_smiles | INFO | [83/1211] Resolving: CORTICOTROPIN
2026-07-23 21:06:29 | 02_resolve_smiles | WARNING | Timeout on attempt 1/3: https://www.ebi.ac.uk/chembl/api/data/molecule/search
2026-07-23 21:06:33 | 02_resolve_smiles | WARNING |   X CORTICOTROPIN: no_structure --  | No canonical_smiles in ChEMBL response
2026-07-23 21:06:33 | 02_resolve_smiles | INFO | [84/1211] Resolving: CALCITONIN SALMON
2026-07-23 21:06:36 | 02_resolve_smiles | INFO |   OK CALCITONIN SALMON -> CC(C)C[C@H](NC(=O)[C@H](CCCCN)NC(=O)CNC(... (method=exact_pref_name_match, frags=1)
2026-07-23 21:06:36 | 02_resolve_smiles | INFO | [85/1211] Resolving: HYDROXYPROGESTERONE CAPROATE
2026-07-23 21:06:41 | 02_resolve_smiles | WARNING | HTTP 500 on attempt 1/3: https://www.ebi.ac.uk/chembl/api/data/molecule/search
2026-07-23 21:06:48 | 02_resolve_smiles | WARNING | HTTP 500 on attempt 2/3: https://www.ebi.ac.uk/chembl/api/data/molecule/search
2026-07-23 21:06:55 | 02_resolve_smiles | WARNING | HTTP 500 on attempt 3/3: https://www.ebi.ac.uk/chembl/api/data/molecule/search
2026-07-23 21:06:55 | 02_resolve_smiles | WARNING |   X HYDROXYPROGESTERONE CAPROATE: api_error -- API request failed after all retries
2026-07-23 21:06:55 | 02_resolve_smiles | INFO | [86/1211] Resolving: FLUPHENAZINE DECANOATE
2026-07-23 21:07:01 | 02_resolve_smiles | WARNING | HTTP 500 on attempt 1/3: https://www.ebi.ac.uk/chembl/api/data/molecule/search
2026-07-23 21:07:08 | 02_resolve_smiles | WARNING | HTTP 500 on attempt 2/3: https://www.ebi.ac.uk/chembl/api/data/molecule/search
2026-07-23 21:07:15 | 02_resolve_smiles | WARNING | HTTP 500 on attempt 3/3: https://www.ebi.ac.uk/chembl/api/data/molecule/search
2026-07-23 21:07:15 | 02_resolve_smiles | WARNING |   X FLUPHENAZINE DECANOATE: api_error -- API request failed after all retries
2026-07-23 21:07:15 | 02_resolve_smiles | INFO | [87/1211] Resolving: LEUPROLIDE ACETATE
2026-07-23 21:07:21 | 02_resolve_smiles | WARNING | HTTP 500 on attempt 1/3: https://www.ebi.ac.uk/chembl/api/data/molecule/search
2026-07-23 21:07:28 | 02_resolve_smiles | WARNING | HTTP 500 on attempt 2/3: https://www.ebi.ac.uk/chembl/api/data/molecule/search
2026-07-23 21:07:35 | 02_resolve_smiles | WARNING | HTTP 500 on attempt 3/3: https://www.ebi.ac.uk/chembl/api/data/molecule/search
2026-07-23 21:07:35 | 02_resolve_smiles | WARNING |   X LEUPROLIDE ACETATE: api_error -- API request failed after all retries
2026-07-23 21:07:35 | 02_resolve_smiles | INFO | [88/1211] Resolving: ACETYLCHOLINE CHLORIDE
2026-07-23 21:07:41 | 02_resolve_smiles | WARNING | HTTP 500 on attempt 1/3: https://www.ebi.ac.uk/chembl/api/data/molecule/search
2026-07-23 21:08:03 | 02_resolve_smiles | WARNING | Timeout on attempt 2/3: https://www.ebi.ac.uk/chembl/api/data/molecule/search
2026-07-23 21:08:10 | 02_resolve_smiles | WARNING | HTTP 500 on attempt 3/3: https://www.ebi.ac.uk/chembl/api/data/molecule/search
2026-07-23 21:08:10 | 02_resolve_smiles | WARNING |   X ACETYLCHOLINE CHLORIDE: api_error -- API request failed after all retries
2026-07-23 21:08:10 | 02_resolve_smiles | INFO | [89/1211] Resolving: BRILLIANT BLUE G
2026-07-23 21:08:16 | 02_resolve_smiles | WARNING | HTTP 500 on attempt 1/3: https://www.ebi.ac.uk/chembl/api/data/molecule/search
2026-07-23 21:08:38 | 02_resolve_smiles | WARNING | Timeout on attempt 2/3: https://www.ebi.ac.uk/chembl/api/data/molecule/search
2026-07-23 21:08:45 | 02_resolve_smiles | WARNING | HTTP 500 on attempt 3/3: https://www.ebi.ac.uk/chembl/api/data/molecule/search
2026-07-23 21:08:45 | 02_resolve_smiles | WARNING |   X BRILLIANT BLUE G: api_error -- API request failed after all retries
2026-07-23 21:08:45 | 02_resolve_smiles | INFO | [90/1211] Resolving: TRYPAN BLUE
2026-07-23 21:08:51 | 02_resolve_smiles | WARNING | HTTP 500 on attempt 1/3: https://www.ebi.ac.uk/chembl/api/data/molecule/search
2026-07-23 21:08:58 | 02_resolve_smiles | WARNING | HTTP 500 on attempt 2/3: https://www.ebi.ac.uk/chembl/api/data/molecule/search
2026-07-23 21:09:05 | 02_resolve_smiles | WARNING | HTTP 500 on attempt 3/3: https://www.ebi.ac.uk/chembl/api/data/molecule/search
2026-07-23 21:09:05 | 02_resolve_smiles | WARNING |   X TRYPAN BLUE: api_error -- API request failed after all retries
2026-07-23 21:09:05 | 02_resolve_smiles | INFO | [91/1211] Resolving: TALC
2026-07-23 21:09:26 | 02_resolve_smiles | WARNING | Timeout on attempt 1/3: https://www.ebi.ac.uk/chembl/api/data/molecule/search
2026-07-23 21:09:48 | 02_resolve_smiles | WARNING | Timeout on attempt 2/3: https://www.ebi.ac.uk/chembl/api/data/molecule/search
2026-07-23 21:09:55 | 02_resolve_smiles | WARNING | HTTP 500 on attempt 3/3: https://www.ebi.ac.uk/chembl/api/data/molecule/search
2026-07-23 21:09:55 | 02_resolve_smiles | WARNING |   X TALC: api_error -- API request failed after all retries
2026-07-23 21:09:55 | 02_resolve_smiles | INFO | [92/1211] Resolving: Procaine Hydrochloride
2026-07-23 21:10:01 | 02_resolve_smiles | WARNING | HTTP 500 on attempt 1/3: https://www.ebi.ac.uk/chembl/api/data/molecule/search
2026-07-23 21:10:08 | 02_resolve_smiles | WARNING | HTTP 500 on attempt 2/3: https://www.ebi.ac.uk/chembl/api/data/molecule/search
2026-07-23 21:10:15 | 02_resolve_smiles | WARNING | HTTP 500 on attempt 3/3: https://www.ebi.ac.uk/chembl/api/data/molecule/search
2026-07-23 21:10:15 | 02_resolve_smiles | WARNING |   X Procaine Hydrochloride: api_error -- API request failed after all retries
2026-07-23 21:10:15 | 02_resolve_smiles | INFO | [93/1211] Resolving: ziconotide acetate
2026-07-23 21:10:21 | 02_resolve_smiles | WARNING | HTTP 500 on attempt 1/3: https://www.ebi.ac.uk/chembl/api/data/molecule/search
2026-07-23 21:10:28 | 02_resolve_smiles | WARNING | HTTP 500 on attempt 2/3: https://www.ebi.ac.uk/chembl/api/data/molecule/search
2026-07-23 21:10:35 | 02_resolve_smiles | WARNING | HTTP 500 on attempt 3/3: https://www.ebi.ac.uk/chembl/api/data/molecule/search
2026-07-23 21:10:35 | 02_resolve_smiles | WARNING |   X ziconotide acetate: api_error -- API request failed after all retries
2026-07-23 21:10:35 | 02_resolve_smiles | INFO | [94/1211] Resolving: Indium In-111 Pentetate Disodium
2026-07-23 21:10:41 | 02_resolve_smiles | WARNING | HTTP 500 on attempt 1/3: https://www.ebi.ac.uk/chembl/api/data/molecule/search
2026-07-23 21:10:48 | 02_resolve_smiles | WARNING | HTTP 500 on attempt 2/3: https://www.ebi.ac.uk/chembl/api/data/molecule/search
2026-07-23 21:10:53 | 02_resolve_smiles | WARNING |   Indium In-111 Pentetate Disodium: fallback to score-based selection -- verify manually if critical
2026-07-23 21:10:53 | 02_resolve_smiles | WARNING |   X Indium In-111 Pentetate Disodium: no_structure -- No exact pref_name match; chose highest score (116.0) among 20 candidates | No canonical_smiles in ChEMBL response
2026-07-23 21:10:53 | 02_resolve_smiles | INFO | [95/1211] Resolving: Nusinersen
2026-07-23 21:10:54 | 02_resolve_smiles | WARNING |   X Nusinersen: no_structure --  | No canonical_smiles in ChEMBL response
2026-07-23 21:10:54 | 02_resolve_smiles | INFO | [96/1211] Resolving: Iohexol
2026-07-23 21:10:56 | 02_resolve_smiles | INFO |   OK Iohexol -> CC(=O)N(CC(O)CO)c1c(I)c(C(=O)NCC(O)CO)c(... (method=exact_pref_name_match, frags=1)
2026-07-23 21:10:56 | 02_resolve_smiles | INFO | [97/1211] Resolving: cytarabine
2026-07-23 21:10:58 | 02_resolve_smiles | INFO |   OK cytarabine -> Nc1ccn([C@@H]2O[C@H](CO)[C@@H](O)[C@@H]2... (method=exact_pref_name_match, frags=1)
2026-07-23 21:10:58 | 02_resolve_smiles | INFO | [98/1211] Resolving: COPPER
2026-07-23 21:11:19 | 02_resolve_smiles | WARNING | Timeout on attempt 1/3: https://www.ebi.ac.uk/chembl/api/data/molecule/search
2026-07-23 21:11:41 | 02_resolve_smiles | WARNING | Timeout on attempt 2/3: https://www.ebi.ac.uk/chembl/api/data/molecule/search
2026-07-23 21:11:48 | 02_resolve_smiles | WARNING | HTTP 500 on attempt 3/3: https://www.ebi.ac.uk/chembl/api/data/molecule/search
2026-07-23 21:11:48 | 02_resolve_smiles | WARNING |   X COPPER: api_error -- API request failed after all retries
2026-07-23 21:11:48 | 02_resolve_smiles | INFO | [99/1211] Resolving: IOTHALAMATE MEGLUMINE
2026-07-23 21:11:54 | 02_resolve_smiles | WARNING | HTTP 500 on attempt 1/3: https://www.ebi.ac.uk/chembl/api/data/molecule/search
2026-07-23 21:12:01 | 02_resolve_smiles | WARNING | HTTP 500 on attempt 2/3: https://www.ebi.ac.uk/chembl/api/data/molecule/search
2026-07-23 21:12:08 | 02_resolve_smiles | WARNING | HTTP 500 on attempt 3/3: https://www.ebi.ac.uk/chembl/api/data/molecule/search
2026-07-23 21:12:08 | 02_resolve_smiles | WARNING |   X IOTHALAMATE MEGLUMINE: api_error -- API request failed after all retries
2026-07-23 21:12:08 | 02_resolve_smiles | INFO | [100/1211] Resolving: IOPAMIDOL
2026-07-23 21:12:29 | 02_resolve_smiles | WARNING | Timeout on attempt 1/3: https://www.ebi.ac.uk/chembl/api/data/molecule/search
2026-07-23 21:12:32 | 02_resolve_smiles | INFO |   OK IOPAMIDOL -> C[C@H](O)C(=O)Nc1c(I)c(C(=O)NC(CO)CO)c(I... (method=exact_pref_name_match, frags=1)
2026-07-23 21:12:32 | 02_resolve_smiles | INFO |   [Checkpoint saved at 100 compounds]
2026-07-23 21:12:32 | 02_resolve_smiles | INFO | [101/1211] Resolving: Iodixanol
2026-07-23 21:12:53 | 02_resolve_smiles | WARNING | Timeout on attempt 1/3: https://www.ebi.ac.uk/chembl/api/data/molecule/search
2026-07-23 21:12:56 | 02_resolve_smiles | INFO |   OK Iodixanol -> CC(=O)N(CC(O)CN(C(C)=O)c1c(I)c(C(=O)NCC(... (method=exact_pref_name_match, frags=1)
2026-07-23 21:12:56 | 02_resolve_smiles | INFO | [102/1211] Resolving: ALPROSTADIL
2026-07-23 21:13:17 | 02_resolve_smiles | WARNING | Timeout on attempt 1/3: https://www.ebi.ac.uk/chembl/api/data/molecule/search
2026-07-23 21:13:38 | 02_resolve_smiles | WARNING | Timeout on attempt 2/3: https://www.ebi.ac.uk/chembl/api/data/molecule/search
2026-07-23 21:13:47 | 02_resolve_smiles | INFO |   OK ALPROSTADIL -> CCCCC[C@H](O)/C=C/[C@H]1[C@H](O)CC(=O)[C... (method=exact_pref_name_match, frags=1)
2026-07-23 21:13:47 | 02_resolve_smiles | INFO | [103/1211] Resolving: CYSTEINE HYDROCHLORIDE
2026-07-23 21:13:49 | 02_resolve_smiles | INFO |   CYSTEINE HYDROCHLORIDE: salt stripped (2 frags), removed: ['Cl']
2026-07-23 21:13:49 | 02_resolve_smiles | INFO |   OK CYSTEINE HYDROCHLORIDE -> N[C@@H](CS)C(=O)O... (method=exact_pref_name_match, frags=2)
2026-07-23 21:13:49 | 02_resolve_smiles | INFO | [104/1211] Resolving: GALLIUM GA-68 GOZETOTIDE
2026-07-23 21:14:10 | 02_resolve_smiles | WARNING | Timeout on attempt 1/3: https://www.ebi.ac.uk/chembl/api/data/molecule/search
2026-07-23 21:14:14 | 02_resolve_smiles | WARNING |   GALLIUM GA-68 GOZETOTIDE: fallback to score-based selection -- verify manually if critical
2026-07-23 21:14:14 | 02_resolve_smiles | INFO |   GALLIUM GA-68 GOZETOTIDE: salt stripped (3 frags), removed: ['[68Ga+3]', '[OH3+]']
2026-07-23 21:14:14 | 02_resolve_smiles | INFO |   OK GALLIUM GA-68 GOZETOTIDE -> O=C([O-])CN(CCN(CC(=O)[O-])Cc1cc(CCC(=O)... (method=fallback_highest_score, frags=3)
2026-07-23 21:14:14 | 02_resolve_smiles | INFO | [105/1211] Resolving: Etomidate
2026-07-23 21:14:16 | 02_resolve_smiles | INFO |   OK Etomidate -> CCOC(=O)c1cncn1[C@H](C)c1ccccc1... (method=exact_pref_name_match, frags=1)
2026-07-23 21:14:16 | 02_resolve_smiles | INFO | [106/1211] Resolving: VASOPRESSIN, UNSPECIFIED
2026-07-23 21:14:21 | 02_resolve_smiles | WARNING | HTTP 500 on attempt 1/3: https://www.ebi.ac.uk/chembl/api/data/molecule/search
2026-07-23 21:14:25 | 02_resolve_smiles | WARNING |   VASOPRESSIN, UNSPECIFIED: fallback to score-based selection -- verify manually if critical
2026-07-23 21:14:25 | 02_resolve_smiles | WARNING |   X VASOPRESSIN, UNSPECIFIED: no_structure -- No exact pref_name match; chose highest score (32.0) among 20 candidates | No canonical_smiles in ChEMBL response
2026-07-23 21:14:25 | 02_resolve_smiles | INFO | [107/1211] Resolving: EDOTREOTIDE GALLIUM GA-68
2026-07-23 21:14:30 | 02_resolve_smiles | WARNING | HTTP 500 on attempt 1/3: https://www.ebi.ac.uk/chembl/api/data/molecule/search
2026-07-23 21:14:34 | 02_resolve_smiles | WARNING |   X EDOTREOTIDE GALLIUM GA-68: no_structure --  | No canonical_smiles in ChEMBL response
2026-07-23 21:14:34 | 02_resolve_smiles | INFO | [108/1211] Resolving: PORFIMER SODIUM
2026-07-23 21:14:39 | 02_resolve_smiles | WARNING | HTTP 500 on attempt 1/3: https://www.ebi.ac.uk/chembl/api/data/molecule/search
2026-07-23 21:14:46 | 02_resolve_smiles | WARNING | HTTP 500 on attempt 2/3: https://www.ebi.ac.uk/chembl/api/data/molecule/search
2026-07-23 21:14:53 | 02_resolve_smiles | WARNING | HTTP 500 on attempt 3/3: https://www.ebi.ac.uk/chembl/api/data/molecule/search
2026-07-23 21:14:53 | 02_resolve_smiles | WARNING |   X PORFIMER SODIUM: api_error -- API request failed after all retries
2026-07-23 21:14:53 | 02_resolve_smiles | INFO | [109/1211] Resolving: casimersen
2026-07-23 21:14:55 | 02_resolve_smiles | WARNING |   X casimersen: no_structure --  | No canonical_smiles in ChEMBL response
2026-07-23 21:14:55 | 02_resolve_smiles | INFO | [110/1211] Resolving: TECHNETIUM TC-99M MEDRONATE
2026-07-23 21:14:57 | 02_resolve_smiles | WARNING |   TECHNETIUM TC-99M MEDRONATE: fallback to score-based selection -- verify manually if critical
2026-07-23 21:14:57 | 02_resolve_smiles | WARNING |   X TECHNETIUM TC-99M MEDRONATE: no_structure -- No exact pref_name match; chose highest score (113.0) among 20 candidates | No canonical_smiles in ChEMBL response
2026-07-23 21:14:57 | 02_resolve_smiles | INFO | [111/1211] Resolving: fosdenopterin hydrobromide
2026-07-23 21:15:03 | 02_resolve_smiles | WARNING | HTTP 500 on attempt 1/3: https://www.ebi.ac.uk/chembl/api/data/molecule/search
2026-07-23 21:15:10 | 02_resolve_smiles | WARNING | HTTP 500 on attempt 2/3: https://www.ebi.ac.uk/chembl/api/data/molecule/search
2026-07-23 21:15:15 | 02_resolve_smiles | INFO |   fosdenopterin hydrobromide: salt stripped (4 frags), removed: ['Br', 'O', 'O']
2026-07-23 21:15:15 | 02_resolve_smiles | INFO |   OK fosdenopterin hydrobromide -> Nc1nc(=O)c2c([nH]1)N[C@@H]1O[C@@H]3COP(=... (method=exact_pref_name_match, frags=4)
2026-07-23 21:15:15 | 02_resolve_smiles | INFO | [112/1211] Resolving: patisiran sodium
2026-07-23 21:15:18 | 02_resolve_smiles | WARNING |   X patisiran sodium: no_structure --  | No canonical_smiles in ChEMBL response
2026-07-23 21:15:18 | 02_resolve_smiles | INFO | [113/1211] Resolving: ERAVACYCLINE DIHYDROCHLORIDE
2026-07-23 21:15:21 | 02_resolve_smiles | INFO |   ERAVACYCLINE DIHYDROCHLORIDE: salt stripped (3 frags), removed: ['Cl', 'Cl']
2026-07-23 21:15:21 | 02_resolve_smiles | INFO |   OK ERAVACYCLINE DIHYDROCHLORIDE -> CN(C)[C@@H]1C(O)=C(C(N)=O)C(=O)[C@@]2(O)... (method=exact_pref_name_match, frags=3)
2026-07-23 21:15:21 | 02_resolve_smiles | INFO | [114/1211] Resolving: COPANLISIB
2026-07-23 21:15:42 | 02_resolve_smiles | WARNING | Timeout on attempt 1/3: https://www.ebi.ac.uk/chembl/api/data/molecule/search
2026-07-23 21:16:03 | 02_resolve_smiles | WARNING | Timeout on attempt 2/3: https://www.ebi.ac.uk/chembl/api/data/molecule/search
2026-07-23 21:16:10 | 02_resolve_smiles | WARNING | HTTP 500 on attempt 3/3: https://www.ebi.ac.uk/chembl/api/data/molecule/search
2026-07-23 21:16:10 | 02_resolve_smiles | WARNING |   X COPANLISIB: api_error -- API request failed after all retries
2026-07-23 21:16:10 | 02_resolve_smiles | INFO | [115/1211] Resolving: GALLIUM NITRATE
2026-07-23 21:16:16 | 02_resolve_smiles | WARNING | HTTP 500 on attempt 1/3: https://www.ebi.ac.uk/chembl/api/data/molecule/search
2026-07-23 21:16:38 | 02_resolve_smiles | WARNING | Timeout on attempt 2/3: https://www.ebi.ac.uk/chembl/api/data/molecule/search
2026-07-23 21:16:42 | 02_resolve_smiles | WARNING |   X GALLIUM NITRATE: no_structure --  | No canonical_smiles in ChEMBL response
2026-07-23 21:16:42 | 02_resolve_smiles | INFO | [116/1211] Resolving: oritavancin diphosphate
2026-07-23 21:16:45 | 02_resolve_smiles | INFO |   oritavancin diphosphate: salt stripped (3 frags), removed: ['O=P(O)(O)O', 'O=P(O)(O)O']
2026-07-23 21:16:45 | 02_resolve_smiles | INFO |   OK oritavancin diphosphate -> CN[C@H](CC(C)C)C(=O)N[C@H]1C(=O)N[C@@H](... (method=exact_pref_name_match, frags=3)
2026-07-23 21:16:45 | 02_resolve_smiles | INFO | [117/1211] Resolving: FERRIC PYROPHOSPHATE CITRATE
2026-07-23 21:16:50 | 02_resolve_smiles | WARNING | HTTP 500 on attempt 1/3: https://www.ebi.ac.uk/chembl/api/data/molecule/search
2026-07-23 21:16:57 | 02_resolve_smiles | WARNING | HTTP 500 on attempt 2/3: https://www.ebi.ac.uk/chembl/api/data/molecule/search
2026-07-23 21:17:04 | 02_resolve_smiles | WARNING | HTTP 500 on attempt 3/3: https://www.ebi.ac.uk/chembl/api/data/molecule/search
2026-07-23 21:17:04 | 02_resolve_smiles | WARNING |   X FERRIC PYROPHOSPHATE CITRATE: api_error -- API request failed after all retries
2026-07-23 21:17:04 | 02_resolve_smiles | INFO | [118/1211] Resolving: Ephedrine Sulfate
2026-07-23 21:17:10 | 02_resolve_smiles | WARNING | HTTP 500 on attempt 1/3: https://www.ebi.ac.uk/chembl/api/data/molecule/search
2026-07-23 21:17:16 | 02_resolve_smiles | WARNING | HTTP 500 on attempt 2/3: https://www.ebi.ac.uk/chembl/api/data/molecule/search
2026-07-23 21:17:23 | 02_resolve_smiles | WARNING | HTTP 500 on attempt 3/3: https://www.ebi.ac.uk/chembl/api/data/molecule/search
2026-07-23 21:17:23 | 02_resolve_smiles | WARNING |   X Ephedrine Sulfate: api_error -- API request failed after all retries
2026-07-23 21:17:23 | 02_resolve_smiles | INFO | [119/1211] Resolving: Cefiderocol sulfate tosylate
2026-07-23 21:17:45 | 02_resolve_smiles | WARNING | Timeout on attempt 1/3: https://www.ebi.ac.uk/chembl/api/data/molecule/search
2026-07-23 21:17:51 | 02_resolve_smiles | WARNING | HTTP 500 on attempt 2/3: https://www.ebi.ac.uk/chembl/api/data/molecule/search
2026-07-23 21:17:58 | 02_resolve_smiles | WARNING | HTTP 500 on attempt 3/3: https://www.ebi.ac.uk/chembl/api/data/molecule/search
2026-07-23 21:17:58 | 02_resolve_smiles | WARNING |   X Cefiderocol sulfate tosylate: api_error -- API request failed after all retries
2026-07-23 21:17:58 | 02_resolve_smiles | INFO | [120/1211] Resolving: FLORBETABEN F-18
2026-07-23 21:18:04 | 02_resolve_smiles | WARNING | HTTP 500 on attempt 1/3: https://www.ebi.ac.uk/chembl/api/data/molecule/search
2026-07-23 21:18:10 | 02_resolve_smiles | WARNING | HTTP 500 on attempt 2/3: https://www.ebi.ac.uk/chembl/api/data/molecule/search
2026-07-23 21:18:17 | 02_resolve_smiles | WARNING | HTTP 500 on attempt 3/3: https://www.ebi.ac.uk/chembl/api/data/molecule/search
2026-07-23 21:18:17 | 02_resolve_smiles | WARNING |   X FLORBETABEN F-18: api_error -- API request failed after all retries
2026-07-23 21:18:17 | 02_resolve_smiles | INFO | [121/1211] Resolving: FLUOROESTRADIOL F-18
2026-07-23 21:18:20 | 02_resolve_smiles | INFO |   OK FLUOROESTRADIOL F-18 -> C[C@]12CC[C@@H]3c4ccc(O)cc4CC[C@H]3[C@@H... (method=exact_pref_name_match, frags=1)
2026-07-23 21:18:20 | 02_resolve_smiles | INFO | [122/1211] Resolving: Flortaucipir F-18
2026-07-23 21:18:22 | 02_resolve_smiles | WARNING |   Flortaucipir F-18: fallback to score-based selection -- verify manually if critical
2026-07-23 21:18:22 | 02_resolve_smiles | INFO |   OK Flortaucipir F-18 -> [18F]c1ccc(-c2ccc3c(c2)[nH]c2ccncc23)cn1... (method=fallback_highest_score, frags=1)
2026-07-23 21:18:22 | 02_resolve_smiles | INFO | [123/1211] Resolving: viltolarsen
2026-07-23 21:18:24 | 02_resolve_smiles | WARNING |   X viltolarsen: no_structure --  | No canonical_smiles in ChEMBL response
2026-07-23 21:18:24 | 02_resolve_smiles | INFO | [124/1211] Resolving: BREXANOLONE
2026-07-23 21:18:26 | 02_resolve_smiles | INFO |   OK BREXANOLONE -> CC(=O)[C@H]1CC[C@H]2[C@@H]3CC[C@H]4C[C@H... (method=exact_pref_name_match, frags=1)
2026-07-23 21:18:26 | 02_resolve_smiles | INFO | [125/1211] Resolving: CUPRIC CHLORIDE
2026-07-23 21:18:28 | 02_resolve_smiles | WARNING |   X CUPRIC CHLORIDE: no_structure --  | No canonical_smiles in ChEMBL response
2026-07-23 21:18:28 | 02_resolve_smiles | INFO | [126/1211] Resolving: RADIUM RA-223 DICHLORIDE
2026-07-23 21:18:49 | 02_resolve_smiles | WARNING | Timeout on attempt 1/3: https://www.ebi.ac.uk/chembl/api/data/molecule/search
2026-07-23 21:19:11 | 02_resolve_smiles | WARNING | Timeout on attempt 2/3: https://www.ebi.ac.uk/chembl/api/data/molecule/search
2026-07-23 21:19:33 | 02_resolve_smiles | WARNING | Timeout on attempt 3/3: https://www.ebi.ac.uk/chembl/api/data/molecule/search
2026-07-23 21:19:33 | 02_resolve_smiles | WARNING |   X RADIUM RA-223 DICHLORIDE: api_error -- API request failed after all retries
2026-07-23 21:19:33 | 02_resolve_smiles | INFO | [127/1211] Resolving: GADOPENTETATE DIMEGLUMINE
2026-07-23 21:19:39 | 02_resolve_smiles | WARNING | HTTP 500 on attempt 1/3: https://www.ebi.ac.uk/chembl/api/data/molecule/search
2026-07-23 21:20:01 | 02_resolve_smiles | WARNING | Timeout on attempt 2/3: https://www.ebi.ac.uk/chembl/api/data/molecule/search
2026-07-23 21:20:09 | 02_resolve_smiles | WARNING | HTTP 500 on attempt 3/3: https://www.ebi.ac.uk/chembl/api/data/molecule/search
2026-07-23 21:20:09 | 02_resolve_smiles | WARNING |   X GADOPENTETATE DIMEGLUMINE: api_error -- API request failed after all retries
2026-07-23 21:20:09 | 02_resolve_smiles | INFO | [128/1211] Resolving: peramivir
2026-07-23 21:20:15 | 02_resolve_smiles | WARNING | HTTP 500 on attempt 1/3: https://www.ebi.ac.uk/chembl/api/data/molecule/search
2026-07-23 21:20:22 | 02_resolve_smiles | WARNING | HTTP 500 on attempt 2/3: https://www.ebi.ac.uk/chembl/api/data/molecule/search
2026-07-23 21:20:29 | 02_resolve_smiles | WARNING | HTTP 500 on attempt 3/3: https://www.ebi.ac.uk/chembl/api/data/molecule/search
2026-07-23 21:20:29 | 02_resolve_smiles | WARNING |   X peramivir: api_error -- API request failed after all retries
2026-07-23 21:20:29 | 02_resolve_smiles | INFO | [129/1211] Resolving: MANGANESE CHLORIDE
2026-07-23 21:20:35 | 02_resolve_smiles | WARNING | HTTP 500 on attempt 1/3: https://www.ebi.ac.uk/chembl/api/data/molecule/search
2026-07-23 21:20:57 | 02_resolve_smiles | WARNING | Timeout on attempt 2/3: https://www.ebi.ac.uk/chembl/api/data/molecule/search
2026-07-23 21:21:01 | 02_resolve_smiles | WARNING |   X MANGANESE CHLORIDE: no_structure --  | No canonical_smiles in ChEMBL response
2026-07-23 21:21:01 | 02_resolve_smiles | INFO | [130/1211] Resolving: IOBENGUANE I-131
2026-07-23 21:21:03 | 02_resolve_smiles | WARNING |   IOBENGUANE I-131: fallback to score-based selection -- verify manually if critical
2026-07-23 21:21:03 | 02_resolve_smiles | INFO |   OK IOBENGUANE I-131 -> N=C(N)NCc1cccc([131I])c1... (method=fallback_highest_score, frags=1)
2026-07-23 21:21:03 | 02_resolve_smiles | INFO | [131/1211] Resolving: Hydroxocobalamin
2026-07-23 21:21:05 | 02_resolve_smiles | WARNING |   X Hydroxocobalamin: no_structure --  | No canonical_smiles in ChEMBL response
2026-07-23 21:21:05 | 02_resolve_smiles | INFO | [132/1211] Resolving: cisplatin
2026-07-23 21:21:11 | 02_resolve_smiles | WARNING | HTTP 500 on attempt 1/3: https://www.ebi.ac.uk/chembl/api/data/molecule/search
2026-07-23 21:21:17 | 02_resolve_smiles | WARNING | HTTP 500 on attempt 2/3: https://www.ebi.ac.uk/chembl/api/data/molecule/search
2026-07-23 21:21:21 | 02_resolve_smiles | WARNING |   X cisplatin: no_structure --  | No canonical_smiles in ChEMBL response
2026-07-23 21:21:21 | 02_resolve_smiles | INFO | [133/1211] Resolving: ORITAVANCIN
2026-07-23 21:21:26 | 02_resolve_smiles | WARNING | HTTP 500 on attempt 1/3: https://www.ebi.ac.uk/chembl/api/data/molecule/search
2026-07-23 21:21:29 | 02_resolve_smiles | INFO |   OK ORITAVANCIN -> CN[C@H](CC(C)C)C(=O)N[C@H]1C(=O)N[C@@H](... (method=exact_pref_name_match, frags=1)
2026-07-23 21:21:29 | 02_resolve_smiles | INFO | [134/1211] Resolving: ASCORBIC ACID
2026-07-23 21:21:34 | 02_resolve_smiles | WARNING | HTTP 500 on attempt 1/3: https://www.ebi.ac.uk/chembl/api/data/molecule/search
2026-07-23 21:21:41 | 02_resolve_smiles | WARNING | HTTP 500 on attempt 2/3: https://www.ebi.ac.uk/chembl/api/data/molecule/search
2026-07-23 21:21:48 | 02_resolve_smiles | WARNING | HTTP 500 on attempt 3/3: https://www.ebi.ac.uk/chembl/api/data/molecule/search
2026-07-23 21:21:48 | 02_resolve_smiles | WARNING |   X ASCORBIC ACID: api_error -- API request failed after all retries
2026-07-23 21:21:48 | 02_resolve_smiles | INFO | [135/1211] Resolving: DOXAPRAM HYDROCHLORIDE
2026-07-23 21:21:51 | 02_resolve_smiles | INFO |   DOXAPRAM HYDROCHLORIDE: salt stripped (3 frags), removed: ['Cl', 'O']
2026-07-23 21:21:51 | 02_resolve_smiles | INFO |   OK DOXAPRAM HYDROCHLORIDE -> CCN1CC(CCN2CCOCC2)C(c2ccccc2)(c2ccccc2)C... (method=exact_pref_name_match, frags=3)
2026-07-23 21:21:51 | 02_resolve_smiles | INFO | [136/1211] Resolving: DAPTOMYCIN
2026-07-23 21:21:56 | 02_resolve_smiles | WARNING | HTTP 500 on attempt 1/3: https://www.ebi.ac.uk/chembl/api/data/molecule/search
2026-07-23 21:22:02 | 02_resolve_smiles | WARNING | HTTP 500 on attempt 2/3: https://www.ebi.ac.uk/chembl/api/data/molecule/search
2026-07-23 21:22:07 | 02_resolve_smiles | INFO |   OK DAPTOMYCIN -> CCCCCCCCCC(=O)N[C@@H](Cc1c[nH]c2ccccc12)... (method=exact_pref_name_match, frags=1)
2026-07-23 21:22:07 | 02_resolve_smiles | INFO | [137/1211] Resolving: EPHEDRINE HYDROCHLORIDE
2026-07-23 21:22:12 | 02_resolve_smiles | WARNING | HTTP 500 on attempt 1/3: https://www.ebi.ac.uk/chembl/api/data/molecule/search
2026-07-23 21:22:18 | 02_resolve_smiles | WARNING | HTTP 500 on attempt 2/3: https://www.ebi.ac.uk/chembl/api/data/molecule/search
2026-07-23 21:22:41 | 02_resolve_smiles | WARNING | Timeout on attempt 3/3: https://www.ebi.ac.uk/chembl/api/data/molecule/search
2026-07-23 21:22:41 | 02_resolve_smiles | WARNING |   X EPHEDRINE HYDROCHLORIDE: api_error -- API request failed after all retries
2026-07-23 21:22:41 | 02_resolve_smiles | INFO | [138/1211] Resolving: COPPER OXODOTREOTIDE CU-64
2026-07-23 21:22:46 | 02_resolve_smiles | WARNING | HTTP 500 on attempt 1/3: https://www.ebi.ac.uk/chembl/api/data/molecule/search
2026-07-23 21:23:08 | 02_resolve_smiles | WARNING | Timeout on attempt 2/3: https://www.ebi.ac.uk/chembl/api/data/molecule/search
2026-07-23 21:23:15 | 02_resolve_smiles | WARNING | HTTP 500 on attempt 3/3: https://www.ebi.ac.uk/chembl/api/data/molecule/search
2026-07-23 21:23:15 | 02_resolve_smiles | WARNING |   X COPPER OXODOTREOTIDE CU-64: api_error -- API request failed after all retries
2026-07-23 21:23:15 | 02_resolve_smiles | INFO | [139/1211] Resolving: DOTATATE
2026-07-23 21:23:21 | 02_resolve_smiles | WARNING | HTTP 500 on attempt 1/3: https://www.ebi.ac.uk/chembl/api/data/molecule/search
2026-07-23 21:23:43 | 02_resolve_smiles | WARNING | Timeout on attempt 2/3: https://www.ebi.ac.uk/chembl/api/data/molecule/search
2026-07-23 21:23:50 | 02_resolve_smiles | WARNING | HTTP 500 on attempt 3/3: https://www.ebi.ac.uk/chembl/api/data/molecule/search
2026-07-23 21:23:50 | 02_resolve_smiles | WARNING |   X DOTATATE: api_error -- API request failed after all retries
2026-07-23 21:23:50 | 02_resolve_smiles | INFO | [140/1211] Resolving: OLICERIDINE
2026-07-23 21:24:11 | 02_resolve_smiles | WARNING | Timeout on attempt 1/3: https://www.ebi.ac.uk/chembl/api/data/molecule/search
2026-07-23 21:24:17 | 02_resolve_smiles | WARNING | HTTP 500 on attempt 2/3: https://www.ebi.ac.uk/chembl/api/data/molecule/search
2026-07-23 21:24:24 | 02_resolve_smiles | WARNING | HTTP 500 on attempt 3/3: https://www.ebi.ac.uk/chembl/api/data/molecule/search
2026-07-23 21:24:24 | 02_resolve_smiles | WARNING |   X OLICERIDINE: api_error -- API request failed after all retries
2026-07-23 21:24:24 | 02_resolve_smiles | INFO | [141/1211] Resolving: POTASSIUM ACETATE
2026-07-23 21:24:45 | 02_resolve_smiles | WARNING | Timeout on attempt 1/3: https://www.ebi.ac.uk/chembl/api/data/molecule/search
2026-07-23 21:24:52 | 02_resolve_smiles | WARNING | HTTP 500 on attempt 2/3: https://www.ebi.ac.uk/chembl/api/data/molecule/search
2026-07-23 21:24:59 | 02_resolve_smiles | WARNING | HTTP 500 on attempt 3/3: https://www.ebi.ac.uk/chembl/api/data/molecule/search
2026-07-23 21:24:59 | 02_resolve_smiles | WARNING |   X POTASSIUM ACETATE: api_error -- API request failed after all retries
2026-07-23 21:24:59 | 02_resolve_smiles | INFO | [142/1211] Resolving: CALCIUM CHLORIDE
2026-07-23 21:25:05 | 02_resolve_smiles | WARNING | HTTP 500 on attempt 1/3: https://www.ebi.ac.uk/chembl/api/data/molecule/search
2026-07-23 21:25:27 | 02_resolve_smiles | WARNING | Timeout on attempt 2/3: https://www.ebi.ac.uk/chembl/api/data/molecule/search
2026-07-23 21:25:34 | 02_resolve_smiles | WARNING | HTTP 500 on attempt 3/3: https://www.ebi.ac.uk/chembl/api/data/molecule/search
2026-07-23 21:25:34 | 02_resolve_smiles | WARNING |   X CALCIUM CHLORIDE: api_error -- API request failed after all retries
2026-07-23 21:25:34 | 02_resolve_smiles | INFO | [143/1211] Resolving: CHOLINE C-11
2026-07-23 21:25:55 | 02_resolve_smiles | WARNING | Timeout on attempt 1/3: https://www.ebi.ac.uk/chembl/api/data/molecule/search
2026-07-23 21:26:01 | 02_resolve_smiles | WARNING | HTTP 500 on attempt 2/3: https://www.ebi.ac.uk/chembl/api/data/molecule/search
2026-07-23 21:26:08 | 02_resolve_smiles | WARNING | HTTP 500 on attempt 3/3: https://www.ebi.ac.uk/chembl/api/data/molecule/search
2026-07-23 21:26:08 | 02_resolve_smiles | WARNING |   X CHOLINE C-11: api_error -- API request failed after all retries
2026-07-23 21:26:08 | 02_resolve_smiles | INFO | [144/1211] Resolving: AMIFOSTINE
2026-07-23 21:26:29 | 02_resolve_smiles | WARNING | Timeout on attempt 1/3: https://www.ebi.ac.uk/chembl/api/data/molecule/search
2026-07-23 21:26:36 | 02_resolve_smiles | WARNING | HTTP 500 on attempt 2/3: https://www.ebi.ac.uk/chembl/api/data/molecule/search
2026-07-23 21:26:59 | 02_resolve_smiles | WARNING | Timeout on attempt 3/3: https://www.ebi.ac.uk/chembl/api/data/molecule/search
2026-07-23 21:26:59 | 02_resolve_smiles | WARNING |   X AMIFOSTINE: api_error -- API request failed after all retries
2026-07-23 21:26:59 | 02_resolve_smiles | INFO | [145/1211] Resolving: Sodium Nitrite
2026-07-23 21:27:04 | 02_resolve_smiles | WARNING | HTTP 500 on attempt 1/3: https://www.ebi.ac.uk/chembl/api/data/molecule/search
2026-07-23 21:27:11 | 02_resolve_smiles | WARNING | HTTP 500 on attempt 2/3: https://www.ebi.ac.uk/chembl/api/data/molecule/search
2026-07-23 21:27:18 | 02_resolve_smiles | WARNING | HTTP 500 on attempt 3/3: https://www.ebi.ac.uk/chembl/api/data/molecule/search
2026-07-23 21:27:18 | 02_resolve_smiles | WARNING |   X Sodium Nitrite: api_error -- API request failed after all retries
2026-07-23 21:27:18 | 02_resolve_smiles | INFO | [146/1211] Resolving: ANGIOTENSIN II
2026-07-23 21:27:39 | 02_resolve_smiles | WARNING | Timeout on attempt 1/3: https://www.ebi.ac.uk/chembl/api/data/molecule/search
2026-07-23 21:27:45 | 02_resolve_smiles | WARNING | HTTP 500 on attempt 2/3: https://www.ebi.ac.uk/chembl/api/data/molecule/search
2026-07-23 21:27:52 | 02_resolve_smiles | WARNING | HTTP 500 on attempt 3/3: https://www.ebi.ac.uk/chembl/api/data/molecule/search
2026-07-23 21:27:52 | 02_resolve_smiles | WARNING |   X ANGIOTENSIN II: api_error -- API request failed after all retries
2026-07-23 21:27:52 | 02_resolve_smiles | INFO | [147/1211] Resolving: Sincalide
2026-07-23 21:27:58 | 02_resolve_smiles | WARNING | HTTP 500 on attempt 1/3: https://www.ebi.ac.uk/chembl/api/data/molecule/search
2026-07-23 21:28:05 | 02_resolve_smiles | WARNING | HTTP 500 on attempt 2/3: https://www.ebi.ac.uk/chembl/api/data/molecule/search
2026-07-23 21:28:12 | 02_resolve_smiles | WARNING | HTTP 500 on attempt 3/3: https://www.ebi.ac.uk/chembl/api/data/molecule/search
2026-07-23 21:28:12 | 02_resolve_smiles | WARNING |   X Sincalide: api_error -- API request failed after all retries
2026-07-23 21:28:12 | 02_resolve_smiles | INFO | [148/1211] Resolving: PLAZOMICIN
2026-07-23 21:28:18 | 02_resolve_smiles | WARNING | HTTP 500 on attempt 1/3: https://www.ebi.ac.uk/chembl/api/data/molecule/search
2026-07-23 21:28:40 | 02_resolve_smiles | WARNING | Timeout on attempt 2/3: https://www.ebi.ac.uk/chembl/api/data/molecule/search
2026-07-23 21:28:47 | 02_resolve_smiles | WARNING | HTTP 500 on attempt 3/3: https://www.ebi.ac.uk/chembl/api/data/molecule/search
2026-07-23 21:28:47 | 02_resolve_smiles | WARNING |   X PLAZOMICIN: api_error -- API request failed after all retries
2026-07-23 21:28:47 | 02_resolve_smiles | INFO | [149/1211] Resolving: DEFIBROTIDE SODIUM
2026-07-23 21:28:53 | 02_resolve_smiles | WARNING | HTTP 500 on attempt 1/3: https://www.ebi.ac.uk/chembl/api/data/molecule/search
2026-07-23 21:29:00 | 02_resolve_smiles | WARNING | HTTP 500 on attempt 2/3: https://www.ebi.ac.uk/chembl/api/data/molecule/search
2026-07-23 21:29:07 | 02_resolve_smiles | WARNING | HTTP 500 on attempt 3/3: https://www.ebi.ac.uk/chembl/api/data/molecule/search
2026-07-23 21:29:07 | 02_resolve_smiles | WARNING |   X DEFIBROTIDE SODIUM: api_error -- API request failed after all retries
2026-07-23 21:29:07 | 02_resolve_smiles | INFO | [150/1211] Resolving: Flutemetamol F-18
2026-07-23 21:29:13 | 02_resolve_smiles | WARNING | HTTP 500 on attempt 1/3: https://www.ebi.ac.uk/chembl/api/data/molecule/search
2026-07-23 21:29:35 | 02_resolve_smiles | WARNING | Timeout on attempt 2/3: https://www.ebi.ac.uk/chembl/api/data/molecule/search
2026-07-23 21:29:58 | 02_resolve_smiles | WARNING | Timeout on attempt 3/3: https://www.ebi.ac.uk/chembl/api/data/molecule/search
2026-07-23 21:29:58 | 02_resolve_smiles | WARNING |   X Flutemetamol F-18: api_error -- API request failed after all retries
2026-07-23 21:29:58 | 02_resolve_smiles | INFO |   [Checkpoint saved at 150 compounds]
2026-07-23 21:29:58 | 02_resolve_smiles | INFO | [151/1211] Resolving: CHROMIC CHLORIDE
2026-07-23 21:30:03 | 02_resolve_smiles | WARNING | HTTP 500 on attempt 1/3: https://www.ebi.ac.uk/chembl/api/data/molecule/search
2026-07-23 21:30:10 | 02_resolve_smiles | WARNING | HTTP 500 on attempt 2/3: https://www.ebi.ac.uk/chembl/api/data/molecule/search
2026-07-23 21:30:17 | 02_resolve_smiles | WARNING | HTTP 500 on attempt 3/3: https://www.ebi.ac.uk/chembl/api/data/molecule/search
2026-07-23 21:30:17 | 02_resolve_smiles | WARNING |   X CHROMIC CHLORIDE: api_error -- API request failed after all retries
2026-07-23 21:30:17 | 02_resolve_smiles | INFO | [152/1211] Resolving: IXABEPILONE
2026-07-23 21:30:38 | 02_resolve_smiles | WARNING | Timeout on attempt 1/3: https://www.ebi.ac.uk/chembl/api/data/molecule/search
2026-07-23 21:30:44 | 02_resolve_smiles | WARNING | HTTP 500 on attempt 2/3: https://www.ebi.ac.uk/chembl/api/data/molecule/search
2026-07-23 21:30:51 | 02_resolve_smiles | WARNING | HTTP 500 on attempt 3/3: https://www.ebi.ac.uk/chembl/api/data/molecule/search
2026-07-23 21:30:51 | 02_resolve_smiles | WARNING |   X IXABEPILONE: api_error -- API request failed after all retries
2026-07-23 21:30:51 | 02_resolve_smiles | INFO | [153/1211] Resolving: ARGATROBAN
2026-07-23 21:30:53 | 02_resolve_smiles | INFO |   OK ARGATROBAN -> CC1CNc2c(cccc2S(=O)(=O)N[C@@H](CCCNC(=N)... (method=exact_pref_name_match, frags=1)
2026-07-23 21:30:53 | 02_resolve_smiles | INFO | [154/1211] Resolving: indocyanine green
2026-07-23 21:30:56 | 02_resolve_smiles | INFO |   indocyanine green: salt stripped (2 frags), removed: ['[Na+]']
2026-07-23 21:30:56 | 02_resolve_smiles | INFO |   OK indocyanine green -> CC1(C)C(/C=C/C=C/C=C/C=C2\N(CCCCS(=O)(=O... (method=exact_pref_name_match, frags=2)
2026-07-23 21:30:56 | 02_resolve_smiles | INFO | [155/1211] Resolving: Trabectedin
2026-07-23 21:30:57 | 02_resolve_smiles | INFO |   OK Trabectedin -> COc1cc2c(cc1O)CCN[C@]21CS[C@@H]2c3c(OC(C... (method=exact_pref_name_match, frags=1)
2026-07-23 21:30:57 | 02_resolve_smiles | INFO | [156/1211] Resolving: Sodium Thiosulfate
2026-07-23 21:31:00 | 02_resolve_smiles | INFO |   Sodium Thiosulfate: salt stripped (8 frags), removed: ['O', 'O', 'O', 'O', 'O', '[Na+]', '[Na+]']
2026-07-23 21:31:00 | 02_resolve_smiles | INFO |   OK Sodium Thiosulfate -> O=S([O-])([O-])=S... (method=exact_pref_name_match, frags=8)
2026-07-23 21:31:00 | 02_resolve_smiles | INFO | [157/1211] Resolving: GADOXETATE DISODIUM
2026-07-23 21:31:03 | 02_resolve_smiles | WARNING |   X GADOXETATE DISODIUM: no_structure --  | No canonical_smiles in ChEMBL response
2026-07-23 21:31:03 | 02_resolve_smiles | INFO | [158/1211] Resolving: FENOLDOPAM MESYLATE
2026-07-23 21:31:05 | 02_resolve_smiles | INFO |   FENOLDOPAM MESYLATE: salt stripped (2 frags), removed: ['CS(=O)(=O)O']
2026-07-23 21:31:05 | 02_resolve_smiles | INFO |   OK FENOLDOPAM MESYLATE -> Oc1ccc(C2CNCCc3c2cc(O)c(O)c3Cl)cc1... (method=exact_pref_name_match, frags=2)
2026-07-23 21:31:05 | 02_resolve_smiles | INFO | [159/1211] Resolving: OXIDRONATE DISODIUM
2026-07-23 21:31:09 | 02_resolve_smiles | WARNING |   OXIDRONATE DISODIUM: fallback to score-based selection -- verify manually if critical
2026-07-23 21:31:09 | 02_resolve_smiles | WARNING |   X OXIDRONATE DISODIUM: no_structure -- No exact pref_name match; chose highest score (32.0) among 20 candidates | No canonical_smiles in ChEMBL response
2026-07-23 21:31:09 | 02_resolve_smiles | INFO | [160/1211] Resolving: SELENIUM
2026-07-23 21:31:12 | 02_resolve_smiles | INFO |   OK SELENIUM -> [Se]... (method=exact_pref_name_match, frags=1)
2026-07-23 21:31:12 | 02_resolve_smiles | INFO | [161/1211] Resolving: IRON SUCROSE
2026-07-23 21:31:15 | 02_resolve_smiles | WARNING |   X IRON SUCROSE: no_structure --  | No canonical_smiles in ChEMBL response
2026-07-23 21:31:15 | 02_resolve_smiles | INFO | [162/1211] Resolving: ARGININE HYDROCHLORIDE
2026-07-23 21:31:17 | 02_resolve_smiles | INFO |   ARGININE HYDROCHLORIDE: salt stripped (2 frags), removed: ['Cl']
2026-07-23 21:31:17 | 02_resolve_smiles | INFO |   OK ARGININE HYDROCHLORIDE -> N=C(N)NCCC[C@H](N)C(=O)O... (method=exact_pref_name_match, frags=2)
2026-07-23 21:31:17 | 02_resolve_smiles | INFO | [163/1211] Resolving: BELINOSTAT
2026-07-23 21:31:19 | 02_resolve_smiles | INFO |   OK BELINOSTAT -> O=C(/C=C/c1cccc(S(=O)(=O)Nc2ccccc2)c1)NO... (method=exact_pref_name_match, frags=1)
2026-07-23 21:31:19 | 02_resolve_smiles | INFO | [164/1211] Resolving: RUBIDIUM CHLORIDE RB-82
2026-07-23 21:31:22 | 02_resolve_smiles | WARNING |   RUBIDIUM CHLORIDE RB-82: fallback to score-based selection -- verify manually if critical
2026-07-23 21:31:22 | 02_resolve_smiles | INFO |   RUBIDIUM CHLORIDE RB-82: salt stripped (2 frags), removed: ['[Cl-]']
2026-07-23 21:31:22 | 02_resolve_smiles | INFO |   OK RUBIDIUM CHLORIDE RB-82 -> [82Rb+]... (method=fallback_highest_score, frags=2)
2026-07-23 21:31:22 | 02_resolve_smiles | INFO | [165/1211] Resolving: SUGAMMADEX SODIUM
2026-07-23 21:31:25 | 02_resolve_smiles | INFO |   SUGAMMADEX SODIUM: salt stripped (9 frags), removed: ['[Na+]', '[Na+]', '[Na+]', '[Na+]', '[Na+]', '[Na+]', '[Na+]', '[Na+]']
2026-07-23 21:31:25 | 02_resolve_smiles | INFO |   OK SUGAMMADEX SODIUM -> O=C([O-])CCSC[C@H]1O[C@@H]2O[C@H]3[C@H](... (method=exact_pref_name_match, frags=9)
2026-07-23 21:31:25 | 02_resolve_smiles | INFO | [166/1211] Resolving: epoprostenol
2026-07-23 21:31:27 | 02_resolve_smiles | INFO |   OK epoprostenol -> CCCCC[C@H](O)/C=C/[C@@H]1[C@H]2C/C(=C/CC... (method=exact_pref_name_match, frags=1)
2026-07-23 21:31:27 | 02_resolve_smiles | INFO | [167/1211] Resolving: CALCIUM GLUCONATE MONOHYDRATE
2026-07-23 21:31:31 | 02_resolve_smiles | WARNING |   CALCIUM GLUCONATE MONOHYDRATE: fallback to score-based selection -- verify manually if critical
2026-07-23 21:31:31 | 02_resolve_smiles | INFO |   CALCIUM GLUCONATE MONOHYDRATE: salt stripped (3 frags), removed: ['O=C([O-])[C@H](O)[C@@H](O)[C@H](O)[C@H](O)CO', '[Ca+2]']
2026-07-23 21:31:31 | 02_resolve_smiles | INFO |   OK CALCIUM GLUCONATE MONOHYDRATE -> O=C([O-])[C@H](O)[C@@H](O)[C@H](O)[C@H](... (method=fallback_highest_score, frags=3)
2026-07-23 21:31:31 | 02_resolve_smiles | INFO | [168/1211] Resolving: PERFLUTREN
2026-07-23 21:31:33 | 02_resolve_smiles | INFO |   OK PERFLUTREN -> FC(F)(F)C(F)(F)C(F)(F)F... (method=exact_pref_name_match, frags=1)
2026-07-23 21:31:33 | 02_resolve_smiles | INFO | [169/1211] Resolving: SODIUM FERRIC GLUCONATE COMPLEX
2026-07-23 21:31:36 | 02_resolve_smiles | WARNING |   X SODIUM FERRIC GLUCONATE COMPLEX: no_structure --  | No canonical_smiles in ChEMBL response
2026-07-23 21:31:36 | 02_resolve_smiles | INFO | [170/1211] Resolving: BICISATE DIHYDROCHLORIDE
2026-07-23 21:31:39 | 02_resolve_smiles | WARNING |   BICISATE DIHYDROCHLORIDE: fallback to score-based selection -- verify manually if critical
2026-07-23 21:31:39 | 02_resolve_smiles | WARNING |   X BICISATE DIHYDROCHLORIDE: no_structure -- No exact pref_name match; chose highest score (34.0) among 20 candidates | No canonical_smiles in ChEMBL response
2026-07-23 21:31:39 | 02_resolve_smiles | INFO | [171/1211] Resolving: ERIBULIN MESYLATE
2026-07-23 21:31:42 | 02_resolve_smiles | INFO |   ERIBULIN MESYLATE: salt stripped (2 frags), removed: ['CS(=O)(=O)O']
2026-07-23 21:31:42 | 02_resolve_smiles | INFO |   OK ERIBULIN MESYLATE -> C=C1C[C@@H]2CC[C@@]34C[C@H]5O[C@H]6[C@@H... (method=exact_pref_name_match, frags=2)
2026-07-23 21:31:42 | 02_resolve_smiles | INFO | [172/1211] Resolving: FERRIC DERISOMALTOSE
2026-07-23 21:31:44 | 02_resolve_smiles | WARNING |   X FERRIC DERISOMALTOSE: no_structure --  | No canonical_smiles in ChEMBL response
2026-07-23 21:31:44 | 02_resolve_smiles | INFO | [173/1211] Resolving: LUTETIUM OXODOTREOTIDE LU-177
2026-07-23 21:31:48 | 02_resolve_smiles | WARNING |   X LUTETIUM OXODOTREOTIDE LU-177: no_structure --  | No canonical_smiles in ChEMBL response
2026-07-23 21:31:48 | 02_resolve_smiles | INFO | [174/1211] Resolving: PRALATREXATE
2026-07-23 21:31:50 | 02_resolve_smiles | INFO |   OK PRALATREXATE -> C#CCC(Cc1cnc2nc(N)nc(N)c2n1)c1ccc(C(=O)N... (method=exact_pref_name_match, frags=1)
2026-07-23 21:31:50 | 02_resolve_smiles | INFO | [175/1211] Resolving: GALLIUM CHLORIDE GA-67
2026-07-23 21:31:53 | 02_resolve_smiles | WARNING |   GALLIUM CHLORIDE GA-67: fallback to score-based selection -- verify manually if critical
2026-07-23 21:31:53 | 02_resolve_smiles | WARNING |   X GALLIUM CHLORIDE GA-67: no_structure -- No exact pref_name match; chose highest score (84.0) among 20 candidates | No canonical_smiles in ChEMBL response
2026-07-23 21:31:53 | 02_resolve_smiles | INFO | [176/1211] Resolving: SECRETIN HUMAN
2026-07-23 21:31:56 | 02_resolve_smiles | WARNING |   SECRETIN HUMAN: fallback to score-based selection -- verify manually if critical
2026-07-23 21:31:56 | 02_resolve_smiles | WARNING |   X SECRETIN HUMAN: no_structure -- No exact pref_name match; chose highest score (60.0) among 20 candidates | No canonical_smiles in ChEMBL response
2026-07-23 21:31:56 | 02_resolve_smiles | INFO | [177/1211] Resolving: Pemetrexed disodium heptahydrate
2026-07-23 21:31:59 | 02_resolve_smiles | WARNING |   Pemetrexed disodium heptahydrate: fallback to score-based selection -- verify manually if critical
2026-07-23 21:31:59 | 02_resolve_smiles | INFO |   Pemetrexed disodium heptahydrate: salt stripped (3 frags), removed: ['[Na+]', '[Na+]']
2026-07-23 21:31:59 | 02_resolve_smiles | INFO |   OK Pemetrexed disodium heptahydrate -> Nc1nc2[nH]cc(CCc3ccc(C(=O)N[C@@H](CCC(=O... (method=fallback_highest_score, frags=3)
2026-07-23 21:31:59 | 02_resolve_smiles | INFO | [178/1211] Resolving: IBUTILIDE FUMARATE
2026-07-23 21:32:02 | 02_resolve_smiles | INFO |   IBUTILIDE FUMARATE: salt stripped (3 frags), removed: ['CCCCCCCN(CC)CCCC(O)c1ccc(NS(C)(=O)=O)cc1', 'O=C(O)/C=C/C(=O)O']
2026-07-23 21:32:02 | 02_resolve_smiles | INFO |   OK IBUTILIDE FUMARATE -> CCCCCCCN(CC)CCCC(O)c1ccc(NS(C)(=O)=O)cc1... (method=exact_pref_name_match, frags=3)
2026-07-23 21:32:02 | 02_resolve_smiles | INFO | [179/1211] Resolving: ANIDULAFUNGIN
2026-07-23 21:32:03 | 02_resolve_smiles | INFO |   OK ANIDULAFUNGIN -> CCCCCOc1ccc(-c2ccc(-c3ccc(C(=O)N[C@H]4C[... (method=exact_pref_name_match, frags=1)
2026-07-23 21:32:03 | 02_resolve_smiles | INFO | [180/1211] Resolving: GOZETOTIDE
2026-07-23 21:32:05 | 02_resolve_smiles | INFO |   OK GOZETOTIDE -> O=C(O)CCc1ccc(O)c(CN(CCN(CC(=O)O)Cc2cc(C... (method=exact_pref_name_match, frags=1)
2026-07-23 21:32:05 | 02_resolve_smiles | INFO | [181/1211] Resolving: BENDAMUSTINE HYDROCHLORIDE
2026-07-23 21:32:08 | 02_resolve_smiles | INFO |   BENDAMUSTINE HYDROCHLORIDE: salt stripped (2 frags), removed: ['Cl']
2026-07-23 21:32:08 | 02_resolve_smiles | INFO |   OK BENDAMUSTINE HYDROCHLORIDE -> Cn1c(CCCC(=O)O)nc2cc(N(CCCl)CCCl)ccc21... (method=exact_pref_name_match, frags=2)
2026-07-23 21:32:08 | 02_resolve_smiles | INFO | [182/1211] Resolving: foscarnet sodium
2026-07-23 21:32:11 | 02_resolve_smiles | INFO |   foscarnet sodium: salt stripped (4 frags), removed: ['[Na+]', '[Na+]', '[Na+]']
2026-07-23 21:32:11 | 02_resolve_smiles | INFO |   OK foscarnet sodium -> O=C([O-])P(=O)([O-])[O-]... (method=exact_pref_name_match, frags=4)
2026-07-23 21:32:11 | 02_resolve_smiles | INFO | [183/1211] Resolving: ZINC SULFATE
2026-07-23 21:32:14 | 02_resolve_smiles | INFO |   ZINC SULFATE: salt stripped (2 frags), removed: ['[Zn+2]']
2026-07-23 21:32:14 | 02_resolve_smiles | INFO |   OK ZINC SULFATE -> O=S(=O)([O-])[O-]... (method=exact_pref_name_match, frags=2)
2026-07-23 21:32:14 | 02_resolve_smiles | INFO | [184/1211] Resolving: HETASTARCH
2026-07-23 21:32:16 | 02_resolve_smiles | WARNING |   X HETASTARCH: no_structure --  | No canonical_smiles in ChEMBL response
2026-07-23 21:32:16 | 02_resolve_smiles | INFO | [185/1211] Resolving: gadodiamide
2026-07-23 21:32:17 | 02_resolve_smiles | WARNING |   X gadodiamide: no_structure --  | No canonical_smiles in ChEMBL response
2026-07-23 21:32:17 | 02_resolve_smiles | INFO | [186/1211] Resolving: Amisulpride
2026-07-23 21:32:19 | 02_resolve_smiles | INFO |   OK Amisulpride -> CCN1CCCC1CNC(=O)c1cc(S(=O)(=O)CC)c(N)cc1... (method=exact_pref_name_match, frags=1)
2026-07-23 21:32:19 | 02_resolve_smiles | INFO | [187/1211] Resolving: MEBROFENIN
2026-07-23 21:32:21 | 02_resolve_smiles | INFO |   OK MEBROFENIN -> Cc1cc(C)c(NC(=O)CN(CC(=O)O)CC(=O)O)c(C)c... (method=exact_pref_name_match, frags=1)
2026-07-23 21:32:21 | 02_resolve_smiles | INFO | [188/1211] Resolving: CEFTAROLINE FOSAMIL
2026-07-23 21:32:23 | 02_resolve_smiles | INFO |   OK CEFTAROLINE FOSAMIL -> CCO/N=C(\C(=O)N[C@@H]1C(=O)N2C(C(=O)[O-]... (method=exact_pref_name_match, frags=1)
2026-07-23 21:32:23 | 02_resolve_smiles | INFO | [189/1211] Resolving: DOPAMINE HYDROCHLORIDE
2026-07-23 21:32:26 | 02_resolve_smiles | INFO |   DOPAMINE HYDROCHLORIDE: salt stripped (2 frags), removed: ['Cl']
2026-07-23 21:32:26 | 02_resolve_smiles | INFO |   OK DOPAMINE HYDROCHLORIDE -> NCCc1ccc(O)c(O)c1... (method=exact_pref_name_match, frags=2)
2026-07-23 21:32:26 | 02_resolve_smiles | INFO | [190/1211] Resolving: conivaptan hydrochloride
2026-07-23 21:32:29 | 02_resolve_smiles | INFO |   conivaptan hydrochloride: salt stripped (2 frags), removed: ['Cl']
2026-07-23 21:32:29 | 02_resolve_smiles | INFO |   OK conivaptan hydrochloride -> Cc1nc2c([nH]1)-c1ccccc1N(C(=O)c1ccc(NC(=... (method=exact_pref_name_match, frags=2)
2026-07-23 21:32:29 | 02_resolve_smiles | INFO | [191/1211] Resolving: SAMARIUM SM-153 LEXIDRONAM PENTASODIUM
2026-07-23 21:32:32 | 02_resolve_smiles | WARNING |   SAMARIUM SM-153 LEXIDRONAM PENTASODIUM: fallback to score-based selection -- verify manually if critical
2026-07-23 21:32:32 | 02_resolve_smiles | WARNING |   X SAMARIUM SM-153 LEXIDRONAM PENTASODIUM: no_structure -- No exact pref_name match; chose highest score (145.0) among 20 candidates | No canonical_smiles in ChEMBL response
2026-07-23 21:32:32 | 02_resolve_smiles | INFO | [192/1211] Resolving: CARFILZOMIB
2026-07-23 21:32:34 | 02_resolve_smiles | INFO |   OK CARFILZOMIB -> CC(C)C[C@H](NC(=O)[C@H](CCc1ccccc1)NC(=O... (method=exact_pref_name_match, frags=1)
2026-07-23 21:32:34 | 02_resolve_smiles | INFO | [193/1211] Resolving: ETELCALCETIDE HYDROCHLORIDE
2026-07-23 21:32:37 | 02_resolve_smiles | INFO |   ETELCALCETIDE HYDROCHLORIDE: salt stripped (2 frags), removed: ['Cl']
2026-07-23 21:32:37 | 02_resolve_smiles | INFO |   OK ETELCALCETIDE HYDROCHLORIDE -> CC(=O)N[C@H](CSSC[C@H](N)C(=O)O)C(=O)N[C... (method=exact_pref_name_match, frags=2)
2026-07-23 21:32:37 | 02_resolve_smiles | INFO | [194/1211] Resolving: FLORBETAPIR F-18
2026-07-23 21:32:39 | 02_resolve_smiles | WARNING |   FLORBETAPIR F-18: fallback to score-based selection -- verify manually if critical
2026-07-23 21:32:39 | 02_resolve_smiles | INFO |   OK FLORBETAPIR F-18 -> CNc1ccc(/C=C/c2ccc(OCCOCCOCC[18F])nc2)cc... (method=fallback_highest_score, frags=1)
2026-07-23 21:32:39 | 02_resolve_smiles | INFO | [195/1211] Resolving: CYCLOPHOSPHAMIDE ANHYDROUS
2026-07-23 21:32:42 | 02_resolve_smiles | INFO |   OK CYCLOPHOSPHAMIDE ANHYDROUS -> O=P1(N(CCCl)CCCl)NCCCO1... (method=exact_pref_name_match, frags=1)
2026-07-23 21:32:42 | 02_resolve_smiles | INFO | [196/1211] Resolving: VANCOMYCIN
2026-07-23 21:32:45 | 02_resolve_smiles | INFO |   OK VANCOMYCIN -> CN[C@H](CC(C)C)C(=O)N[C@H]1C(=O)N[C@@H](... (method=exact_pref_name_match, frags=1)
2026-07-23 21:32:45 | 02_resolve_smiles | INFO | [197/1211] Resolving: TIROFIBAN HYDROCHLORIDE
2026-07-23 21:32:48 | 02_resolve_smiles | INFO |   TIROFIBAN HYDROCHLORIDE: salt stripped (3 frags), removed: ['Cl', 'O']
2026-07-23 21:32:48 | 02_resolve_smiles | INFO |   OK TIROFIBAN HYDROCHLORIDE -> CCCCS(=O)(=O)N[C@@H](Cc1ccc(OCCCCC2CCNCC... (method=exact_pref_name_match, frags=3)
2026-07-23 21:32:48 | 02_resolve_smiles | INFO | [198/1211] Resolving: CANGRELOR
2026-07-23 21:32:50 | 02_resolve_smiles | INFO |   OK CANGRELOR -> CSCCNc1nc(SCCC(F)(F)F)nc2c1ncn2[C@@H]1O[... (method=exact_pref_name_match, frags=1)
2026-07-23 21:32:50 | 02_resolve_smiles | INFO | [199/1211] Resolving: FERRIC CARBOXYMALTOSE
2026-07-23 21:32:52 | 02_resolve_smiles | WARNING |   X FERRIC CARBOXYMALTOSE: no_structure --  | No canonical_smiles in ChEMBL response
2026-07-23 21:32:52 | 02_resolve_smiles | INFO | [200/1211] Resolving: TEMSIROLIMUS
2026-07-23 21:32:54 | 02_resolve_smiles | INFO |   OK TEMSIROLIMUS -> CO[C@H]1C[C@@H]2CC[C@@H](C)[C@@](O)(O2)C... (method=exact_pref_name_match, frags=1)
2026-07-23 21:32:54 | 02_resolve_smiles | INFO |   [Checkpoint saved at 200 compounds]
2026-07-23 21:32:54 | 02_resolve_smiles | INFO | [201/1211] Resolving: STREPTOZOCIN
2026-07-23 21:32:56 | 02_resolve_smiles | INFO |   OK STREPTOZOCIN -> CN(N=O)C(=O)N[C@@H](C=O)[C@@H](O)[C@H](O... (method=exact_pref_name_match, frags=1)
2026-07-23 21:32:56 | 02_resolve_smiles | INFO | [202/1211] Resolving: Remifentanil Hydrochloride
2026-07-23 21:32:59 | 02_resolve_smiles | INFO |   Remifentanil Hydrochloride: salt stripped (2 frags), removed: ['Cl']
2026-07-23 21:32:59 | 02_resolve_smiles | INFO |   OK Remifentanil Hydrochloride -> CCC(=O)N(c1ccccc1)C1(C(=O)OC)CCN(CCC(=O)... (method=exact_pref_name_match, frags=2)
2026-07-23 21:32:59 | 02_resolve_smiles | INFO | [203/1211] Resolving: LEVOLEUCOVORIN DISODIUM
2026-07-23 21:33:02 | 02_resolve_smiles | WARNING |   LEVOLEUCOVORIN DISODIUM: fallback to score-based selection -- verify manually if critical
2026-07-23 21:33:02 | 02_resolve_smiles | INFO |   OK LEVOLEUCOVORIN DISODIUM -> Nc1nc(=O)c2c([nH]1)NC[C@H](CNc1ccc(C(=O)... (method=fallback_highest_score, frags=1)
2026-07-23 21:33:02 | 02_resolve_smiles | INFO | [204/1211] Resolving: TECHNETIUM TC-99M PYROPHOSPHATE
2026-07-23 21:33:05 | 02_resolve_smiles | WARNING |   TECHNETIUM TC-99M PYROPHOSPHATE: fallback to score-based selection -- verify manually if critical
2026-07-23 21:33:05 | 02_resolve_smiles | WARNING |   X TECHNETIUM TC-99M PYROPHOSPHATE: no_structure -- No exact pref_name match; chose highest score (102.0) among 20 candidates | No canonical_smiles in ChEMBL response
2026-07-23 21:33:05 | 02_resolve_smiles | INFO | [205/1211] Resolving: INDIUM CHLORIDE IN-111
2026-07-23 21:33:08 | 02_resolve_smiles | WARNING |   INDIUM CHLORIDE IN-111: fallback to score-based selection -- verify manually if critical
2026-07-23 21:33:08 | 02_resolve_smiles | WARNING |   X INDIUM CHLORIDE IN-111: no_structure -- No exact pref_name match; chose highest score (79.0) among 20 candidates | No canonical_smiles in ChEMBL response
2026-07-23 21:33:08 | 02_resolve_smiles | INFO | [206/1211] Resolving: etoposide phosphate
2026-07-23 21:33:12 | 02_resolve_smiles | INFO |   OK etoposide phosphate -> COc1cc([C@@H]2c3cc4c(cc3[C@@H](O[C@@H]3O... (method=exact_pref_name_match, frags=1)
2026-07-23 21:33:12 | 02_resolve_smiles | INFO | [207/1211] Resolving: GALLIUM CITRATE GA-67
2026-07-23 21:33:14 | 02_resolve_smiles | WARNING |   GALLIUM CITRATE GA-67: fallback to score-based selection -- verify manually if critical
2026-07-23 21:33:14 | 02_resolve_smiles | WARNING |   X GALLIUM CITRATE GA-67: no_structure -- No exact pref_name match; chose highest score (111.0) among 20 candidates | No canonical_smiles in ChEMBL response
2026-07-23 21:33:14 | 02_resolve_smiles | INFO | [208/1211] Resolving: PAFOLACIANINE SODIUM
2026-07-23 21:33:17 | 02_resolve_smiles | INFO |   PAFOLACIANINE SODIUM: salt stripped (5 frags), removed: ['[Na+]', '[Na+]', '[Na+]', '[Na+]']
2026-07-23 21:33:17 | 02_resolve_smiles | INFO |   OK PAFOLACIANINE SODIUM -> CC1(C)C(/C=C/C2=C(Oc3ccc(C[C@H](NC(=O)c4... (method=exact_pref_name_match, frags=5)
2026-07-23 21:33:17 | 02_resolve_smiles | INFO | [209/1211] Resolving: trilaciclib dihydrochloride
2026-07-23 21:33:20 | 02_resolve_smiles | INFO |   trilaciclib dihydrochloride: salt stripped (3 frags), removed: ['Cl', 'Cl']
2026-07-23 21:33:20 | 02_resolve_smiles | INFO |   OK trilaciclib dihydrochloride -> CN1CCN(c2ccc(Nc3ncc4cc5n(c4n3)C3(CCCCC3)... (method=exact_pref_name_match, frags=3)
2026-07-23 21:33:20 | 02_resolve_smiles | INFO | [210/1211] Resolving: gadobenate dimeglumine
2026-07-23 21:33:23 | 02_resolve_smiles | WARNING |   X gadobenate dimeglumine: no_structure --  | No canonical_smiles in ChEMBL response
2026-07-23 21:33:23 | 02_resolve_smiles | INFO | [211/1211] Resolving: ioflupane I-123
2026-07-23 21:33:29 | 02_resolve_smiles | WARNING |   ioflupane I-123: fallback to score-based selection -- verify manually if critical
2026-07-23 21:33:29 | 02_resolve_smiles | INFO |   OK ioflupane I-123 -> COC(=O)[C@H]1[C@@H](c2ccc([123I])cc2)C[C... (method=fallback_highest_score, frags=1)
2026-07-23 21:33:29 | 02_resolve_smiles | INFO | [212/1211] Resolving: Tetrofosmin
2026-07-23 21:33:36 | 02_resolve_smiles | INFO |   OK Tetrofosmin -> CCOCCP(CCOCC)CCP(CCOCC)CCOCC... (method=exact_pref_name_match, frags=1)
2026-07-23 21:33:36 | 02_resolve_smiles | INFO | [213/1211] Resolving: TECHNETIUM TC-99M EXAMETAZIME
2026-07-23 21:33:39 | 02_resolve_smiles | WARNING |   TECHNETIUM TC-99M EXAMETAZIME: fallback to score-based selection -- verify manually if critical
2026-07-23 21:33:39 | 02_resolve_smiles | WARNING |   X TECHNETIUM TC-99M EXAMETAZIME: no_structure -- No exact pref_name match; chose highest score (113.0) among 20 candidates | No canonical_smiles in ChEMBL response
2026-07-23 21:33:39 | 02_resolve_smiles | INFO | [214/1211] Resolving: PENTOSTATIN
2026-07-23 21:33:41 | 02_resolve_smiles | INFO |   OK PENTOSTATIN -> OC[C@H]1O[C@@H](n2cnc3c2N=CNC[C@H]3O)C[C... (method=exact_pref_name_match, frags=1)
2026-07-23 21:33:41 | 02_resolve_smiles | INFO | [215/1211] Resolving: PIFLUFOLASTAT F-18
2026-07-23 21:33:44 | 02_resolve_smiles | WARNING |   PIFLUFOLASTAT F-18: fallback to score-based selection -- verify manually if critical
2026-07-23 21:33:44 | 02_resolve_smiles | INFO |   OK PIFLUFOLASTAT F-18 -> O=C(O)CC[C@H](NC(=O)N[C@@H](CCCCNC(=O)c1... (method=fallback_highest_score, frags=1)
2026-07-23 21:33:44 | 02_resolve_smiles | INFO | [216/1211] Resolving: Fluciclovine F-18
2026-07-23 21:33:47 | 02_resolve_smiles | WARNING |   Fluciclovine F-18: fallback to score-based selection -- verify manually if critical
2026-07-23 21:33:47 | 02_resolve_smiles | INFO |   OK Fluciclovine F-18 -> N[C@]1(C(=O)O)C[C@@H]([18F])C1... (method=fallback_highest_score, frags=1)
2026-07-23 21:33:47 | 02_resolve_smiles | INFO | [217/1211] Resolving: ACETAMINOPHEN
2026-07-23 21:33:50 | 02_resolve_smiles | INFO |   OK ACETAMINOPHEN -> CC(=O)Nc1ccc(O)cc1... (method=exact_pref_name_match, frags=1)
2026-07-23 21:33:50 | 02_resolve_smiles | INFO | [218/1211] Resolving: melphalan flufenamide hydrochloride
2026-07-23 21:33:53 | 02_resolve_smiles | INFO |   melphalan flufenamide hydrochloride: salt stripped (2 frags), removed: ['Cl']
2026-07-23 21:33:53 | 02_resolve_smiles | INFO |   OK melphalan flufenamide hydrochloride -> CCOC(=O)[C@H](Cc1ccc(F)cc1)NC(=O)[C@@H](... (method=exact_pref_name_match, frags=2)
2026-07-23 21:33:53 | 02_resolve_smiles | INFO | [219/1211] Resolving: DALBAVANCIN HYDROCHLORIDE
2026-07-23 21:33:56 | 02_resolve_smiles | INFO |   DALBAVANCIN HYDROCHLORIDE: salt stripped (2 frags), removed: ['Cl']
2026-07-23 21:33:56 | 02_resolve_smiles | INFO |   OK DALBAVANCIN HYDROCHLORIDE -> CN[C@H]1C(=O)N[C@@H]2Cc3ccc(cc3)Oc3cc4cc... (method=exact_pref_name_match, frags=2)
2026-07-23 21:33:56 | 02_resolve_smiles | INFO | [220/1211] Resolving: IOTHALAMATE SODIUM I-125
2026-07-23 21:34:00 | 02_resolve_smiles | WARNING |   IOTHALAMATE SODIUM I-125: fallback to score-based selection -- verify manually if critical
2026-07-23 21:34:00 | 02_resolve_smiles | INFO |   IOTHALAMATE SODIUM I-125: salt stripped (2 frags), removed: ['[Na+]']
2026-07-23 21:34:00 | 02_resolve_smiles | INFO |   OK IOTHALAMATE SODIUM I-125 -> CNC(=O)c1c(I)c(NC(C)=O)c([125I])c(C(=O)[... (method=fallback_highest_score, frags=2)
2026-07-23 21:34:00 | 02_resolve_smiles | INFO | [221/1211] Resolving: REGADENOSON
2026-07-23 21:34:02 | 02_resolve_smiles | INFO |   REGADENOSON: salt stripped (2 frags), removed: ['O']
2026-07-23 21:34:02 | 02_resolve_smiles | INFO |   OK REGADENOSON -> CNC(=O)c1cnn(-c2nc(N)c3ncn([C@@H]4O[C@H]... (method=exact_pref_name_match, frags=2)
2026-07-23 21:34:02 | 02_resolve_smiles | INFO | [222/1211] Resolving: LURBINECTEDIN
2026-07-23 21:34:04 | 02_resolve_smiles | INFO |   OK LURBINECTEDIN -> COc1ccc2[nH]c3c(c2c1)CCN[C@]31CS[C@@H]2c... (method=exact_pref_name_match, frags=1)
2026-07-23 21:34:04 | 02_resolve_smiles | INFO | [223/1211] Resolving: FLUORODOPA F-18
2026-07-23 21:34:07 | 02_resolve_smiles | WARNING |   FLUORODOPA F-18: fallback to score-based selection -- verify manually if critical
2026-07-23 21:34:07 | 02_resolve_smiles | INFO |   OK FLUORODOPA F-18 -> N[C@@H](Cc1cc(O)c(O)cc1[18F])C(=O)O... (method=fallback_highest_score, frags=1)
2026-07-23 21:34:07 | 02_resolve_smiles | INFO | [224/1211] Resolving: remimazolam besylate
2026-07-23 21:34:11 | 02_resolve_smiles | INFO |   remimazolam besylate: salt stripped (2 frags), removed: ['O=S(=O)(O)c1ccccc1']
2026-07-23 21:34:11 | 02_resolve_smiles | INFO |   OK remimazolam besylate -> COC(=O)CC[C@@H]1N=C(c2ccccn2)c2cc(Br)ccc... (method=exact_pref_name_match, frags=2)
2026-07-23 21:34:11 | 02_resolve_smiles | INFO | [225/1211] Resolving: PEMETREXED MONOHYDRATE
2026-07-23 21:34:14 | 02_resolve_smiles | INFO |   PEMETREXED MONOHYDRATE: salt stripped (2 frags), removed: ['O']
2026-07-23 21:34:14 | 02_resolve_smiles | INFO |   OK PEMETREXED MONOHYDRATE -> Nc1nc2[nH]cc(CCc3ccc(C(=O)N[C@@H](CCC(=O... (method=exact_pref_name_match, frags=2)
2026-07-23 21:34:14 | 02_resolve_smiles | INFO | [226/1211] Resolving: EPIRUBICIN HYDROCHLORIDE
2026-07-23 21:34:17 | 02_resolve_smiles | INFO |   EPIRUBICIN HYDROCHLORIDE: salt stripped (2 frags), removed: ['Cl']
2026-07-23 21:34:17 | 02_resolve_smiles | INFO |   OK EPIRUBICIN HYDROCHLORIDE -> COc1cccc2c1C(=O)c1c(O)c3c(c(O)c1C2=O)C[C... (method=exact_pref_name_match, frags=2)
2026-07-23 21:34:17 | 02_resolve_smiles | INFO | [227/1211] Resolving: SODIUM CITRATE
2026-07-23 21:34:20 | 02_resolve_smiles | INFO |   SODIUM CITRATE: salt stripped (4 frags), removed: ['[Na+]', '[Na+]', '[Na+]']
2026-07-23 21:34:20 | 02_resolve_smiles | INFO |   OK SODIUM CITRATE -> O=C([O-])CC(O)(CC(=O)[O-])C(=O)[O-]... (method=exact_pref_name_match, frags=4)
2026-07-23 21:34:20 | 02_resolve_smiles | INFO | [228/1211] Resolving: STANNOUS CHLORIDE
2026-07-23 21:34:24 | 02_resolve_smiles | WARNING |   X STANNOUS CHLORIDE: no_structure --  | No canonical_smiles in ChEMBL response
2026-07-23 21:34:24 | 02_resolve_smiles | INFO | [229/1211] Resolving: GADOBUTROL
2026-07-23 21:34:25 | 02_resolve_smiles | WARNING |   X GADOBUTROL: no_structure --  | No canonical_smiles in ChEMBL response
2026-07-23 21:34:25 | 02_resolve_smiles | INFO | [230/1211] Resolving: CLEVIDIPINE
2026-07-23 21:34:28 | 02_resolve_smiles | INFO |   OK CLEVIDIPINE -> CCCC(=O)OCOC(=O)C1=C(C)NC(C)=C(C(=O)OC)C... (method=exact_pref_name_match, frags=1)
2026-07-23 21:34:28 | 02_resolve_smiles | INFO | [231/1211] Resolving: Alfentanil Hydrochloride
2026-07-23 21:34:31 | 02_resolve_smiles | INFO |   Alfentanil Hydrochloride: salt stripped (2 frags), removed: ['Cl']
2026-07-23 21:34:31 | 02_resolve_smiles | INFO |   OK Alfentanil Hydrochloride -> CCC(=O)N(c1ccccc1)C1(COC)CCN(CCn2nnn(CC)... (method=exact_pref_name_match, frags=2)
2026-07-23 21:34:31 | 02_resolve_smiles | INFO | [232/1211] Resolving: DEXMEDETOMIDINE HYDROCHLORIDE
2026-07-23 21:34:34 | 02_resolve_smiles | INFO |   DEXMEDETOMIDINE HYDROCHLORIDE: salt stripped (2 frags), removed: ['Cl']
2026-07-23 21:34:34 | 02_resolve_smiles | INFO |   OK DEXMEDETOMIDINE HYDROCHLORIDE -> Cc1cccc([C@H](C)c2c[nH]cn2)c1C... (method=exact_pref_name_match, frags=2)
2026-07-23 21:34:34 | 02_resolve_smiles | INFO | [233/1211] Resolving: VERTEPORFIN
2026-07-23 21:34:36 | 02_resolve_smiles | WARNING |   X VERTEPORFIN: no_structure --  | No canonical_smiles in ChEMBL response
2026-07-23 21:34:36 | 02_resolve_smiles | INFO | [234/1211] Resolving: DIFELIKEFALIN ACETATE
2026-07-23 21:34:39 | 02_resolve_smiles | INFO |   DIFELIKEFALIN ACETATE: salt stripped (2 frags), removed: ['CC(=O)O']
2026-07-23 21:34:39 | 02_resolve_smiles | INFO |   OK DIFELIKEFALIN ACETATE -> CC(C)C[C@@H](NC(=O)[C@@H](Cc1ccccc1)NC(=... (method=exact_pref_name_match, frags=2)
2026-07-23 21:34:39 | 02_resolve_smiles | INFO | [235/1211] Resolving: POLIDOCANOL
2026-07-23 21:34:41 | 02_resolve_smiles | WARNING |   X POLIDOCANOL: no_structure --  | No canonical_smiles in ChEMBL response
2026-07-23 21:34:41 | 02_resolve_smiles | INFO | [236/1211] Resolving: telavancin hydrochloride
2026-07-23 21:34:44 | 02_resolve_smiles | INFO |   telavancin hydrochloride: salt stripped (2 frags), removed: ['Cl']
2026-07-23 21:34:44 | 02_resolve_smiles | INFO |   OK telavancin hydrochloride -> CCCCCCCCCCNCCN[C@@]1(C)C[C@H](O[C@H]2[C@... (method=exact_pref_name_match, frags=2)
2026-07-23 21:34:44 | 02_resolve_smiles | INFO | [237/1211] Resolving: LEVOTHYROXINE SODIUM ANHYDROUS
2026-07-23 21:34:46 | 02_resolve_smiles | WARNING |   LEVOTHYROXINE SODIUM ANHYDROUS: fallback to score-based selection -- verify manually if critical
2026-07-23 21:34:46 | 02_resolve_smiles | INFO |   LEVOTHYROXINE SODIUM ANHYDROUS: salt stripped (3 frags), removed: ['O', '[Na+]']
2026-07-23 21:34:46 | 02_resolve_smiles | INFO |   OK LEVOTHYROXINE SODIUM ANHYDROUS -> N[C@@H](Cc1cc(I)c(Oc2cc(I)c(O)c(I)c2)c(I... (method=fallback_highest_score, frags=3)
2026-07-23 21:34:46 | 02_resolve_smiles | INFO | [238/1211] Resolving: ATROPINE SULFATE
2026-07-23 21:34:50 | 02_resolve_smiles | INFO |   ATROPINE SULFATE: salt stripped (2 frags), removed: ['O=S(=O)(O)O']
2026-07-23 21:34:50 | 02_resolve_smiles | INFO |   OK ATROPINE SULFATE -> CN1[C@@H]2CC[C@H]1C[C@@H](OC(=O)C(CO)c1c... (method=exact_pref_name_match, frags=2)
2026-07-23 21:34:50 | 02_resolve_smiles | INFO | [239/1211] Resolving: golodirsen
2026-07-23 21:34:52 | 02_resolve_smiles | WARNING |   X golodirsen: no_structure --  | No canonical_smiles in ChEMBL response
2026-07-23 21:34:52 | 02_resolve_smiles | INFO | [240/1211] Resolving: ganciclovir sodium
2026-07-23 21:34:55 | 02_resolve_smiles | INFO |   ganciclovir sodium: salt stripped (2 frags), removed: ['[Na+]']
2026-07-23 21:34:55 | 02_resolve_smiles | INFO |   OK ganciclovir sodium -> Nc1nc([O-])c2ncn(COC(CO)CO)c2n1... (method=exact_pref_name_match, frags=2)
2026-07-23 21:34:55 | 02_resolve_smiles | INFO | [241/1211] Resolving: TROMETHAMINE
2026-07-23 21:34:58 | 02_resolve_smiles | INFO |   OK TROMETHAMINE -> NC(CO)(CO)CO... (method=exact_pref_name_match, frags=1)
2026-07-23 21:34:58 | 02_resolve_smiles | INFO | [242/1211] Resolving: gadoteridol
2026-07-23 21:34:59 | 02_resolve_smiles | WARNING |   X gadoteridol: no_structure --  | No canonical_smiles in ChEMBL response
2026-07-23 21:34:59 | 02_resolve_smiles | INFO | [243/1211] Resolving: PROPOFOL
2026-07-23 21:35:01 | 02_resolve_smiles | INFO |   OK PROPOFOL -> CC(C)c1cccc(C(C)C)c1O... (method=exact_pref_name_match, frags=1)
2026-07-23 21:35:01 | 02_resolve_smiles | INFO | [244/1211] Resolving: LEVOLEUCOVORIN CALCIUM PENTAHYDRATE
2026-07-23 21:35:03 | 02_resolve_smiles | WARNING |   LEVOLEUCOVORIN CALCIUM PENTAHYDRATE: fallback to score-based selection -- verify manually if critical
2026-07-23 21:35:03 | 02_resolve_smiles | INFO |   LEVOLEUCOVORIN CALCIUM PENTAHYDRATE: salt stripped (2 frags), removed: ['[Ca+2]']
2026-07-23 21:35:03 | 02_resolve_smiles | INFO |   OK LEVOLEUCOVORIN CALCIUM PENTAHYDRATE -> Nc1nc(=O)c2c([nH]1)NC[C@H](CNc1ccc(C(=O)... (method=fallback_highest_score, frags=2)
2026-07-23 21:35:03 | 02_resolve_smiles | INFO | [245/1211] Resolving: CASPOFUNGIN ACETATE
2026-07-23 21:35:08 | 02_resolve_smiles | INFO |   CASPOFUNGIN ACETATE: salt stripped (3 frags), removed: ['CC(=O)O', 'CC(=O)O']
2026-07-23 21:35:08 | 02_resolve_smiles | INFO |   OK CASPOFUNGIN ACETATE -> CC[C@H](C)C[C@H](C)CCCCCCCCC(=O)N[C@H]1C... (method=exact_pref_name_match, frags=3)
2026-07-23 21:35:08 | 02_resolve_smiles | INFO | [246/1211] Resolving: ESMOLOL HYDROCHLORIDE
2026-07-23 21:35:11 | 02_resolve_smiles | INFO |   ESMOLOL HYDROCHLORIDE: salt stripped (2 frags), removed: ['Cl']
2026-07-23 21:35:11 | 02_resolve_smiles | INFO |   OK ESMOLOL HYDROCHLORIDE -> COC(=O)CCc1ccc(OCC(O)CNC(C)C)cc1... (method=exact_pref_name_match, frags=2)
2026-07-23 21:35:11 | 02_resolve_smiles | INFO | [247/1211] Resolving: IFOSFAMIDE
2026-07-23 21:35:13 | 02_resolve_smiles | INFO |   OK IFOSFAMIDE -> O=P1(NCCCl)OCCCN1CCCl... (method=exact_pref_name_match, frags=1)
2026-07-23 21:35:13 | 02_resolve_smiles | INFO | [248/1211] Resolving: DAUNORUBICIN HYDROCHLORIDE
2026-07-23 21:35:16 | 02_resolve_smiles | INFO |   DAUNORUBICIN HYDROCHLORIDE: salt stripped (2 frags), removed: ['Cl']
2026-07-23 21:35:16 | 02_resolve_smiles | INFO |   OK DAUNORUBICIN HYDROCHLORIDE -> COc1cccc2c1C(=O)c1c(O)c3c(c(O)c1C2=O)C[C... (method=exact_pref_name_match, frags=2)
2026-07-23 21:35:16 | 02_resolve_smiles | INFO | [249/1211] Resolving: MITOXANTRONE HYDROCHLORIDE
2026-07-23 21:35:19 | 02_resolve_smiles | INFO |   MITOXANTRONE HYDROCHLORIDE: salt stripped (3 frags), removed: ['Cl', 'Cl']
2026-07-23 21:35:19 | 02_resolve_smiles | INFO |   OK MITOXANTRONE HYDROCHLORIDE -> O=C1c2c(O)ccc(O)c2C(=O)c2c(NCCNCCO)ccc(N... (method=exact_pref_name_match, frags=3)
2026-07-23 21:35:19 | 02_resolve_smiles | INFO | [250/1211] Resolving: CARMUSTINE
2026-07-23 21:35:21 | 02_resolve_smiles | INFO |   OK CARMUSTINE -> O=NN(CCCl)C(=O)NCCCl... (method=exact_pref_name_match, frags=1)
2026-07-23 21:35:21 | 02_resolve_smiles | INFO |   [Checkpoint saved at 250 compounds]
2026-07-23 21:35:21 | 02_resolve_smiles | INFO | [251/1211] Resolving: GEMCITABINE HYDROCHLORIDE
2026-07-23 21:35:25 | 02_resolve_smiles | INFO |   GEMCITABINE HYDROCHLORIDE: salt stripped (2 frags), removed: ['Cl']
2026-07-23 21:35:25 | 02_resolve_smiles | INFO |   OK GEMCITABINE HYDROCHLORIDE -> Nc1ccn([C@@H]2O[C@H](CO)[C@@H](O)C2(F)F)... (method=exact_pref_name_match, frags=2)
2026-07-23 21:35:25 | 02_resolve_smiles | INFO | [252/1211] Resolving: CAFFEINE CITRATE
2026-07-23 21:35:28 | 02_resolve_smiles | INFO |   CAFFEINE CITRATE: salt stripped (2 frags), removed: ['O=C(O)CC(O)(CC(=O)O)C(=O)O']
2026-07-23 21:35:28 | 02_resolve_smiles | INFO |   OK CAFFEINE CITRATE -> Cn1c(=O)c2c(ncn2C)n(C)c1=O... (method=exact_pref_name_match, frags=2)
2026-07-23 21:35:28 | 02_resolve_smiles | INFO | [253/1211] Resolving: BIVALIRUDIN
2026-07-23 21:35:30 | 02_resolve_smiles | WARNING |   X BIVALIRUDIN: no_structure --  | No canonical_smiles in ChEMBL response
2026-07-23 21:35:30 | 02_resolve_smiles | INFO | [254/1211] Resolving: VINCRISTINE SULFATE
2026-07-23 21:35:33 | 02_resolve_smiles | INFO |   VINCRISTINE SULFATE: salt stripped (2 frags), removed: ['O=S(=O)(O)O']
2026-07-23 21:35:33 | 02_resolve_smiles | INFO |   OK VINCRISTINE SULFATE -> CC[C@]1(O)C[C@H]2CN(CCc3c([nH]c4ccccc34)... (method=exact_pref_name_match, frags=2)
2026-07-23 21:35:33 | 02_resolve_smiles | INFO | [255/1211] Resolving: ARSENIC TRIOXIDE
2026-07-23 21:35:35 | 02_resolve_smiles | INFO |   OK ARSENIC TRIOXIDE -> O=[As][As+](=O)[O-]... (method=exact_pref_name_match, frags=1)
2026-07-23 21:35:35 | 02_resolve_smiles | INFO | [256/1211] Resolving: MICAFUNGIN
2026-07-23 21:35:37 | 02_resolve_smiles | INFO |   OK MICAFUNGIN -> CCCCCOc1ccc(-c2cc(-c3ccc(C(=O)N[C@H]4C[C... (method=exact_pref_name_match, frags=1)
2026-07-23 21:35:37 | 02_resolve_smiles | INFO | [257/1211] Resolving: cefoxitin sodium
2026-07-23 21:35:40 | 02_resolve_smiles | INFO |   cefoxitin sodium: salt stripped (2 frags), removed: ['[Na+]']
2026-07-23 21:35:40 | 02_resolve_smiles | INFO |   OK cefoxitin sodium -> CO[C@@]1(NC(=O)Cc2cccs2)C(=O)N2C(C(=O)[O... (method=exact_pref_name_match, frags=2)
2026-07-23 21:35:40 | 02_resolve_smiles | INFO | [258/1211] Resolving: SODIUM TETRADECYL SULFATE
2026-07-23 21:35:44 | 02_resolve_smiles | INFO |   SODIUM TETRADECYL SULFATE: salt stripped (2 frags), removed: ['[Na+]']
2026-07-23 21:35:44 | 02_resolve_smiles | INFO |   OK SODIUM TETRADECYL SULFATE -> CCCCC(CC)CCC(CC(C)C)OS(=O)(=O)[O-]... (method=exact_pref_name_match, frags=2)
2026-07-23 21:35:44 | 02_resolve_smiles | INFO | [259/1211] Resolving: paclitaxel
2026-07-23 21:35:48 | 02_resolve_smiles | INFO |   OK paclitaxel -> CC(=O)O[C@H]1C(=O)[C@@]2(C)[C@H]([C@H](O... (method=exact_pref_name_match, frags=1)
2026-07-23 21:35:48 | 02_resolve_smiles | INFO | [260/1211] Resolving: mesna
2026-07-23 21:35:50 | 02_resolve_smiles | INFO |   mesna: salt stripped (2 frags), removed: ['[Na+]']
2026-07-23 21:35:50 | 02_resolve_smiles | INFO |   OK mesna -> O=S(=O)([O-])CCS... (method=exact_pref_name_match, frags=2)
2026-07-23 21:35:50 | 02_resolve_smiles | INFO | [261/1211] Resolving: Eptifibatide
2026-07-23 21:35:52 | 02_resolve_smiles | INFO |   OK Eptifibatide -> N=C(N)NCCCC[C@@H]1NC(=O)CCSSC[C@@H](C(N)... (method=exact_pref_name_match, frags=1)
2026-07-23 21:35:52 | 02_resolve_smiles | INFO | [262/1211] Resolving: TETRAKIS(2-METHOXYISOBUTYLISOCYANIDE)COPPER(I) TETRAFLUOROBORATE
2026-07-23 21:35:58 | 02_resolve_smiles | WARNING |   TETRAKIS(2-METHOXYISOBUTYLISOCYANIDE)COPPER(I) TETRAFLUOROBORATE: fallback to score-based selection -- verify manually if critical
2026-07-23 21:35:58 | 02_resolve_smiles | WARNING |   X TETRAKIS(2-METHOXYISOBUTYLISOCYANIDE)COPPER(I) TETRAFLUOROBORATE: no_structure -- No exact pref_name match; chose highest score (33.0) among 20 candidates | No canonical_smiles in ChEMBL response
2026-07-23 21:35:58 | 02_resolve_smiles | INFO | [263/1211] Resolving: IBUPROFEN LYSINE
2026-07-23 21:36:00 | 02_resolve_smiles | INFO |   IBUPROFEN LYSINE: salt stripped (2 frags), removed: ['NCCCC[C@H](N)C(=O)O']
2026-07-23 21:36:00 | 02_resolve_smiles | INFO |   OK IBUPROFEN LYSINE -> CC(C)Cc1ccc(C(C)C(=O)O)cc1... (method=exact_pref_name_match, frags=2)
2026-07-23 21:36:00 | 02_resolve_smiles | INFO | [264/1211] Resolving: VINBLASTINE SULFATE
2026-07-23 21:36:04 | 02_resolve_smiles | INFO |   VINBLASTINE SULFATE: salt stripped (2 frags), removed: ['O=S(=O)(O)O']
2026-07-23 21:36:04 | 02_resolve_smiles | INFO |   OK VINBLASTINE SULFATE -> CC[C@]1(O)C[C@@H]2CN(CCc3c([nH]c4ccccc34... (method=exact_pref_name_match, frags=2)
2026-07-23 21:36:04 | 02_resolve_smiles | INFO | [265/1211] Resolving: INDIUM IN-111 OXYQUINOLINE
2026-07-23 21:36:07 | 02_resolve_smiles | WARNING |   INDIUM IN-111 OXYQUINOLINE: fallback to score-based selection -- verify manually if critical
2026-07-23 21:36:07 | 02_resolve_smiles | WARNING |   X INDIUM IN-111 OXYQUINOLINE: no_structure -- No exact pref_name match; chose highest score (102.0) among 20 candidates | No canonical_smiles in ChEMBL response
2026-07-23 21:36:07 | 02_resolve_smiles | INFO | [266/1211] Resolving: Esomeprazole Sodium
2026-07-23 21:36:13 | 02_resolve_smiles | INFO |   Esomeprazole Sodium: salt stripped (2 frags), removed: ['[Na+]']
2026-07-23 21:36:13 | 02_resolve_smiles | INFO |   OK Esomeprazole Sodium -> COc1ccc2[n-]c([S@@+]([O-])Cc3ncc(C)c(OC)... (method=exact_pref_name_match, frags=2)
2026-07-23 21:36:13 | 02_resolve_smiles | INFO | [267/1211] Resolving: gadoterate meglumine
2026-07-23 21:36:16 | 02_resolve_smiles | WARNING |   X gadoterate meglumine: no_structure --  | No canonical_smiles in ChEMBL response
2026-07-23 21:36:16 | 02_resolve_smiles | INFO | [268/1211] Resolving: Adenosine
2026-07-23 21:36:19 | 02_resolve_smiles | INFO |   OK Adenosine -> Nc1ncnc2c1ncn2[C@@H]1O[C@H](CO)[C@@H](O)... (method=exact_pref_name_match, frags=1)
2026-07-23 21:36:19 | 02_resolve_smiles | INFO | [269/1211] Resolving: NICARDIPINE HYDROCHLORIDE
2026-07-23 21:36:23 | 02_resolve_smiles | INFO |   NICARDIPINE HYDROCHLORIDE: salt stripped (2 frags), removed: ['Cl']
2026-07-23 21:36:23 | 02_resolve_smiles | INFO |   OK NICARDIPINE HYDROCHLORIDE -> COC(=O)C1=C(C)NC(C)=C(C(=O)OCCN(C)Cc2ccc... (method=exact_pref_name_match, frags=2)
2026-07-23 21:36:23 | 02_resolve_smiles | INFO | [270/1211] Resolving: DEXTRAN 40
2026-07-23 21:36:25 | 02_resolve_smiles | WARNING |   X DEXTRAN 40: no_structure --  | No canonical_smiles in ChEMBL response
2026-07-23 21:36:25 | 02_resolve_smiles | INFO | [271/1211] Resolving: AZITHROMYCIN MONOHYDRATE
2026-07-23 21:36:29 | 02_resolve_smiles | INFO |   AZITHROMYCIN MONOHYDRATE: salt stripped (2 frags), removed: ['O']
2026-07-23 21:36:29 | 02_resolve_smiles | INFO |   OK AZITHROMYCIN MONOHYDRATE -> CC[C@H]1OC(=O)[C@H](C)[C@@H](O[C@H]2C[C@... (method=exact_pref_name_match, frags=2)
2026-07-23 21:36:29 | 02_resolve_smiles | INFO | [272/1211] Resolving: CIDOFOVIR
2026-07-23 21:36:31 | 02_resolve_smiles | INFO |   CIDOFOVIR: salt stripped (3 frags), removed: ['O', 'O']
2026-07-23 21:36:31 | 02_resolve_smiles | INFO |   OK CIDOFOVIR -> Nc1ccn(C[C@@H](CO)OCP(=O)(O)O)c(=O)n1... (method=exact_pref_name_match, frags=3)
2026-07-23 21:36:31 | 02_resolve_smiles | INFO | [273/1211] Resolving: AMPICILLIN SODIUM
2026-07-23 21:36:34 | 02_resolve_smiles | INFO |   AMPICILLIN SODIUM: salt stripped (2 frags), removed: ['[Na+]']
2026-07-23 21:36:34 | 02_resolve_smiles | INFO |   OK AMPICILLIN SODIUM -> CC1(C)S[C@@H]2[C@H](NC(=O)[C@H](N)c3cccc... (method=exact_pref_name_match, frags=2)
2026-07-23 21:36:34 | 02_resolve_smiles | INFO | [274/1211] Resolving: MICAFUNGIN SODIUM
2026-07-23 21:36:37 | 02_resolve_smiles | INFO |   MICAFUNGIN SODIUM: salt stripped (2 frags), removed: ['[Na+]']
2026-07-23 21:36:37 | 02_resolve_smiles | INFO |   OK MICAFUNGIN SODIUM -> CCCCCOc1ccc(-c2cc(-c3ccc(C(=O)N[C@H]4C[C... (method=exact_pref_name_match, frags=2)
2026-07-23 21:36:37 | 02_resolve_smiles | INFO | [275/1211] Resolving: NOREPINEPHRINE BITARTRATE
2026-07-23 21:36:41 | 02_resolve_smiles | INFO |   NOREPINEPHRINE BITARTRATE: salt stripped (3 frags), removed: ['O=C(O)C(O)C(O)C(=O)O', 'O']
2026-07-23 21:36:41 | 02_resolve_smiles | INFO |   OK NOREPINEPHRINE BITARTRATE -> NC[C@H](O)c1ccc(O)c(O)c1... (method=exact_pref_name_match, frags=3)
2026-07-23 21:36:41 | 02_resolve_smiles | INFO | [276/1211] Resolving: CEFEPIME HYDROCHLORIDE
2026-07-23 21:36:44 | 02_resolve_smiles | INFO |   CEFEPIME HYDROCHLORIDE: salt stripped (4 frags), removed: ['Cl', 'O', '[Cl-]']
2026-07-23 21:36:44 | 02_resolve_smiles | INFO |   OK CEFEPIME HYDROCHLORIDE -> CO/N=C(\C(=O)N[C@@H]1C(=O)N2C(C(=O)O)=C(... (method=exact_pref_name_match, frags=4)
2026-07-23 21:36:44 | 02_resolve_smiles | INFO | [277/1211] Resolving: ROCURONIUM BROMIDE
2026-07-23 21:36:48 | 02_resolve_smiles | INFO |   ROCURONIUM BROMIDE: salt stripped (2 frags), removed: ['[Br-]']
2026-07-23 21:36:48 | 02_resolve_smiles | INFO |   OK ROCURONIUM BROMIDE -> C=CC[N+]1([C@H]2C[C@H]3[C@@H]4CC[C@H]5C[... (method=exact_pref_name_match, frags=2)
2026-07-23 21:36:48 | 02_resolve_smiles | INFO | [278/1211] Resolving: ENALAPRILAT
2026-07-23 21:36:51 | 02_resolve_smiles | INFO |   ENALAPRILAT: salt stripped (3 frags), removed: ['O', 'O']
2026-07-23 21:36:51 | 02_resolve_smiles | INFO |   OK ENALAPRILAT -> C[C@H](N[C@@H](CCc1ccccc1)C(=O)O)C(=O)N1... (method=exact_pref_name_match, frags=3)
2026-07-23 21:36:51 | 02_resolve_smiles | INFO | [279/1211] Resolving: Busulfan
2026-07-23 21:36:53 | 02_resolve_smiles | INFO |   OK Busulfan -> CS(=O)(=O)OCCCCOS(C)(=O)=O... (method=exact_pref_name_match, frags=1)
2026-07-23 21:36:53 | 02_resolve_smiles | INFO | [280/1211] Resolving: Calcitriol
2026-07-23 21:36:55 | 02_resolve_smiles | INFO |   OK Calcitriol -> C=C1/C(=C\C=C2/CCC[C@]3(C)[C@@H]([C@H](C... (method=exact_pref_name_match, frags=1)
2026-07-23 21:36:55 | 02_resolve_smiles | INFO | [281/1211] Resolving: MEROPENEM
2026-07-23 21:36:57 | 02_resolve_smiles | INFO |   OK MEROPENEM -> C[C@@H](O)[C@H]1C(=O)N2C(C(=O)O)=C(S[C@@... (method=exact_pref_name_match, frags=1)
2026-07-23 21:36:57 | 02_resolve_smiles | INFO | [282/1211] Resolving: Clindamycin Phosphate
2026-07-23 21:37:00 | 02_resolve_smiles | INFO |   OK Clindamycin Phosphate -> CCC[C@@H]1C[C@@H](C(=O)N[C@@H]([C@H]2O[C... (method=exact_pref_name_match, frags=1)
2026-07-23 21:37:00 | 02_resolve_smiles | INFO | [283/1211] Resolving: Sodium Nitroprusside
2026-07-23 21:37:03 | 02_resolve_smiles | WARNING |   X Sodium Nitroprusside: no_structure --  | No canonical_smiles in ChEMBL response
2026-07-23 21:37:03 | 02_resolve_smiles | INFO | [284/1211] Resolving: FOSAPREPITANT DIMEGLUMINE
2026-07-23 21:37:06 | 02_resolve_smiles | INFO |   FOSAPREPITANT DIMEGLUMINE: salt stripped (3 frags), removed: ['CNC[C@H](O)[C@@H](O)[C@H](O)[C@H](O)CO', 'CNC[C@H](O)[C@@H](O)[C@H](O)[C@H](O)CO']
2026-07-23 21:37:06 | 02_resolve_smiles | INFO |   OK FOSAPREPITANT DIMEGLUMINE -> C[C@@H](O[C@H]1OCCN(Cc2nn(P(=O)(O)O)c(=O... (method=exact_pref_name_match, frags=3)
2026-07-23 21:37:06 | 02_resolve_smiles | INFO | [285/1211] Resolving: ROMIDEPSIN
2026-07-23 21:37:08 | 02_resolve_smiles | INFO |   OK ROMIDEPSIN -> C/C=C1\NC(=O)[C@H]2CSSCC/C=C/[C@H](CC(=O... (method=exact_pref_name_match, frags=1)
2026-07-23 21:37:08 | 02_resolve_smiles | INFO | [286/1211] Resolving: FERUMOXYTOL NON-STOICHIOMETRIC MAGNETITE
2026-07-23 21:37:11 | 02_resolve_smiles | WARNING |   FERUMOXYTOL NON-STOICHIOMETRIC MAGNETITE: fallback to score-based selection -- verify manually if critical
2026-07-23 21:37:11 | 02_resolve_smiles | WARNING |   X FERUMOXYTOL NON-STOICHIOMETRIC MAGNETITE: no_structure -- No exact pref_name match; chose highest score (40.0) among 20 candidates | No canonical_smiles in ChEMBL response
2026-07-23 21:37:11 | 02_resolve_smiles | INFO | [287/1211] Resolving: Aminophylline Dihydrate
2026-07-23 21:37:14 | 02_resolve_smiles | WARNING |   Aminophylline Dihydrate: fallback to score-based selection -- verify manually if critical
2026-07-23 21:37:14 | 02_resolve_smiles | INFO |   Aminophylline Dihydrate: salt stripped (3 frags), removed: ['Cn1c(=O)c2[nH]cnc2n(C)c1=O', 'NCCN']
2026-07-23 21:37:14 | 02_resolve_smiles | INFO |   OK Aminophylline Dihydrate -> Cn1c(=O)c2[nH]cnc2n(C)c1=O... (method=fallback_highest_score, frags=3)
2026-07-23 21:37:14 | 02_resolve_smiles | INFO | [288/1211] Resolving: CARBOPLATIN
2026-07-23 21:37:16 | 02_resolve_smiles | WARNING |   X CARBOPLATIN: no_structure --  | No canonical_smiles in ChEMBL response
2026-07-23 21:37:16 | 02_resolve_smiles | INFO | [289/1211] Resolving: GEMCITABINE
2026-07-23 21:37:18 | 02_resolve_smiles | INFO |   OK GEMCITABINE -> Nc1ccn([C@@H]2O[C@H](CO)[C@@H](O)C2(F)F)... (method=exact_pref_name_match, frags=1)
2026-07-23 21:37:18 | 02_resolve_smiles | INFO | [290/1211] Resolving: AZATHIOPRINE SODIUM
2026-07-23 21:37:20 | 02_resolve_smiles | INFO |   AZATHIOPRINE SODIUM: salt stripped (2 frags), removed: ['[Na+]']
2026-07-23 21:37:20 | 02_resolve_smiles | INFO |   OK AZATHIOPRINE SODIUM -> Cn1cnc([N+](=O)[O-])c1Sc1ncnc2nc[n-]c12... (method=exact_pref_name_match, frags=2)
2026-07-23 21:37:20 | 02_resolve_smiles | INFO | [291/1211] Resolving: AMMONIA N-13
2026-07-23 21:37:24 | 02_resolve_smiles | WARNING |   AMMONIA N-13: fallback to score-based selection -- verify manually if critical
2026-07-23 21:37:24 | 02_resolve_smiles | INFO |   OK AMMONIA N-13 -> [13NH3]... (method=fallback_highest_score, frags=1)
2026-07-23 21:37:24 | 02_resolve_smiles | INFO | [292/1211] Resolving: Betiatide
2026-07-23 21:37:25 | 02_resolve_smiles | WARNING |   X Betiatide: no_structure --  | No canonical_smiles in ChEMBL response
2026-07-23 21:37:25 | 02_resolve_smiles | INFO | [293/1211] Resolving: CEFTAZIDIME
2026-07-23 21:37:28 | 02_resolve_smiles | INFO |   OK CEFTAZIDIME -> CC(C)(O/N=C(\C(=O)N[C@@H]1C(=O)N2C(C(=O)... (method=exact_pref_name_match, frags=1)
2026-07-23 21:37:28 | 02_resolve_smiles | INFO | [294/1211] Resolving: SODIUM FLUORIDE F-18
2026-07-23 21:37:33 | 02_resolve_smiles | WARNING |   SODIUM FLUORIDE F-18: fallback to score-based selection -- verify manually if critical
2026-07-23 21:37:33 | 02_resolve_smiles | INFO |   SODIUM FLUORIDE F-18: salt stripped (2 frags), removed: ['[Na+]']
2026-07-23 21:37:33 | 02_resolve_smiles | INFO |   OK SODIUM FLUORIDE F-18 -> [18F-]... (method=fallback_highest_score, frags=2)
2026-07-23 21:37:33 | 02_resolve_smiles | INFO | [295/1211] Resolving: Milrinone Lactate
2026-07-23 21:37:35 | 02_resolve_smiles | INFO |   Milrinone Lactate: salt stripped (2 frags), removed: ['CC(O)C(=O)O']
2026-07-23 21:37:35 | 02_resolve_smiles | INFO |   OK Milrinone Lactate -> Cc1[nH]c(=O)c(C#N)cc1-c1ccncc1... (method=exact_pref_name_match, frags=2)
2026-07-23 21:37:35 | 02_resolve_smiles | INFO | [296/1211] Resolving: NEOSTIGMINE METHYLSULFATE
2026-07-23 21:37:37 | 02_resolve_smiles | INFO |   NEOSTIGMINE METHYLSULFATE: salt stripped (2 frags), removed: ['COS(=O)(=O)[O-]']
2026-07-23 21:37:37 | 02_resolve_smiles | INFO |   OK NEOSTIGMINE METHYLSULFATE -> CN(C)C(=O)Oc1cccc([N+](C)(C)C)c1... (method=exact_pref_name_match, frags=2)
2026-07-23 21:37:37 | 02_resolve_smiles | INFO | [297/1211] Resolving: AMIODARONE HYDROCHLORIDE
2026-07-23 21:37:41 | 02_resolve_smiles | INFO |   AMIODARONE HYDROCHLORIDE: salt stripped (2 frags), removed: ['Cl']
2026-07-23 21:37:41 | 02_resolve_smiles | INFO |   OK AMIODARONE HYDROCHLORIDE -> CCCCc1oc2ccccc2c1C(=O)c1cc(I)c(OCCN(CC)C... (method=exact_pref_name_match, frags=2)
2026-07-23 21:37:41 | 02_resolve_smiles | INFO | [298/1211] Resolving: TECHNETIUM TC-99M SESTAMIBI
2026-07-23 21:37:44 | 02_resolve_smiles | WARNING |   TECHNETIUM TC-99M SESTAMIBI: fallback to score-based selection -- verify manually if critical
2026-07-23 21:37:44 | 02_resolve_smiles | WARNING |   X TECHNETIUM TC-99M SESTAMIBI: no_structure -- No exact pref_name match; chose highest score (116.0) among 20 candidates | No canonical_smiles in ChEMBL response
2026-07-23 21:37:44 | 02_resolve_smiles | INFO | [299/1211] Resolving: ACYCLOVIR SODIUM
2026-07-23 21:37:47 | 02_resolve_smiles | INFO |   ACYCLOVIR SODIUM: salt stripped (2 frags), removed: ['[Na+]']
2026-07-23 21:37:47 | 02_resolve_smiles | INFO |   OK ACYCLOVIR SODIUM -> Nc1nc([O-])c2ncn(COCCO)c2n1... (method=exact_pref_name_match, frags=2)
2026-07-23 21:37:47 | 02_resolve_smiles | INFO | [300/1211] Resolving: PAMIDRONATE DISODIUM
2026-07-23 21:37:50 | 02_resolve_smiles | INFO |   PAMIDRONATE DISODIUM: salt stripped (8 frags), removed: ['O', 'O', 'O', 'O', 'O', '[Na+]', '[Na+]']
2026-07-23 21:37:50 | 02_resolve_smiles | INFO |   OK PAMIDRONATE DISODIUM -> NCCC(O)(P(=O)([O-])O)P(=O)([O-])O... (method=exact_pref_name_match, frags=8)
2026-07-23 21:37:50 | 02_resolve_smiles | INFO |   [Checkpoint saved at 300 compounds]
2026-07-23 21:37:50 | 02_resolve_smiles | INFO | [301/1211] Resolving: CHLORAMPHENICOL SODIUM SUCCINATE
2026-07-23 21:37:53 | 02_resolve_smiles | INFO |   CHLORAMPHENICOL SODIUM SUCCINATE: salt stripped (2 frags), removed: ['[Na+]']
2026-07-23 21:37:53 | 02_resolve_smiles | INFO |   OK CHLORAMPHENICOL SODIUM SUCCINATE -> O=C([O-])CCC(=O)OC[C@@H](NC(=O)C(Cl)Cl)[... (method=exact_pref_name_match, frags=2)
2026-07-23 21:37:53 | 02_resolve_smiles | INFO | [302/1211] Resolving: ZINC CHLORIDE
2026-07-23 21:37:56 | 02_resolve_smiles | INFO |   ZINC CHLORIDE: salt stripped (3 frags), removed: ['[Cl-]', '[Zn+2]']
2026-07-23 21:37:56 | 02_resolve_smiles | INFO |   OK ZINC CHLORIDE -> [Cl-]... (method=exact_pref_name_match, frags=3)
2026-07-23 21:37:56 | 02_resolve_smiles | INFO | [303/1211] Resolving: Fomepizole
2026-07-23 21:37:58 | 02_resolve_smiles | INFO |   OK Fomepizole -> Cc1cn[nH]c1... (method=exact_pref_name_match, frags=1)
2026-07-23 21:37:58 | 02_resolve_smiles | INFO | [304/1211] Resolving: DOXORUBICIN HYDROCHLORIDE
2026-07-23 21:38:01 | 02_resolve_smiles | INFO |   DOXORUBICIN HYDROCHLORIDE: salt stripped (2 frags), removed: ['Cl']
2026-07-23 21:38:01 | 02_resolve_smiles | INFO |   OK DOXORUBICIN HYDROCHLORIDE -> COc1cccc2c1C(=O)c1c(O)c3c(c(O)c1C2=O)C[C... (method=exact_pref_name_match, frags=2)
2026-07-23 21:38:01 | 02_resolve_smiles | INFO | [305/1211] Resolving: CISATRACURIUM BESYLATE
2026-07-23 21:38:04 | 02_resolve_smiles | INFO |   CISATRACURIUM BESYLATE: salt stripped (3 frags), removed: ['O=S(=O)([O-])c1ccccc1', 'O=S(=O)([O-])c1ccccc1']
2026-07-23 21:38:04 | 02_resolve_smiles | INFO |   OK CISATRACURIUM BESYLATE -> COc1ccc(C[C@@H]2c3cc(OC)c(OC)cc3CC[N@+]2... (method=exact_pref_name_match, frags=3)
2026-07-23 21:38:04 | 02_resolve_smiles | INFO | [306/1211] Resolving: AMPHOTERICIN B
2026-07-23 21:38:08 | 02_resolve_smiles | INFO |   OK AMPHOTERICIN B -> C[C@@H]1[C@H](O)[C@@H](C)/C=C/C=C/C=C/C=... (method=exact_pref_name_match, frags=1)
2026-07-23 21:38:08 | 02_resolve_smiles | INFO | [307/1211] Resolving: TOPOTECAN
2026-07-23 21:38:11 | 02_resolve_smiles | INFO |   OK TOPOTECAN -> CC[C@@]1(O)C(=O)OCc2c1cc1n(c2=O)Cc2cc3c(... (method=exact_pref_name_match, frags=1)
2026-07-23 21:38:11 | 02_resolve_smiles | INFO | [308/1211] Resolving: DACARBAZINE
2026-07-23 21:38:20 | 02_resolve_smiles | INFO |   OK DACARBAZINE -> CN(C)/N=N/c1[nH]cnc1C(N)=O... (method=exact_pref_name_match, frags=1)
2026-07-23 21:38:20 | 02_resolve_smiles | INFO | [309/1211] Resolving: Levoleucovorin Calcium
2026-07-23 21:38:36 | 02_resolve_smiles | INFO |   Levoleucovorin Calcium: salt stripped (2 frags), removed: ['[Ca+2]']
2026-07-23 21:38:36 | 02_resolve_smiles | INFO |   OK Levoleucovorin Calcium -> Nc1nc(=O)c2c([nH]1)NC[C@H](CNc1ccc(C(=O)... (method=exact_pref_name_match, frags=2)
2026-07-23 21:38:36 | 02_resolve_smiles | INFO | [310/1211] Resolving: DECITABINE
2026-07-23 21:38:41 | 02_resolve_smiles | INFO |   OK DECITABINE -> Nc1ncn([C@H]2C[C@H](O)[C@@H](CO)O2)c(=O)... (method=exact_pref_name_match, frags=1)
2026-07-23 21:38:41 | 02_resolve_smiles | INFO | [311/1211] Resolving: TIGECYCLINE
2026-07-23 21:39:02 | 02_resolve_smiles | WARNING | Timeout on attempt 1/3: https://www.ebi.ac.uk/chembl/api/data/molecule/search
2026-07-23 21:39:14 | 02_resolve_smiles | INFO |   OK TIGECYCLINE -> CN(C)c1cc(NC(=O)CNC(C)(C)C)c(O)c2c1C[C@H... (method=exact_pref_name_match, frags=1)
2026-07-23 21:39:14 | 02_resolve_smiles | INFO | [312/1211] Resolving: ETOPOSIDE
2026-07-23 21:39:34 | 02_resolve_smiles | INFO |   OK ETOPOSIDE -> COc1cc([C@@H]2c3cc4c(cc3[C@@H](O[C@@H]3O... (method=exact_pref_name_match, frags=1)
2026-07-23 21:39:34 | 02_resolve_smiles | INFO | [313/1211] Resolving: DOCETAXEL ANHYDROUS
2026-07-23 21:39:43 | 02_resolve_smiles | INFO |   OK DOCETAXEL ANHYDROUS -> CC(=O)O[C@@]12CO[C@@H]1C[C@H](O)[C@@]1(C... (method=exact_pref_name_match, frags=1)
2026-07-23 21:39:43 | 02_resolve_smiles | INFO | [314/1211] Resolving: Dipyridamole
2026-07-23 21:39:50 | 02_resolve_smiles | INFO |   OK Dipyridamole -> OCCN(CCO)c1nc(N2CCCCC2)c2nc(N(CCO)CCO)nc... (method=exact_pref_name_match, frags=1)
2026-07-23 21:39:50 | 02_resolve_smiles | INFO | [315/1211] Resolving: TETRADECYL HYDROGEN SULFATE (ESTER)
2026-07-23 21:39:57 | 02_resolve_smiles | WARNING |   TETRADECYL HYDROGEN SULFATE (ESTER): fallback to score-based selection -- verify manually if critical
2026-07-23 21:39:57 | 02_resolve_smiles | INFO |   TETRADECYL HYDROGEN SULFATE (ESTER): salt stripped (2 frags), removed: ['[Na+]']
2026-07-23 21:39:57 | 02_resolve_smiles | INFO |   OK TETRADECYL HYDROGEN SULFATE (ESTER) -> CCCCC(CC)CCC(CC(C)C)OS(=O)(=O)[O-]... (method=fallback_highest_score, frags=2)
2026-07-23 21:39:57 | 02_resolve_smiles | INFO | [316/1211] Resolving: NELARABINE
2026-07-23 21:40:18 | 02_resolve_smiles | WARNING | Timeout on attempt 1/3: https://www.ebi.ac.uk/chembl/api/data/molecule/search
2026-07-23 21:40:20 | 02_resolve_smiles | INFO |   OK NELARABINE -> COc1nc(N)nc2c1ncn2[C@@H]1O[C@H](CO)[C@@H... (method=exact_pref_name_match, frags=1)
2026-07-23 21:40:20 | 02_resolve_smiles | INFO | [317/1211] Resolving: IDARUBICIN HYDROCHLORIDE
2026-07-23 21:40:23 | 02_resolve_smiles | INFO |   IDARUBICIN HYDROCHLORIDE: salt stripped (2 frags), removed: ['Cl']
2026-07-23 21:40:23 | 02_resolve_smiles | INFO |   OK IDARUBICIN HYDROCHLORIDE -> CC(=O)[C@]1(O)Cc2c(O)c3c(c(O)c2[C@@H](O[... (method=exact_pref_name_match, frags=2)
2026-07-23 21:40:23 | 02_resolve_smiles | INFO | [318/1211] Resolving: VALPROATE SODIUM
2026-07-23 21:40:38 | 02_resolve_smiles | INFO |   VALPROATE SODIUM: salt stripped (2 frags), removed: ['[Na+]']
2026-07-23 21:40:38 | 02_resolve_smiles | INFO |   OK VALPROATE SODIUM -> CCCC(CCC)C(=O)[O-]... (method=exact_pref_name_match, frags=2)
2026-07-23 21:40:38 | 02_resolve_smiles | INFO | [319/1211] Resolving: STRONTIUM CHLORIDE SR-89
2026-07-23 21:40:41 | 02_resolve_smiles | WARNING |   STRONTIUM CHLORIDE SR-89: fallback to score-based selection -- verify manually if critical
2026-07-23 21:40:41 | 02_resolve_smiles | INFO |   STRONTIUM CHLORIDE SR-89: salt stripped (3 frags), removed: ['[Cl-]', '[Cl-]']
2026-07-23 21:40:41 | 02_resolve_smiles | INFO |   OK STRONTIUM CHLORIDE SR-89 -> [89Sr+2]... (method=fallback_highest_score, frags=3)
2026-07-23 21:40:41 | 02_resolve_smiles | INFO | [320/1211] Resolving: EPOPROSTENOL SODIUM
2026-07-23 21:40:45 | 02_resolve_smiles | INFO |   EPOPROSTENOL SODIUM: salt stripped (2 frags), removed: ['[Na+]']
2026-07-23 21:40:45 | 02_resolve_smiles | INFO |   OK EPOPROSTENOL SODIUM -> CCCCC[C@H](O)/C=C/[C@@H]1[C@H]2C/C(=C/CC... (method=exact_pref_name_match, frags=2)
2026-07-23 21:40:45 | 02_resolve_smiles | INFO | [321/1211] Resolving: ACETAZOLAMIDE SODIUM
2026-07-23 21:40:48 | 02_resolve_smiles | INFO |   ACETAZOLAMIDE SODIUM: salt stripped (2 frags), removed: ['[Na+]']
2026-07-23 21:40:48 | 02_resolve_smiles | INFO |   OK ACETAZOLAMIDE SODIUM -> CC(=O)Nc1nnc(S([NH-])(=O)=O)s1... (method=exact_pref_name_match, frags=2)
2026-07-23 21:40:48 | 02_resolve_smiles | INFO | [322/1211] Resolving: ALLOPURINOL SODIUM
2026-07-23 21:40:51 | 02_resolve_smiles | INFO |   ALLOPURINOL SODIUM: salt stripped (2 frags), removed: ['[Na+]']
2026-07-23 21:40:51 | 02_resolve_smiles | INFO |   OK ALLOPURINOL SODIUM -> O=c1[n-]cnc2[nH]ncc12... (method=exact_pref_name_match, frags=2)
2026-07-23 21:40:51 | 02_resolve_smiles | INFO | [323/1211] Resolving: FLUMAZENIL
2026-07-23 21:40:53 | 02_resolve_smiles | INFO |   OK FLUMAZENIL -> CCOC(=O)c1ncn2c1CN(C)C(=O)c1cc(F)ccc1-2... (method=exact_pref_name_match, frags=1)
2026-07-23 21:40:53 | 02_resolve_smiles | INFO | [324/1211] Resolving: ATRACURIUM BESYLATE
2026-07-23 21:40:56 | 02_resolve_smiles | INFO |   ATRACURIUM BESYLATE: salt stripped (3 frags), removed: ['O=S(=O)([O-])c1ccccc1', 'O=S(=O)([O-])c1ccccc1']
2026-07-23 21:40:56 | 02_resolve_smiles | INFO |   OK ATRACURIUM BESYLATE -> COc1ccc(CC2c3cc(OC)c(OC)cc3CC[N+]2(C)CCC... (method=exact_pref_name_match, frags=3)
2026-07-23 21:40:56 | 02_resolve_smiles | INFO | [325/1211] Resolving: ERYTHROMYCIN LACTOBIONATE
2026-07-23 21:40:58 | 02_resolve_smiles | INFO |   ERYTHROMYCIN LACTOBIONATE: salt stripped (2 frags), removed: ['O=C(O)[C@H](O)[C@@H](O)[C@H](O[C@@H]1O[C@H](CO)[C@H](O)[C@H](O)[C@H]1O)[C@H](O)CO']
2026-07-23 21:40:58 | 02_resolve_smiles | INFO |   OK ERYTHROMYCIN LACTOBIONATE -> CC[C@H]1OC(=O)[C@H](C)[C@@H](O[C@H]2C[C@... (method=exact_pref_name_match, frags=2)
2026-07-23 21:40:58 | 02_resolve_smiles | INFO | [326/1211] Resolving: Granisetron Hydrochloride
2026-07-23 21:41:02 | 02_resolve_smiles | INFO |   Granisetron Hydrochloride: salt stripped (2 frags), removed: ['Cl']
2026-07-23 21:41:02 | 02_resolve_smiles | INFO |   OK Granisetron Hydrochloride -> CN1C2CCCC1CC(NC(=O)c1nn(C)c3ccccc13)C2... (method=exact_pref_name_match, frags=2)
2026-07-23 21:41:02 | 02_resolve_smiles | INFO | [327/1211] Resolving: vinorelbine tartrate
2026-07-23 21:41:04 | 02_resolve_smiles | INFO |   vinorelbine tartrate: salt stripped (3 frags), removed: ['O=C(O)C(O)C(O)C(=O)O', 'O=C(O)C(O)C(O)C(=O)O']
2026-07-23 21:41:04 | 02_resolve_smiles | INFO |   OK vinorelbine tartrate -> CCC1=C[C@@H]2CN(C1)Cc1c([nH]c3ccccc13)[C... (method=exact_pref_name_match, frags=3)
2026-07-23 21:41:04 | 02_resolve_smiles | INFO | [328/1211] Resolving: FLUDARABINE PHOSPHATE
2026-07-23 21:41:10 | 02_resolve_smiles | INFO |   OK FLUDARABINE PHOSPHATE -> Nc1nc(F)nc2c1ncn2[C@@H]1O[C@H](COP(=O)(O... (method=exact_pref_name_match, frags=1)
2026-07-23 21:41:10 | 02_resolve_smiles | INFO | [329/1211] Resolving: DACTINOMYCIN
2026-07-23 21:41:15 | 02_resolve_smiles | INFO |   OK DACTINOMYCIN -> Cc1c2oc3c(C)ccc(C(=O)N[C@@H]4C(=O)N[C@H]... (method=exact_pref_name_match, frags=1)
2026-07-23 21:41:15 | 02_resolve_smiles | INFO | [330/1211] Resolving: Fludeoxyglucose F-18
2026-07-23 21:41:18 | 02_resolve_smiles | WARNING |   Fludeoxyglucose F-18: fallback to score-based selection -- verify manually if critical
2026-07-23 21:41:18 | 02_resolve_smiles | INFO |   OK Fludeoxyglucose F-18 -> OC[C@H]1OC(O)[C@H]([18F])[C@@H](O)[C@@H]... (method=fallback_highest_score, frags=1)
2026-07-23 21:41:18 | 02_resolve_smiles | INFO | [331/1211] Resolving: DOBUTAMINE HYDROCHLORIDE
2026-07-23 21:41:21 | 02_resolve_smiles | INFO |   DOBUTAMINE HYDROCHLORIDE: salt stripped (2 frags), removed: ['Cl']
2026-07-23 21:41:21 | 02_resolve_smiles | INFO |   OK DOBUTAMINE HYDROCHLORIDE -> CC(CCc1ccc(O)cc1)NCCc1ccc(O)c(O)c1... (method=exact_pref_name_match, frags=2)
2026-07-23 21:41:21 | 02_resolve_smiles | INFO | [332/1211] Resolving: INDOMETHACIN SODIUM
2026-07-23 21:41:26 | 02_resolve_smiles | INFO |   INDOMETHACIN SODIUM: salt stripped (5 frags), removed: ['O', 'O', 'O', '[Na+]']
2026-07-23 21:41:26 | 02_resolve_smiles | INFO |   OK INDOMETHACIN SODIUM -> COc1ccc2c(c1)c(CC(=O)[O-])c(C)n2C(=O)c1c... (method=exact_pref_name_match, frags=5)
2026-07-23 21:41:26 | 02_resolve_smiles | INFO | [333/1211] Resolving: PROTAMINE SULFATE
2026-07-23 21:41:30 | 02_resolve_smiles | WARNING |   X PROTAMINE SULFATE: no_structure --  | No canonical_smiles in ChEMBL response
2026-07-23 21:41:30 | 02_resolve_smiles | INFO | [334/1211] Resolving: OXALIPLATIN
2026-07-23 21:41:34 | 02_resolve_smiles | WARNING |   X OXALIPLATIN: no_structure --  | No canonical_smiles in ChEMBL response
2026-07-23 21:41:34 | 02_resolve_smiles | INFO | [335/1211] Resolving: IRINOTECAN HYDROCHLORIDE
2026-07-23 21:41:38 | 02_resolve_smiles | INFO |   IRINOTECAN HYDROCHLORIDE: salt stripped (5 frags), removed: ['Cl', 'O', 'O', 'O']
2026-07-23 21:41:38 | 02_resolve_smiles | INFO |   OK IRINOTECAN HYDROCHLORIDE -> CCc1c2c(nc3ccc(OC(=O)N4CCC(N5CCCCC5)CC4)... (method=exact_pref_name_match, frags=5)
2026-07-23 21:41:38 | 02_resolve_smiles | INFO | [336/1211] Resolving: CEFTRIAXONE SODIUM
2026-07-23 21:41:42 | 02_resolve_smiles | INFO |   CEFTRIAXONE SODIUM: salt stripped (13 frags), removed: ['CO/N=C(\\C(=O)N[C@@H]1C(=O)N2C(C(=O)[O-])=C(CSc3nc(=O)c([O-])nn3C)CS[C@H]12)c1csc(N)n1', 'O', 'O', 'O', 'O', 'O', 'O', 'O', '[Na+]', '[Na+]', '[Na+]', '[Na+]']
2026-07-23 21:41:42 | 02_resolve_smiles | INFO |   OK CEFTRIAXONE SODIUM -> CO/N=C(\C(=O)N[C@@H]1C(=O)N2C(C(=O)[O-])... (method=exact_pref_name_match, frags=13)
2026-07-23 21:41:42 | 02_resolve_smiles | INFO | [337/1211] Resolving: Diatrizoate Sodium
2026-07-23 21:41:45 | 02_resolve_smiles | INFO |   Diatrizoate Sodium: salt stripped (2 frags), removed: ['[Na+]']
2026-07-23 21:41:45 | 02_resolve_smiles | INFO |   OK Diatrizoate Sodium -> CC(=O)Nc1c(I)c(NC(C)=O)c(I)c(C(=O)[O-])c... (method=exact_pref_name_match, frags=2)
2026-07-23 21:41:45 | 02_resolve_smiles | INFO | [338/1211] Resolving: Etesevimab
2026-07-23 21:41:46 | 02_resolve_smiles | WARNING |   X Etesevimab: no_structure --  | No canonical_smiles in ChEMBL response
2026-07-23 21:41:46 | 02_resolve_smiles | INFO | [339/1211] Resolving: trimetrexate glucuronate
2026-07-23 21:41:49 | 02_resolve_smiles | INFO |   trimetrexate glucuronate: salt stripped (2 frags), removed: ['O=C(O)[C@H]1O[C@H](O)[C@H](O)[C@@H](O)[C@@H]1O']
2026-07-23 21:41:49 | 02_resolve_smiles | INFO |   OK trimetrexate glucuronate -> COc1cc(NCc2ccc3nc(N)nc(N)c3c2C)cc(OC)c1O... (method=exact_pref_name_match, frags=2)
2026-07-23 21:41:49 | 02_resolve_smiles | INFO | [340/1211] Resolving: ferumoxides
2026-07-23 21:41:50 | 02_resolve_smiles | WARNING |   X ferumoxides: no_structure --  | No canonical_smiles in ChEMBL response
2026-07-23 21:41:50 | 02_resolve_smiles | INFO | [341/1211] Resolving: Bamlanivimab
2026-07-23 21:41:52 | 02_resolve_smiles | WARNING |   X Bamlanivimab: no_structure --  | No canonical_smiles in ChEMBL response
2026-07-23 21:41:52 | 02_resolve_smiles | INFO | [342/1211] Resolving: TECHNETIUM TC-99M SODIUM PERTECHNETATE
2026-07-23 21:41:54 | 02_resolve_smiles | WARNING |   TECHNETIUM TC-99M SODIUM PERTECHNETATE: fallback to score-based selection -- verify manually if critical
2026-07-23 21:41:54 | 02_resolve_smiles | WARNING |   X TECHNETIUM TC-99M SODIUM PERTECHNETATE: no_structure -- No exact pref_name match; chose highest score (104.0) among 20 candidates | No canonical_smiles in ChEMBL response
2026-07-23 21:41:54 | 02_resolve_smiles | INFO | [343/1211] Resolving: Temozolomide
2026-07-23 21:41:57 | 02_resolve_smiles | INFO |   OK Temozolomide -> Cn1nnc2c(C(N)=O)ncn2c1=O... (method=exact_pref_name_match, frags=1)
2026-07-23 21:41:57 | 02_resolve_smiles | INFO | [344/1211] Resolving: brivaracetam
2026-07-23 21:41:58 | 02_resolve_smiles | INFO |   OK brivaracetam -> CCC[C@@H]1CC(=O)N([C@@H](CC)C(N)=O)C1... (method=exact_pref_name_match, frags=1)
2026-07-23 21:41:58 | 02_resolve_smiles | INFO | [345/1211] Resolving: tedizolid phosphate
2026-07-23 21:42:01 | 02_resolve_smiles | INFO |   OK tedizolid phosphate -> Cn1nnc(-c2ccc(-c3ccc(N4C[C@H](COP(=O)(O)... (method=exact_pref_name_match, frags=1)
2026-07-23 21:42:01 | 02_resolve_smiles | INFO | [346/1211] Resolving: delafloxacin meglumine
2026-07-23 21:42:04 | 02_resolve_smiles | INFO |   delafloxacin meglumine: salt stripped (2 frags), removed: ['CNC[C@H](O)[C@@H](O)[C@H](O)[C@H](O)CO']
2026-07-23 21:42:04 | 02_resolve_smiles | INFO |   OK delafloxacin meglumine -> Nc1nc(-n2cc(C(=O)O)c(=O)c3cc(F)c(N4CC(O)... (method=exact_pref_name_match, frags=2)
2026-07-23 21:42:04 | 02_resolve_smiles | INFO | [347/1211] Resolving: POSACONAZOLE; posaconazole
2026-07-23 21:42:06 | 02_resolve_smiles | WARNING |   POSACONAZOLE; posaconazole: fallback to score-based selection -- verify manually if critical
2026-07-23 21:42:06 | 02_resolve_smiles | INFO |   OK POSACONAZOLE; posaconazole -> CC[C@@H]([C@H](C)O)n1ncn(-c2ccc(N3CCN(c4... (method=fallback_highest_score, frags=1)
2026-07-23 21:42:06 | 02_resolve_smiles | INFO | [348/1211] Resolving: SELEXIPAG
2026-07-23 21:42:08 | 02_resolve_smiles | INFO |   OK SELEXIPAG -> CC(C)N(CCCCOCC(=O)NS(C)(=O)=O)c1cnc(-c2c... (method=exact_pref_name_match, frags=1)
2026-07-23 21:42:08 | 02_resolve_smiles | INFO | [349/1211] Resolving: LACOSAMIDE
2026-07-23 21:42:09 | 02_resolve_smiles | INFO |   OK LACOSAMIDE -> COC[C@@H](NC(C)=O)C(=O)NCc1ccccc1... (method=exact_pref_name_match, frags=1)
2026-07-23 21:42:09 | 02_resolve_smiles | INFO | [350/1211] Resolving: LETERMOVIR
2026-07-23 21:42:11 | 02_resolve_smiles | INFO |   OK LETERMOVIR -> COc1cccc(N2CCN(C3=Nc4c(F)cccc4[C@H](CC(=... (method=exact_pref_name_match, frags=1)
2026-07-23 21:42:11 | 02_resolve_smiles | INFO |   [Checkpoint saved at 350 compounds]
2026-07-23 21:42:11 | 02_resolve_smiles | INFO | [351/1211] Resolving: omadacycline
2026-07-23 21:42:14 | 02_resolve_smiles | INFO |   OK omadacycline -> CN(C)c1cc(CNCC(C)(C)C)c(O)c2c1C[C@H]1C[C... (method=exact_pref_name_match, frags=1)
2026-07-23 21:42:14 | 02_resolve_smiles | INFO | [352/1211] Resolving: trovafloxacin mesylate
2026-07-23 21:42:17 | 02_resolve_smiles | INFO |   trovafloxacin mesylate: salt stripped (2 frags), removed: ['CS(=O)(=O)O']
2026-07-23 21:42:17 | 02_resolve_smiles | INFO |   OK trovafloxacin mesylate -> N[C@@H]1[C@H]2CN(c3nc4c(cc3F)c(=O)c(C(=O... (method=exact_pref_name_match, frags=2)
2026-07-23 21:42:17 | 02_resolve_smiles | INFO | [353/1211] Resolving: TECHNETIUM TC-99M SULFUR COLLOID
2026-07-23 21:42:20 | 02_resolve_smiles | WARNING |   TECHNETIUM TC-99M SULFUR COLLOID: fallback to score-based selection -- verify manually if critical
2026-07-23 21:42:20 | 02_resolve_smiles | WARNING |   X TECHNETIUM TC-99M SULFUR COLLOID: no_structure -- No exact pref_name match; chose highest score (140.0) among 20 candidates | No canonical_smiles in ChEMBL response
2026-07-23 21:42:20 | 02_resolve_smiles | INFO | [354/1211] Resolving: HEPARIN SODIUM
2026-07-23 21:42:23 | 02_resolve_smiles | WARNING |   X HEPARIN SODIUM: no_structure --  | No canonical_smiles in ChEMBL response
2026-07-23 21:42:23 | 02_resolve_smiles | INFO | [355/1211] Resolving: bortezomib
2026-07-23 21:42:25 | 02_resolve_smiles | INFO |   OK bortezomib -> CC(C)C[C@H](NC(=O)[C@H](Cc1ccccc1)NC(=O)... (method=exact_pref_name_match, frags=1)
2026-07-23 21:42:25 | 02_resolve_smiles | INFO | [356/1211] Resolving: AZACITIDINE
2026-07-23 21:42:26 | 02_resolve_smiles | INFO |   OK AZACITIDINE -> Nc1ncn([C@@H]2O[C@H](CO)[C@@H](O)[C@H]2O... (method=exact_pref_name_match, frags=1)
2026-07-23 21:42:26 | 02_resolve_smiles | INFO | [357/1211] Resolving: OCTREOTIDE ACETATE
2026-07-23 21:42:31 | 02_resolve_smiles | INFO |   OCTREOTIDE ACETATE: salt stripped (2 frags), removed: ['CC(=O)O']
2026-07-23 21:42:31 | 02_resolve_smiles | INFO |   OK OCTREOTIDE ACETATE -> C[C@@H](O)[C@@H]1NC(=O)[C@H](CCCCN)NC(=O... (method=exact_pref_name_match, frags=2)
2026-07-23 21:42:31 | 02_resolve_smiles | INFO | [358/1211] Resolving: Dimethyl Sulfoxide
2026-07-23 21:42:34 | 02_resolve_smiles | INFO |   OK Dimethyl Sulfoxide -> C[S+](C)[O-]... (method=exact_pref_name_match, frags=1)
2026-07-23 21:42:34 | 02_resolve_smiles | INFO | [359/1211] Resolving: HEXAMINOLEVULINATE HYDROCHLORIDE
2026-07-23 21:42:38 | 02_resolve_smiles | INFO |   HEXAMINOLEVULINATE HYDROCHLORIDE: salt stripped (2 frags), removed: ['Cl']
2026-07-23 21:42:38 | 02_resolve_smiles | INFO |   OK HEXAMINOLEVULINATE HYDROCHLORIDE -> CCCCCCOC(=O)CCC(=O)CN... (method=exact_pref_name_match, frags=2)
2026-07-23 21:42:38 | 02_resolve_smiles | INFO | [360/1211] Resolving: diatrizoate meglumine
2026-07-23 21:42:40 | 02_resolve_smiles | INFO |   diatrizoate meglumine: salt stripped (2 frags), removed: ['CNC[C@H](O)[C@@H](O)[C@H](O)[C@H](O)CO']
2026-07-23 21:42:40 | 02_resolve_smiles | INFO |   OK diatrizoate meglumine -> CC(=O)Nc1c(I)c(NC(C)=O)c(I)c(C(=O)O)c1I... (method=exact_pref_name_match, frags=2)
2026-07-23 21:42:40 | 02_resolve_smiles | INFO | [361/1211] Resolving: VALRUBICIN
2026-07-23 21:42:43 | 02_resolve_smiles | INFO |   OK VALRUBICIN -> CCCCC(=O)OCC(=O)[C@]1(O)Cc2c(O)c3c(c(O)c... (method=exact_pref_name_match, frags=1)
2026-07-23 21:42:43 | 02_resolve_smiles | INFO | [362/1211] Resolving: ISAVUCONAZONIUM SULFATE
2026-07-23 21:42:46 | 02_resolve_smiles | INFO |   ISAVUCONAZONIUM SULFATE: salt stripped (2 frags), removed: ['O=S(=O)([O-])O']
2026-07-23 21:42:46 | 02_resolve_smiles | INFO |   OK ISAVUCONAZONIUM SULFATE -> CNCC(=O)OCc1cccnc1N(C)C(=O)OC(C)[n+]1cnn... (method=exact_pref_name_match, frags=2)
2026-07-23 21:42:46 | 02_resolve_smiles | INFO | [363/1211] Resolving: TIPRANAVIR
2026-07-23 21:42:48 | 02_resolve_smiles | INFO |   OK TIPRANAVIR -> CCC[C@@]1(CCc2ccccc2)CC(O)=C([C@H](CC)c2... (method=exact_pref_name_match, frags=1)
2026-07-23 21:42:48 | 02_resolve_smiles | INFO | [364/1211] Resolving: METYRAPONE
2026-07-23 21:42:50 | 02_resolve_smiles | INFO |   OK METYRAPONE -> CC(C)(C(=O)c1cccnc1)c1cccnc1... (method=exact_pref_name_match, frags=1)
2026-07-23 21:42:50 | 02_resolve_smiles | INFO | [365/1211] Resolving: GLYCEROL PHENYLBUTYRATE
2026-07-23 21:42:55 | 02_resolve_smiles | INFO |   OK GLYCEROL PHENYLBUTYRATE -> O=C(CCCc1ccccc1)OCC(COC(=O)CCCc1ccccc1)O... (method=exact_pref_name_match, frags=1)
2026-07-23 21:42:55 | 02_resolve_smiles | INFO | [366/1211] Resolving: macitentan
2026-07-23 21:42:57 | 02_resolve_smiles | INFO |   OK macitentan -> CCCNS(=O)(=O)Nc1ncnc(OCCOc2ncc(Br)cn2)c1... (method=exact_pref_name_match, frags=1)
2026-07-23 21:42:57 | 02_resolve_smiles | INFO | [367/1211] Resolving: saxagliptin hydrochloride
2026-07-23 21:43:00 | 02_resolve_smiles | INFO |   saxagliptin hydrochloride: salt stripped (2 frags), removed: ['Cl']
2026-07-23 21:43:00 | 02_resolve_smiles | INFO |   OK saxagliptin hydrochloride -> N#C[C@@H]1C[C@@H]2C[C@@H]2N1C(=O)[C@@H](... (method=exact_pref_name_match, frags=2)
2026-07-23 21:43:00 | 02_resolve_smiles | INFO | [368/1211] Resolving: FIDAXOMICIN
2026-07-23 21:43:02 | 02_resolve_smiles | INFO |   OK FIDAXOMICIN -> CCc1c(Cl)c(O)c(Cl)c(O)c1C(=O)O[C@H]1[C@H... (method=exact_pref_name_match, frags=1)
2026-07-23 21:43:02 | 02_resolve_smiles | INFO | [369/1211] Resolving: PITOLISANT HYDROCHLORIDE
2026-07-23 21:43:06 | 02_resolve_smiles | INFO |   PITOLISANT HYDROCHLORIDE: salt stripped (2 frags), removed: ['Cl']
2026-07-23 21:43:06 | 02_resolve_smiles | INFO |   OK PITOLISANT HYDROCHLORIDE -> Clc1ccc(CCCOCCCN2CCCCC2)cc1... (method=exact_pref_name_match, frags=2)
2026-07-23 21:43:06 | 02_resolve_smiles | INFO | [370/1211] Resolving: SAFINAMIDE MESYLATE
2026-07-23 21:43:10 | 02_resolve_smiles | INFO |   SAFINAMIDE MESYLATE: salt stripped (2 frags), removed: ['CS(=O)(=O)O']
2026-07-23 21:43:10 | 02_resolve_smiles | INFO |   OK SAFINAMIDE MESYLATE -> C[C@H](NCc1ccc(OCc2cccc(F)c2)cc1)C(N)=O... (method=exact_pref_name_match, frags=2)
2026-07-23 21:43:10 | 02_resolve_smiles | INFO | [371/1211] Resolving: PEXIDARTINIB HYDROCHLORIDE
2026-07-23 21:43:14 | 02_resolve_smiles | INFO |   PEXIDARTINIB HYDROCHLORIDE: salt stripped (2 frags), removed: ['Cl']
2026-07-23 21:43:14 | 02_resolve_smiles | INFO |   OK PEXIDARTINIB HYDROCHLORIDE -> FC(F)(F)c1ccc(CNc2ccc(Cc3c[nH]c4ncc(Cl)c... (method=exact_pref_name_match, frags=2)
2026-07-23 21:43:14 | 02_resolve_smiles | INFO | [372/1211] Resolving: VANDETANIB
2026-07-23 21:43:16 | 02_resolve_smiles | INFO |   OK VANDETANIB -> COc1cc2/c(=N/c3ccc(Br)cc3F)nc[nH]c2cc1OC... (method=exact_pref_name_match, frags=1)
2026-07-23 21:43:16 | 02_resolve_smiles | INFO | [373/1211] Resolving: IDELALISIB
2026-07-23 21:43:18 | 02_resolve_smiles | INFO |   OK IDELALISIB -> CC[C@H](Nc1ncnc2[nH]cnc12)c1nc2cccc(F)c2... (method=exact_pref_name_match, frags=1)
2026-07-23 21:43:18 | 02_resolve_smiles | INFO | [374/1211] Resolving: BENZNIDAZOLE
2026-07-23 21:43:20 | 02_resolve_smiles | INFO |   OK BENZNIDAZOLE -> O=C(Cn1ccnc1[N+](=O)[O-])NCc1ccccc1... (method=exact_pref_name_match, frags=1)
2026-07-23 21:43:20 | 02_resolve_smiles | INFO | [375/1211] Resolving: OLSALAZINE SODIUM
2026-07-23 21:43:24 | 02_resolve_smiles | INFO |   OLSALAZINE SODIUM: salt stripped (3 frags), removed: ['[Na+]', '[Na+]']
2026-07-23 21:43:24 | 02_resolve_smiles | INFO |   OK OLSALAZINE SODIUM -> O=C([O-])c1cc(/N=N/c2ccc(O)c(C(=O)[O-])c... (method=exact_pref_name_match, frags=3)
2026-07-23 21:43:24 | 02_resolve_smiles | INFO | [376/1211] Resolving: OSILODROSTAT PHOSPHATE
2026-07-23 21:43:27 | 02_resolve_smiles | INFO |   OSILODROSTAT PHOSPHATE: salt stripped (2 frags), removed: ['O=P(O)(O)O']
2026-07-23 21:43:27 | 02_resolve_smiles | INFO |   OK OSILODROSTAT PHOSPHATE -> N#Cc1ccc([C@H]2CCc3cncn32)c(F)c1... (method=exact_pref_name_match, frags=2)
2026-07-23 21:43:27 | 02_resolve_smiles | INFO | [377/1211] Resolving: anhydrous tacrolimus
2026-07-23 21:43:30 | 02_resolve_smiles | WARNING |   anhydrous tacrolimus: fallback to score-based selection -- verify manually if critical
2026-07-23 21:43:30 | 02_resolve_smiles | INFO |   anhydrous tacrolimus: salt stripped (2 frags), removed: ['O']
2026-07-23 21:43:30 | 02_resolve_smiles | INFO |   OK anhydrous tacrolimus -> C=CC[C@@H]1/C=C(\C)C[C@H](C)C[C@H](OC)[C... (method=fallback_highest_score, frags=2)
2026-07-23 21:43:30 | 02_resolve_smiles | INFO | [378/1211] Resolving: OPICAPONE
2026-07-23 21:43:32 | 02_resolve_smiles | INFO |   OK OPICAPONE -> Cc1c(Cl)c(C)[n+]([O-])c(Cl)c1-c1noc(-c2c... (method=exact_pref_name_match, frags=1)
2026-07-23 21:43:32 | 02_resolve_smiles | INFO | [379/1211] Resolving: RIFAPENTINE
2026-07-23 21:43:34 | 02_resolve_smiles | INFO |   OK RIFAPENTINE -> CO[C@H]1/C=C/O[C@@]2(C)Oc3c(C)c(O)c4c(O)... (method=exact_pref_name_match, frags=1)
2026-07-23 21:43:34 | 02_resolve_smiles | INFO | [380/1211] Resolving: PROCARBAZINE HYDROCHLORIDE
2026-07-23 21:43:37 | 02_resolve_smiles | INFO |   PROCARBAZINE HYDROCHLORIDE: salt stripped (2 frags), removed: ['Cl']
2026-07-23 21:43:37 | 02_resolve_smiles | INFO |   OK PROCARBAZINE HYDROCHLORIDE -> CNNCc1ccc(C(=O)NC(C)C)cc1... (method=exact_pref_name_match, frags=2)
2026-07-23 21:43:37 | 02_resolve_smiles | INFO | [381/1211] Resolving: Amlodipine Benzoate
2026-07-23 21:43:40 | 02_resolve_smiles | INFO |   Amlodipine Benzoate: salt stripped (2 frags), removed: ['O=C(O)c1ccccc1']
2026-07-23 21:43:40 | 02_resolve_smiles | INFO |   OK Amlodipine Benzoate -> CCOC(=O)C1=C(COCCN)NC(C)=C(C(=O)OC)C1c1c... (method=exact_pref_name_match, frags=2)
2026-07-23 21:43:40 | 02_resolve_smiles | INFO | [382/1211] Resolving: GEMIFLOXACIN MESYLATE
2026-07-23 21:43:43 | 02_resolve_smiles | INFO |   GEMIFLOXACIN MESYLATE: salt stripped (2 frags), removed: ['CS(=O)(=O)O']
2026-07-23 21:43:43 | 02_resolve_smiles | INFO |   OK GEMIFLOXACIN MESYLATE -> CO/N=C1\CN(c2nc3c(cc2F)c(=O)c(C(=O)O)cn3... (method=exact_pref_name_match, frags=2)
2026-07-23 21:43:43 | 02_resolve_smiles | INFO | [383/1211] Resolving: LOMITAPIDE MESYLATE
2026-07-23 21:43:47 | 02_resolve_smiles | INFO |   LOMITAPIDE MESYLATE: salt stripped (2 frags), removed: ['CS(=O)(=O)O']
2026-07-23 21:43:47 | 02_resolve_smiles | INFO |   OK LOMITAPIDE MESYLATE -> O=C(NC1CCN(CCCCC2(C(=O)NCC(F)(F)F)c3cccc... (method=exact_pref_name_match, frags=2)
2026-07-23 21:43:47 | 02_resolve_smiles | INFO | [384/1211] Resolving: DAROLUTAMIDE
2026-07-23 21:43:48 | 02_resolve_smiles | INFO |   OK DAROLUTAMIDE -> CC(O)c1cc(C(=O)N[C@@H](C)Cn2ccc(-c3ccc(C... (method=exact_pref_name_match, frags=1)
2026-07-23 21:43:48 | 02_resolve_smiles | INFO | [385/1211] Resolving: OLAPARIB
2026-07-23 21:43:51 | 02_resolve_smiles | INFO |   OK OLAPARIB -> O=C(c1cc(Cc2n[nH]c(=O)c3ccccc23)ccc1F)N1... (method=exact_pref_name_match, frags=1)
2026-07-23 21:43:51 | 02_resolve_smiles | INFO | [386/1211] Resolving: Urea C-14
2026-07-23 21:44:09 | 02_resolve_smiles | WARNING |   Urea C-14: fallback to score-based selection -- verify manually if critical
2026-07-23 21:44:09 | 02_resolve_smiles | INFO |   OK Urea C-14 -> N[14C](N)=O... (method=fallback_highest_score, frags=1)
2026-07-23 21:44:09 | 02_resolve_smiles | INFO | [387/1211] Resolving: UREA C-13
2026-07-23 21:44:12 | 02_resolve_smiles | WARNING |   UREA C-13: fallback to score-based selection -- verify manually if critical
2026-07-23 21:44:12 | 02_resolve_smiles | INFO |   OK UREA C-13 -> NC(N)=O... (method=fallback_highest_score, frags=1)
2026-07-23 21:44:12 | 02_resolve_smiles | INFO | [388/1211] Resolving: SONIDEGIB PHOSPHATE
2026-07-23 21:44:15 | 02_resolve_smiles | INFO |   SONIDEGIB PHOSPHATE: salt stripped (3 frags), removed: ['O=P(O)(O)O', 'O=P(O)(O)O']
2026-07-23 21:44:15 | 02_resolve_smiles | INFO |   OK SONIDEGIB PHOSPHATE -> Cc1c(C(=O)Nc2ccc(N3C[C@@H](C)O[C@@H](C)C... (method=exact_pref_name_match, frags=3)
2026-07-23 21:44:15 | 02_resolve_smiles | INFO | [389/1211] Resolving: Tepotinib Hydrochloride
2026-07-23 21:44:18 | 02_resolve_smiles | INFO |   Tepotinib Hydrochloride: salt stripped (3 frags), removed: ['Cl', 'O']
2026-07-23 21:44:18 | 02_resolve_smiles | INFO |   OK Tepotinib Hydrochloride -> CN1CCC(COc2cnc(-c3cccc(Cn4nc(-c5cccc(C#N... (method=exact_pref_name_match, frags=3)
2026-07-23 21:44:18 | 02_resolve_smiles | INFO | [390/1211] Resolving: DICHLORPHENAMIDE
2026-07-23 21:44:20 | 02_resolve_smiles | INFO |   OK DICHLORPHENAMIDE -> NS(=O)(=O)c1cc(Cl)c(Cl)c(S(N)(=O)=O)c1... (method=exact_pref_name_match, frags=1)
2026-07-23 21:44:20 | 02_resolve_smiles | INFO | [391/1211] Resolving: ILOPERIDONE
2026-07-23 21:44:21 | 02_resolve_smiles | INFO |   OK ILOPERIDONE -> COc1cc(C(C)=O)ccc1OCCCN1CCC(c2noc3cc(F)c... (method=exact_pref_name_match, frags=1)
2026-07-23 21:44:21 | 02_resolve_smiles | INFO | [392/1211] Resolving: ANAGRELIDE HYDROCHLORIDE ANHYDROUS
2026-07-23 21:44:24 | 02_resolve_smiles | WARNING |   ANAGRELIDE HYDROCHLORIDE ANHYDROUS: fallback to score-based selection -- verify manually if critical
2026-07-23 21:44:24 | 02_resolve_smiles | INFO |   ANAGRELIDE HYDROCHLORIDE ANHYDROUS: salt stripped (2 frags), removed: ['Cl']
2026-07-23 21:44:24 | 02_resolve_smiles | INFO |   OK ANAGRELIDE HYDROCHLORIDE ANHYDROUS -> O=C1CN2Cc3c(ccc(Cl)c3Cl)N=C2N1... (method=fallback_highest_score, frags=2)
2026-07-23 21:44:24 | 02_resolve_smiles | INFO | [393/1211] Resolving: maralixibat chloride
2026-07-23 21:44:27 | 02_resolve_smiles | INFO |   maralixibat chloride: salt stripped (2 frags), removed: ['[Cl-]']
2026-07-23 21:44:27 | 02_resolve_smiles | INFO |   OK maralixibat chloride -> CCCCC1(CCCC)CS(=O)(=O)c2ccc(N(C)C)cc2[C@... (method=exact_pref_name_match, frags=2)
2026-07-23 21:44:27 | 02_resolve_smiles | INFO | [394/1211] Resolving: LOFEXIDINE HYDROCHLORIDE
2026-07-23 21:44:30 | 02_resolve_smiles | INFO |   LOFEXIDINE HYDROCHLORIDE: salt stripped (2 frags), removed: ['Cl']
2026-07-23 21:44:30 | 02_resolve_smiles | INFO |   OK LOFEXIDINE HYDROCHLORIDE -> CC(Oc1c(Cl)cccc1Cl)C1=NCCN1... (method=exact_pref_name_match, frags=2)
2026-07-23 21:44:30 | 02_resolve_smiles | INFO | [395/1211] Resolving: naldemedine tosylate
2026-07-23 21:44:33 | 02_resolve_smiles | INFO |   naldemedine tosylate: salt stripped (2 frags), removed: ['Cc1ccc(S(=O)(=O)O)cc1']
2026-07-23 21:44:33 | 02_resolve_smiles | INFO |   OK naldemedine tosylate -> CC(C)(NC(=O)C1=C(O)[C@@H]2Oc3c(O)ccc4c3[... (method=exact_pref_name_match, frags=2)
2026-07-23 21:44:33 | 02_resolve_smiles | INFO | [396/1211] Resolving: APREMILAST
2026-07-23 21:44:34 | 02_resolve_smiles | INFO |   OK APREMILAST -> CCOc1cc([C@@H](CS(C)(=O)=O)N2C(=O)c3cccc... (method=exact_pref_name_match, frags=1)
2026-07-23 21:44:34 | 02_resolve_smiles | INFO | [397/1211] Resolving: SAQUINAVIR MESYLATE
2026-07-23 21:44:37 | 02_resolve_smiles | INFO |   SAQUINAVIR MESYLATE: salt stripped (2 frags), removed: ['CS(=O)(=O)O']
2026-07-23 21:44:37 | 02_resolve_smiles | INFO |   OK SAQUINAVIR MESYLATE -> CC(C)(C)NC(=O)[C@@H]1C[C@@H]2CCCC[C@@H]2... (method=exact_pref_name_match, frags=2)
2026-07-23 21:44:37 | 02_resolve_smiles | INFO | [398/1211] Resolving: FEDRATINIB HYDROCHLORIDE
2026-07-23 21:44:40 | 02_resolve_smiles | INFO |   FEDRATINIB HYDROCHLORIDE: salt stripped (4 frags), removed: ['Cl', 'Cl', 'O']
2026-07-23 21:44:40 | 02_resolve_smiles | INFO |   OK FEDRATINIB HYDROCHLORIDE -> Cc1cnc(Nc2ccc(OCCN3CCCC3)cc2)nc1Nc1cccc(... (method=exact_pref_name_match, frags=4)
2026-07-23 21:44:40 | 02_resolve_smiles | INFO | [399/1211] Resolving: ENASIDENIB MESYLATE
2026-07-23 21:44:42 | 02_resolve_smiles | INFO |   ENASIDENIB MESYLATE: salt stripped (2 frags), removed: ['CS(=O)(=O)O']
2026-07-23 21:44:42 | 02_resolve_smiles | INFO |   OK ENASIDENIB MESYLATE -> CC(C)(O)CNc1nc(Nc2ccnc(C(F)(F)F)c2)nc(-c... (method=exact_pref_name_match, frags=2)
2026-07-23 21:44:42 | 02_resolve_smiles | INFO | [400/1211] Resolving: VILAZODONE HYDROCHLORIDE
2026-07-23 21:44:45 | 02_resolve_smiles | INFO |   VILAZODONE HYDROCHLORIDE: salt stripped (2 frags), removed: ['Cl']
2026-07-23 21:44:45 | 02_resolve_smiles | INFO |   OK VILAZODONE HYDROCHLORIDE -> N#Cc1ccc2[nH]cc(CCCCN3CCN(c4ccc5oc(C(N)=... (method=exact_pref_name_match, frags=2)
2026-07-23 21:44:45 | 02_resolve_smiles | INFO |   [Checkpoint saved at 400 compounds]
2026-07-23 21:44:45 | 02_resolve_smiles | INFO | [401/1211] Resolving: adefovir dipivoxil
2026-07-23 21:44:48 | 02_resolve_smiles | INFO |   OK adefovir dipivoxil -> CC(C)(C)C(=O)OCOP(=O)(COCCn1cnc2c(N)ncnc... (method=exact_pref_name_match, frags=1)
2026-07-23 21:44:48 | 02_resolve_smiles | INFO | [402/1211] Resolving: DOLASETRON MESYLATE
2026-07-23 21:44:50 | 02_resolve_smiles | INFO |   DOLASETRON MESYLATE: salt stripped (3 frags), removed: ['CS(=O)(=O)O', 'O']
2026-07-23 21:44:50 | 02_resolve_smiles | INFO |   OK DOLASETRON MESYLATE -> O=C(O[C@@H]1C[C@@H]2C[C@H]3C[C@H](C1)N2C... (method=exact_pref_name_match, frags=3)
2026-07-23 21:44:50 | 02_resolve_smiles | INFO | [403/1211] Resolving: CAPMATINIB
2026-07-23 21:44:52 | 02_resolve_smiles | INFO |   OK CAPMATINIB -> CNC(=O)c1ccc(-c2cnc3ncc(Cc4ccc5ncccc5c4)... (method=exact_pref_name_match, frags=1)
2026-07-23 21:44:52 | 02_resolve_smiles | INFO | [404/1211] Resolving: SITAGLIPTIN PHOSPHATE
2026-07-23 21:44:54 | 02_resolve_smiles | INFO |   SITAGLIPTIN PHOSPHATE: salt stripped (3 frags), removed: ['O=P(O)(O)O', 'O']
2026-07-23 21:44:54 | 02_resolve_smiles | INFO |   OK SITAGLIPTIN PHOSPHATE -> N[C@@H](CC(=O)N1CCn2c(nnc2C(F)(F)F)C1)Cc... (method=exact_pref_name_match, frags=3)
2026-07-23 21:44:54 | 02_resolve_smiles | INFO | [405/1211] Resolving: IVABRADINE HYDROCHLORIDE
2026-07-23 21:44:57 | 02_resolve_smiles | INFO |   IVABRADINE HYDROCHLORIDE: salt stripped (2 frags), removed: ['Cl']
2026-07-23 21:44:57 | 02_resolve_smiles | INFO |   OK IVABRADINE HYDROCHLORIDE -> COc1cc2c(cc1OC)CC(=O)N(CCCN(C)C[C@H]1Cc3... (method=exact_pref_name_match, frags=2)
2026-07-23 21:44:57 | 02_resolve_smiles | INFO | [406/1211] Resolving: FERRIC FERROCYANIDE
2026-07-23 21:44:59 | 02_resolve_smiles | WARNING |   FERRIC FERROCYANIDE: fallback to score-based selection -- verify manually if critical
2026-07-23 21:44:59 | 02_resolve_smiles | WARNING |   X FERRIC FERROCYANIDE: no_structure -- No exact pref_name match; chose highest score (36.0) among 20 candidates | No canonical_smiles in ChEMBL response
2026-07-23 21:44:59 | 02_resolve_smiles | INFO | [407/1211] Resolving: FOSTAMATINIB
2026-07-23 21:45:01 | 02_resolve_smiles | INFO |   OK FOSTAMATINIB -> COc1cc(Nc2ncc(F)c(Nc3ccc4c(n3)N(COP(=O)(... (method=exact_pref_name_match, frags=1)
2026-07-23 21:45:01 | 02_resolve_smiles | INFO | [408/1211] Resolving: NITAZOXANIDE
2026-07-23 21:45:03 | 02_resolve_smiles | INFO |   OK NITAZOXANIDE -> CC(=O)Oc1ccccc1C(=O)Nc1ncc([N+](=O)[O-])... (method=exact_pref_name_match, frags=1)
2026-07-23 21:45:03 | 02_resolve_smiles | INFO | [409/1211] Resolving: LISDEXAMFETAMINE DIMESYLATE
2026-07-23 21:45:05 | 02_resolve_smiles | INFO |   LISDEXAMFETAMINE DIMESYLATE: salt stripped (3 frags), removed: ['CS(=O)(=O)O', 'CS(=O)(=O)O']
2026-07-23 21:45:05 | 02_resolve_smiles | INFO |   OK LISDEXAMFETAMINE DIMESYLATE -> C[C@@H](Cc1ccccc1)NC(=O)[C@@H](N)CCCCN... (method=exact_pref_name_match, frags=3)
2026-07-23 21:45:05 | 02_resolve_smiles | INFO | [410/1211] Resolving: TASIMELTEON
2026-07-23 21:45:07 | 02_resolve_smiles | INFO |   OK TASIMELTEON -> CCC(=O)NC[C@@H]1C[C@H]1c1cccc2c1CCO2... (method=exact_pref_name_match, frags=1)
2026-07-23 21:45:07 | 02_resolve_smiles | INFO | [411/1211] Resolving: DABIGATRAN ETEXILATE MESYLATE
2026-07-23 21:45:11 | 02_resolve_smiles | INFO |   DABIGATRAN ETEXILATE MESYLATE: salt stripped (2 frags), removed: ['CS(=O)(=O)O']
2026-07-23 21:45:11 | 02_resolve_smiles | INFO |   OK DABIGATRAN ETEXILATE MESYLATE -> CCCCCCOC(=O)NC(=N)c1ccc(NCc2nc3cc(C(=O)N... (method=exact_pref_name_match, frags=2)
2026-07-23 21:45:11 | 02_resolve_smiles | INFO | [412/1211] Resolving: TECOVIRIMAT MONOHYDRATE
2026-07-23 21:45:13 | 02_resolve_smiles | INFO |   TECOVIRIMAT MONOHYDRATE: salt stripped (2 frags), removed: ['O']
2026-07-23 21:45:13 | 02_resolve_smiles | INFO |   OK TECOVIRIMAT MONOHYDRATE -> O=C(NN1C(=O)[C@@H]2[C@@H]3C=C[C@@H]([C@H... (method=exact_pref_name_match, frags=2)
2026-07-23 21:45:13 | 02_resolve_smiles | INFO | [413/1211] Resolving: GEFITINIB
2026-07-23 21:45:15 | 02_resolve_smiles | INFO |   OK GEFITINIB -> COc1cc2ncnc(Nc3ccc(F)c(Cl)c3)c2cc1OCCCN1... (method=exact_pref_name_match, frags=1)
2026-07-23 21:45:15 | 02_resolve_smiles | INFO | [414/1211] Resolving: Octreotide
2026-07-23 21:45:17 | 02_resolve_smiles | INFO |   OK Octreotide -> C[C@@H](O)[C@@H]1NC(=O)[C@H](CCCCN)NC(=O... (method=exact_pref_name_match, frags=1)
2026-07-23 21:45:17 | 02_resolve_smiles | INFO | [415/1211] Resolving: Amifampridine
2026-07-23 21:45:19 | 02_resolve_smiles | INFO |   OK Amifampridine -> Nc1ccncc1N... (method=exact_pref_name_match, frags=1)
2026-07-23 21:45:19 | 02_resolve_smiles | INFO | [416/1211] Resolving: RIOCIGUAT
2026-07-23 21:45:20 | 02_resolve_smiles | INFO |   OK RIOCIGUAT -> COC(=O)N(C)c1c(N)nc(-c2nn(Cc3ccccc3F)c3n... (method=exact_pref_name_match, frags=1)
2026-07-23 21:45:20 | 02_resolve_smiles | INFO | [417/1211] Resolving: SIPONIMOD
2026-07-23 21:45:22 | 02_resolve_smiles | INFO |   OK SIPONIMOD -> CCc1cc(/C(C)=N/OCc2ccc(C3CCCCC3)c(C(F)(F... (method=exact_pref_name_match, frags=1)
2026-07-23 21:45:22 | 02_resolve_smiles | INFO | [418/1211] Resolving: MILNACIPRAN HYDROCHLORIDE; milnacipran hydrochloride
2026-07-23 21:45:35 | 02_resolve_smiles | WARNING |   MILNACIPRAN HYDROCHLORIDE; milnacipran hydrochloride: fallback to score-based selection -- verify manually if critical
2026-07-23 21:45:35 | 02_resolve_smiles | INFO |   MILNACIPRAN HYDROCHLORIDE; milnacipran hydrochloride: salt stripped (2 frags), removed: ['Cl']
2026-07-23 21:45:35 | 02_resolve_smiles | INFO |   OK MILNACIPRAN HYDROCHLORIDE; milnacipran hydrochloride -> CCN(CC)C(=O)C1(c2ccccc2)CC1CN... (method=fallback_highest_score, frags=2)
2026-07-23 21:45:35 | 02_resolve_smiles | INFO | [419/1211] Resolving: SAPROPTERIN DIHYDROCHLORIDE
2026-07-23 21:45:39 | 02_resolve_smiles | INFO |   SAPROPTERIN DIHYDROCHLORIDE: salt stripped (3 frags), removed: ['Cl', 'Cl']
2026-07-23 21:45:39 | 02_resolve_smiles | INFO |   OK SAPROPTERIN DIHYDROCHLORIDE -> C[C@H](O)[C@H](O)[C@H]1CNc2[nH]c(N)nc(=O... (method=exact_pref_name_match, frags=3)
2026-07-23 21:45:39 | 02_resolve_smiles | INFO | [420/1211] Resolving: LORCASERIN HYDROCHLORIDE HEMIHYDRATE
2026-07-23 21:45:52 | 02_resolve_smiles | WARNING |   LORCASERIN HYDROCHLORIDE HEMIHYDRATE: fallback to score-based selection -- verify manually if critical
2026-07-23 21:45:52 | 02_resolve_smiles | INFO |   LORCASERIN HYDROCHLORIDE HEMIHYDRATE: salt stripped (2 frags), removed: ['Cl']
2026-07-23 21:45:52 | 02_resolve_smiles | INFO |   OK LORCASERIN HYDROCHLORIDE HEMIHYDRATE -> C[C@H]1CNCCc2ccc(Cl)cc21... (method=fallback_highest_score, frags=2)
2026-07-23 21:45:52 | 02_resolve_smiles | INFO | [421/1211] Resolving: dasatinib
2026-07-23 21:45:54 | 02_resolve_smiles | INFO |   dasatinib: salt stripped (2 frags), removed: ['O']
2026-07-23 21:45:54 | 02_resolve_smiles | INFO |   OK dasatinib -> Cc1nc(Nc2ncc(C(=O)Nc3c(C)cccc3Cl)s2)cc(N... (method=exact_pref_name_match, frags=2)
2026-07-23 21:45:54 | 02_resolve_smiles | INFO | [422/1211] Resolving: SECNIDAZOLE
2026-07-23 21:45:55 | 02_resolve_smiles | INFO |   OK SECNIDAZOLE -> Cc1ncc([N+](=O)[O-])n1CC(C)O... (method=exact_pref_name_match, frags=1)
2026-07-23 21:45:55 | 02_resolve_smiles | INFO | [423/1211] Resolving: Aspirin
2026-07-23 21:45:58 | 02_resolve_smiles | INFO |   OK Aspirin -> CC(=O)Oc1ccccc1C(=O)O... (method=exact_pref_name_match, frags=1)
2026-07-23 21:45:58 | 02_resolve_smiles | INFO | [424/1211] Resolving: Stiripentol
2026-07-23 21:45:59 | 02_resolve_smiles | INFO |   OK Stiripentol -> CC(C)(C)C(O)/C=C/c1ccc2c(c1)OCO2... (method=exact_pref_name_match, frags=1)
2026-07-23 21:45:59 | 02_resolve_smiles | INFO | [425/1211] Resolving: TETRAFERRIC TRICITRATE DECAHYDRATE
2026-07-23 21:46:01 | 02_resolve_smiles | WARNING |   TETRAFERRIC TRICITRATE DECAHYDRATE: fallback to score-based selection -- verify manually if critical
2026-07-23 21:46:01 | 02_resolve_smiles | INFO |   TETRAFERRIC TRICITRATE DECAHYDRATE: salt stripped (5 frags), removed: ['O=C([O-])CC(O)(CC(=O)O)C(=O)O', 'O=C([O-])CC(O)(CC(=O)O)C(=O)O', '[K+]', '[Na+]']
2026-07-23 21:46:01 | 02_resolve_smiles | INFO |   OK TETRAFERRIC TRICITRATE DECAHYDRATE -> O=C(O)CC(O)(CC(=O)O)C(=O)O... (method=fallback_highest_score, frags=5)
2026-07-23 21:46:01 | 02_resolve_smiles | INFO | [426/1211] Resolving: LEVOTHYROXINE
2026-07-23 21:46:03 | 02_resolve_smiles | INFO |   OK LEVOTHYROXINE -> N[C@@H](Cc1cc(I)c(Oc2cc(I)c(O)c(I)c2)c(I... (method=exact_pref_name_match, frags=1)
2026-07-23 21:46:03 | 02_resolve_smiles | INFO | [427/1211] Resolving: ivosidenib
2026-07-23 21:46:04 | 02_resolve_smiles | INFO |   OK ivosidenib -> N#Cc1ccnc(N2C(=O)CC[C@H]2C(=O)N(c2cncc(F... (method=exact_pref_name_match, frags=1)
2026-07-23 21:46:04 | 02_resolve_smiles | INFO | [428/1211] Resolving: CROFELEMER
2026-07-23 21:46:06 | 02_resolve_smiles | WARNING |   X CROFELEMER: no_structure --  | No canonical_smiles in ChEMBL response
2026-07-23 21:46:06 | 02_resolve_smiles | INFO | [429/1211] Resolving: MARIBAVIR
2026-07-23 21:46:08 | 02_resolve_smiles | INFO |   OK MARIBAVIR -> CC(C)Nc1nc2cc(Cl)c(Cl)cc2n1[C@H]1O[C@@H]... (method=exact_pref_name_match, frags=1)
2026-07-23 21:46:08 | 02_resolve_smiles | INFO | [430/1211] Resolving: ALECTINIB HYDROCHLORIDE
2026-07-23 21:46:11 | 02_resolve_smiles | INFO |   ALECTINIB HYDROCHLORIDE: salt stripped (2 frags), removed: ['Cl']
2026-07-23 21:46:11 | 02_resolve_smiles | INFO |   OK ALECTINIB HYDROCHLORIDE -> CCc1cc2c(cc1N1CCC(N3CCOCC3)CC1)C(C)(C)c1... (method=exact_pref_name_match, frags=2)
2026-07-23 21:46:11 | 02_resolve_smiles | INFO | [431/1211] Resolving: CENOBAMATE
2026-07-23 21:46:13 | 02_resolve_smiles | INFO |   OK CENOBAMATE -> NC(=O)O[C@@H](Cn1ncnn1)c1ccccc1Cl... (method=exact_pref_name_match, frags=1)
2026-07-23 21:46:13 | 02_resolve_smiles | INFO | [432/1211] Resolving: CEVIMELINE HYDROCHLORIDE
2026-07-23 21:46:16 | 02_resolve_smiles | INFO |   CEVIMELINE HYDROCHLORIDE: salt stripped (3 frags), removed: ['Cl', 'O']
2026-07-23 21:46:16 | 02_resolve_smiles | INFO |   OK CEVIMELINE HYDROCHLORIDE -> CC1OC2(CS1)CN1CCC2CC1... (method=exact_pref_name_match, frags=3)
2026-07-23 21:46:16 | 02_resolve_smiles | INFO | [433/1211] Resolving: RELUGOLIX
2026-07-23 21:46:18 | 02_resolve_smiles | INFO |   OK RELUGOLIX -> CONC(=O)Nc1ccc(-c2sc3c(c2CN(C)C)c(=O)n(-... (method=exact_pref_name_match, frags=1)
2026-07-23 21:46:18 | 02_resolve_smiles | INFO | [434/1211] Resolving: CALCIFEDIOL
2026-07-23 21:46:20 | 02_resolve_smiles | INFO |   CALCIFEDIOL: salt stripped (2 frags), removed: ['O']
2026-07-23 21:46:20 | 02_resolve_smiles | INFO |   OK CALCIFEDIOL -> C=C1CC[C@H](O)C/C1=C/C=C1\CCC[C@]2(C)[C@... (method=exact_pref_name_match, frags=2)
2026-07-23 21:46:20 | 02_resolve_smiles | INFO | [435/1211] Resolving: DEUTETRABENAZINE
2026-07-23 21:46:21 | 02_resolve_smiles | INFO |   OK DEUTETRABENAZINE -> [2H]C([2H])([2H])Oc1cc2c(cc1OC([2H])([2H... (method=exact_pref_name_match, frags=1)
2026-07-23 21:46:21 | 02_resolve_smiles | INFO | [436/1211] Resolving: Bedaquiline Fumarate
2026-07-23 21:46:24 | 02_resolve_smiles | INFO |   Bedaquiline Fumarate: salt stripped (2 frags), removed: ['O=C(O)/C=C/C(=O)O']
2026-07-23 21:46:24 | 02_resolve_smiles | INFO |   OK Bedaquiline Fumarate -> COc1nc2ccc(Br)cc2cc1[C@@H](c1ccccc1)[C@@... (method=exact_pref_name_match, frags=2)
2026-07-23 21:46:24 | 02_resolve_smiles | INFO | [437/1211] Resolving: LORLATINIB
2026-07-23 21:46:26 | 02_resolve_smiles | INFO |   OK LORLATINIB -> C[C@H]1Oc2cc(cnc2N)-c2c(nn(C)c2C#N)CN(C)... (method=exact_pref_name_match, frags=1)
2026-07-23 21:46:26 | 02_resolve_smiles | INFO | [438/1211] Resolving: VILOXAZINE HYDROCHLORIDE
2026-07-23 21:46:29 | 02_resolve_smiles | INFO |   VILOXAZINE HYDROCHLORIDE: salt stripped (2 frags), removed: ['Cl']
2026-07-23 21:46:29 | 02_resolve_smiles | INFO |   OK VILOXAZINE HYDROCHLORIDE -> CCOc1ccccc1OCC1CNCCO1... (method=exact_pref_name_match, frags=2)
2026-07-23 21:46:29 | 02_resolve_smiles | INFO | [439/1211] Resolving: ETHIONAMIDE
2026-07-23 21:46:31 | 02_resolve_smiles | INFO |   OK ETHIONAMIDE -> CCc1cc(C(N)=S)ccn1... (method=exact_pref_name_match, frags=1)
2026-07-23 21:46:31 | 02_resolve_smiles | INFO | [440/1211] Resolving: AVACOPAN
2026-07-23 21:46:33 | 02_resolve_smiles | INFO |   OK AVACOPAN -> Cc1ccc(NC(=O)[C@H]2CCCN(C(=O)c3c(C)cccc3... (method=exact_pref_name_match, frags=1)
2026-07-23 21:46:33 | 02_resolve_smiles | INFO | [441/1211] Resolving: TOFACITINIB CITRATE
2026-07-23 21:46:35 | 02_resolve_smiles | INFO |   TOFACITINIB CITRATE: salt stripped (2 frags), removed: ['O=C(O)CC(O)(CC(=O)O)C(=O)O']
2026-07-23 21:46:35 | 02_resolve_smiles | INFO |   OK TOFACITINIB CITRATE -> C[C@@H]1CCN(C(=O)CC#N)C[C@@H]1N(C)c1ncnc... (method=exact_pref_name_match, frags=2)
2026-07-23 21:46:35 | 02_resolve_smiles | INFO | [442/1211] Resolving: MOXIDECTIN
2026-07-23 21:46:37 | 02_resolve_smiles | INFO |   OK MOXIDECTIN -> CO/N=C1\C[C@]2(C[C@@H]3C[C@@H](C/C=C(\C)... (method=exact_pref_name_match, frags=1)
2026-07-23 21:46:37 | 02_resolve_smiles | INFO | [443/1211] Resolving: DESVENLAFAXINE
2026-07-23 21:46:39 | 02_resolve_smiles | INFO |   OK DESVENLAFAXINE -> CN(C)CC(c1ccc(O)cc1)C1(O)CCCCC1... (method=exact_pref_name_match, frags=1)
2026-07-23 21:46:39 | 02_resolve_smiles | INFO | [444/1211] Resolving: pimavanserin tartrate
2026-07-23 21:46:41 | 02_resolve_smiles | INFO |   pimavanserin tartrate: salt stripped (3 frags), removed: ['CC(C)COc1ccc(CNC(=O)N(Cc2ccc(F)cc2)C2CCN(C)CC2)cc1', 'O=C(O)C(O)C(O)C(=O)O']
2026-07-23 21:46:41 | 02_resolve_smiles | INFO |   OK pimavanserin tartrate -> CC(C)COc1ccc(CNC(=O)N(Cc2ccc(F)cc2)C2CCN... (method=exact_pref_name_match, frags=3)
2026-07-23 21:46:41 | 02_resolve_smiles | INFO | [445/1211] Resolving: Venetoclax
2026-07-23 21:46:43 | 02_resolve_smiles | INFO |   OK Venetoclax -> CC1(C)CCC(CN2CCN(c3ccc(C(=O)NS(=O)(=O)c4... (method=exact_pref_name_match, frags=1)
2026-07-23 21:46:43 | 02_resolve_smiles | INFO | [446/1211] Resolving: DROSPIRENONE
2026-07-23 21:46:45 | 02_resolve_smiles | INFO |   OK DROSPIRENONE -> C[C@]12CCC(=O)C=C1[C@@H]1C[C@@H]1[C@H]1[... (method=exact_pref_name_match, frags=1)
2026-07-23 21:46:45 | 02_resolve_smiles | INFO | [447/1211] Resolving: MIRABEGRON
2026-07-23 21:46:46 | 02_resolve_smiles | INFO |   OK MIRABEGRON -> Nc1nc(CC(=O)Nc2ccc(CCNC[C@H](O)c3ccccc3)... (method=exact_pref_name_match, frags=1)
2026-07-23 21:46:46 | 02_resolve_smiles | INFO | [448/1211] Resolving: ERTUGLIFLOZIN PIDOLATE
2026-07-23 21:46:48 | 02_resolve_smiles | INFO |   ERTUGLIFLOZIN PIDOLATE: salt stripped (2 frags), removed: ['O=C1CC[C@@H](C(=O)O)N1']
2026-07-23 21:46:48 | 02_resolve_smiles | INFO |   OK ERTUGLIFLOZIN PIDOLATE -> CCOc1ccc(Cc2cc([C@]34OC[C@](CO)(O3)[C@@H... (method=exact_pref_name_match, frags=2)
2026-07-23 21:46:48 | 02_resolve_smiles | INFO | [449/1211] Resolving: galantamine hydrobromide
2026-07-23 21:46:52 | 02_resolve_smiles | INFO |   galantamine hydrobromide: salt stripped (2 frags), removed: ['Br']
2026-07-23 21:46:52 | 02_resolve_smiles | INFO |   OK galantamine hydrobromide -> COc1ccc2c3c1O[C@H]1C[C@@H](O)C=C[C@@]31C... (method=exact_pref_name_match, frags=2)
2026-07-23 21:46:52 | 02_resolve_smiles | INFO | [450/1211] Resolving: OXAPROZIN
2026-07-23 21:46:53 | 02_resolve_smiles | INFO |   OK OXAPROZIN -> O=C(O)CCc1nc(-c2ccccc2)c(-c2ccccc2)o1... (method=exact_pref_name_match, frags=1)
2026-07-23 21:46:53 | 02_resolve_smiles | INFO |   [Checkpoint saved at 450 compounds]
2026-07-23 21:46:53 | 02_resolve_smiles | INFO | [451/1211] Resolving: REGORAFENIB MONOHYDRATE
2026-07-23 21:46:56 | 02_resolve_smiles | WARNING |   REGORAFENIB MONOHYDRATE: fallback to score-based selection -- verify manually if critical
2026-07-23 21:46:56 | 02_resolve_smiles | INFO |   OK REGORAFENIB MONOHYDRATE -> CNC(=O)c1cc(Oc2ccc(NC(=O)Nc3ccc(Cl)c(C(F... (method=fallback_highest_score, frags=1)
2026-07-23 21:46:56 | 02_resolve_smiles | INFO | [452/1211] Resolving: FERRIC MALTOL
2026-07-23 21:46:58 | 02_resolve_smiles | WARNING |   X FERRIC MALTOL: no_structure --  | No canonical_smiles in ChEMBL response
2026-07-23 21:46:58 | 02_resolve_smiles | INFO | [453/1211] Resolving: PAROXETINE MESYLATE
2026-07-23 21:47:01 | 02_resolve_smiles | INFO |   PAROXETINE MESYLATE: salt stripped (2 frags), removed: ['CS(=O)(=O)O']
2026-07-23 21:47:01 | 02_resolve_smiles | INFO |   OK PAROXETINE MESYLATE -> Fc1ccc([C@@H]2CCNC[C@H]2COc2ccc3c(c2)OCO... (method=exact_pref_name_match, frags=2)
2026-07-23 21:47:01 | 02_resolve_smiles | INFO | [454/1211] Resolving: vibegron
2026-07-23 21:47:02 | 02_resolve_smiles | INFO |   OK vibegron -> O=C(Nc1ccc(C[C@@H]2CC[C@H]([C@H](O)c3ccc... (method=exact_pref_name_match, frags=1)
2026-07-23 21:47:02 | 02_resolve_smiles | INFO | [455/1211] Resolving: PITAVASTATIN
2026-07-23 21:47:04 | 02_resolve_smiles | INFO |   OK PITAVASTATIN -> O=C(O)C[C@H](O)C[C@H](O)/C=C/c1c(C2CC2)n... (method=exact_pref_name_match, frags=1)
2026-07-23 21:47:04 | 02_resolve_smiles | INFO | [456/1211] Resolving: IBREXAFUNGERP CITRATE
2026-07-23 21:47:08 | 02_resolve_smiles | INFO |   IBREXAFUNGERP CITRATE: salt stripped (2 frags), removed: ['O=C(O)CC(O)(CC(=O)O)C(=O)O']
2026-07-23 21:47:08 | 02_resolve_smiles | INFO |   OK IBREXAFUNGERP CITRATE -> CC(C)[C@@H](C)[C@@]1(C)CC[C@]2(C)[C@H]3C... (method=exact_pref_name_match, frags=2)
2026-07-23 21:47:08 | 02_resolve_smiles | INFO | [457/1211] Resolving: METHENAMINE HIPPURATE
2026-07-23 21:47:10 | 02_resolve_smiles | INFO |   METHENAMINE HIPPURATE: salt stripped (2 frags), removed: ['C1N2CN3CN1CN(C2)C3']
2026-07-23 21:47:10 | 02_resolve_smiles | INFO |   OK METHENAMINE HIPPURATE -> O=C(O)CNC(=O)c1ccccc1... (method=exact_pref_name_match, frags=2)
2026-07-23 21:47:10 | 02_resolve_smiles | INFO | [458/1211] Resolving: COBICISTAT
2026-07-23 21:47:12 | 02_resolve_smiles | INFO |   OK COBICISTAT -> CC(C)c1nc(CN(C)C(=O)N[C@@H](CCN2CCOCC2)C... (method=exact_pref_name_match, frags=1)
2026-07-23 21:47:12 | 02_resolve_smiles | INFO | [459/1211] Resolving: VERICIGUAT
2026-07-23 21:47:13 | 02_resolve_smiles | INFO |   OK VERICIGUAT -> COC(=O)Nc1c(N)nc(-c2nn(Cc3ccccc3F)c3ncc(... (method=exact_pref_name_match, frags=1)
2026-07-23 21:47:13 | 02_resolve_smiles | INFO | [460/1211] Resolving: ENTRECTINIB
2026-07-23 21:47:15 | 02_resolve_smiles | INFO |   OK ENTRECTINIB -> CN1CCN(c2ccc(C(=O)Nc3n[nH]c4ccc(Cc5cc(F)... (method=exact_pref_name_match, frags=1)
2026-07-23 21:47:15 | 02_resolve_smiles | INFO | [461/1211] Resolving: RIFAXIMIN
2026-07-23 21:47:17 | 02_resolve_smiles | INFO |   OK RIFAXIMIN -> CO[C@H]1/C=C/O[C@@]2(C)Oc3c(C)c(O)c4c(O)... (method=exact_pref_name_match, frags=1)
2026-07-23 21:47:17 | 02_resolve_smiles | INFO | [462/1211] Resolving: LACTITOL
2026-07-23 21:47:19 | 02_resolve_smiles | INFO |   OK LACTITOL -> OC[C@@H](O)[C@@H](O[C@@H]1O[C@H](CO)[C@H... (method=exact_pref_name_match, frags=1)
2026-07-23 21:47:19 | 02_resolve_smiles | INFO | [463/1211] Resolving: ROSIGLITAZONE MALEATE
2026-07-23 21:47:21 | 02_resolve_smiles | INFO |   ROSIGLITAZONE MALEATE: salt stripped (2 frags), removed: ['O=C(O)/C=C\\C(=O)O']
2026-07-23 21:47:21 | 02_resolve_smiles | INFO |   OK ROSIGLITAZONE MALEATE -> CN(CCOc1ccc(CC2SC(=O)NC2=O)cc1)c1ccccn1... (method=exact_pref_name_match, frags=2)
2026-07-23 21:47:21 | 02_resolve_smiles | INFO | [464/1211] Resolving: DEFLAZACORT
2026-07-23 21:47:23 | 02_resolve_smiles | INFO |   OK DEFLAZACORT -> CC(=O)OCC(=O)[C@@]12N=C(C)O[C@@H]1C[C@H]... (method=exact_pref_name_match, frags=1)
2026-07-23 21:47:23 | 02_resolve_smiles | INFO | [465/1211] Resolving: telithromycin
2026-07-23 21:47:25 | 02_resolve_smiles | INFO |   OK telithromycin -> CC[C@H]1OC(=O)[C@H](C)C(=O)[C@H](C)[C@@H... (method=exact_pref_name_match, frags=1)
2026-07-23 21:47:25 | 02_resolve_smiles | INFO | [466/1211] Resolving: GLASDEGIB
2026-07-23 21:47:27 | 02_resolve_smiles | INFO |   OK GLASDEGIB -> CN1CC[C@@H](NC(=O)Nc2ccc(C#N)cc2)C[C@@H]... (method=exact_pref_name_match, frags=1)
2026-07-23 21:47:27 | 02_resolve_smiles | INFO | [467/1211] Resolving: NITISINONE
2026-07-23 21:47:29 | 02_resolve_smiles | INFO |   OK NITISINONE -> O=C1CCCC(=O)C1C(=O)c1ccc(C(F)(F)F)cc1[N+... (method=exact_pref_name_match, frags=1)
2026-07-23 21:47:29 | 02_resolve_smiles | INFO | [468/1211] Resolving: CERITINIB
2026-07-23 21:47:31 | 02_resolve_smiles | INFO |   OK CERITINIB -> Cc1cc(Nc2ncc(Cl)c(Nc3ccccc3S(=O)(=O)C(C)... (method=exact_pref_name_match, frags=1)
2026-07-23 21:47:31 | 02_resolve_smiles | INFO | [469/1211] Resolving: diroximel fumarate
2026-07-23 21:47:33 | 02_resolve_smiles | INFO |   OK diroximel fumarate -> COC(=O)/C=C/C(=O)OCCN1C(=O)CCC1=O... (method=exact_pref_name_match, frags=1)
2026-07-23 21:47:33 | 02_resolve_smiles | INFO | [470/1211] Resolving: Dronedarone
2026-07-23 21:47:35 | 02_resolve_smiles | INFO |   OK Dronedarone -> CCCCc1oc2ccc(NS(C)(=O)=O)cc2c1C(=O)c1ccc... (method=exact_pref_name_match, frags=1)
2026-07-23 21:47:35 | 02_resolve_smiles | INFO | [471/1211] Resolving: ESTROGENS, CONJUGATED SYNTHETIC A
2026-07-23 21:47:38 | 02_resolve_smiles | WARNING |   X ESTROGENS, CONJUGATED SYNTHETIC A: no_structure --  | No canonical_smiles in ChEMBL response
2026-07-23 21:47:38 | 02_resolve_smiles | INFO | [472/1211] Resolving: QUAZEPAM
2026-07-23 21:47:40 | 02_resolve_smiles | INFO |   OK QUAZEPAM -> Fc1ccccc1C1=NCC(=S)N(CC(F)(F)F)c2ccc(Cl)... (method=exact_pref_name_match, frags=1)
2026-07-23 21:47:40 | 02_resolve_smiles | INFO | [473/1211] Resolving: DROXIDOPA
2026-07-23 21:47:41 | 02_resolve_smiles | INFO |   OK DROXIDOPA -> N[C@H](C(=O)O)[C@H](O)c1ccc(O)c(O)c1... (method=exact_pref_name_match, frags=1)
2026-07-23 21:47:41 | 02_resolve_smiles | INFO | [474/1211] Resolving: IBANDRONATE SODIUM
2026-07-23 21:47:44 | 02_resolve_smiles | INFO |   IBANDRONATE SODIUM: salt stripped (3 frags), removed: ['O', '[Na+]']
2026-07-23 21:47:44 | 02_resolve_smiles | INFO |   OK IBANDRONATE SODIUM -> CCCCCN(C)CCC(O)(P(=O)([O-])O)P(=O)(O)O... (method=exact_pref_name_match, frags=3)
2026-07-23 21:47:44 | 02_resolve_smiles | INFO | [475/1211] Resolving: pitavastatin calcium
2026-07-23 21:47:47 | 02_resolve_smiles | INFO |   pitavastatin calcium: salt stripped (3 frags), removed: ['O=C([O-])C[C@H](O)C[C@H](O)/C=C/c1c(C2CC2)nc2ccccc2c1-c1ccc(F)cc1', '[Ca+2]']
2026-07-23 21:47:47 | 02_resolve_smiles | INFO |   OK pitavastatin calcium -> O=C([O-])C[C@H](O)C[C@H](O)/C=C/c1c(C2CC... (method=exact_pref_name_match, frags=3)
2026-07-23 21:47:47 | 02_resolve_smiles | INFO | [476/1211] Resolving: baricitinib
2026-07-23 21:47:50 | 02_resolve_smiles | INFO |   OK baricitinib -> CCS(=O)(=O)N1CC(CC#N)(n2cc(-c3ncnc4[nH]c... (method=exact_pref_name_match, frags=1)
2026-07-23 21:47:50 | 02_resolve_smiles | INFO | [477/1211] Resolving: LONAFARNIB
2026-07-23 21:47:51 | 02_resolve_smiles | INFO |   OK LONAFARNIB -> NC(=O)N1CCC(CC(=O)N2CCC([C@H]3c4ncc(Br)c... (method=exact_pref_name_match, frags=1)
2026-07-23 21:47:51 | 02_resolve_smiles | INFO | [478/1211] Resolving: VORAPAXAR SULFATE
2026-07-23 21:47:54 | 02_resolve_smiles | INFO |   VORAPAXAR SULFATE: salt stripped (2 frags), removed: ['O=S(=O)(O)O']
2026-07-23 21:47:54 | 02_resolve_smiles | INFO |   OK VORAPAXAR SULFATE -> CCOC(=O)N[C@@H]1CC[C@@H]2[C@@H](C1)C[C@H... (method=exact_pref_name_match, frags=2)
2026-07-23 21:47:54 | 02_resolve_smiles | INFO | [479/1211] Resolving: MIDOSTAURIN
2026-07-23 21:47:56 | 02_resolve_smiles | INFO |   OK MIDOSTAURIN -> CO[C@@H]1[C@H](N(C)C(=O)c2ccccc2)C[C@H]2... (method=exact_pref_name_match, frags=1)
2026-07-23 21:47:56 | 02_resolve_smiles | INFO | [480/1211] Resolving: ACALABRUTINIB
2026-07-23 21:47:58 | 02_resolve_smiles | INFO |   OK ACALABRUTINIB -> CC#CC(=O)N1CCC[C@H]1c1nc(-c2ccc(C(=O)Nc3... (method=exact_pref_name_match, frags=1)
2026-07-23 21:47:58 | 02_resolve_smiles | INFO | [481/1211] Resolving: CITALOPRAM HYDROBROMIDE
2026-07-23 21:48:01 | 02_resolve_smiles | INFO |   CITALOPRAM HYDROBROMIDE: salt stripped (2 frags), removed: ['Br']
2026-07-23 21:48:01 | 02_resolve_smiles | INFO |   OK CITALOPRAM HYDROBROMIDE -> CN(C)CCCC1(c2ccc(F)cc2)OCc2cc(C#N)ccc21... (method=exact_pref_name_match, frags=2)
2026-07-23 21:48:01 | 02_resolve_smiles | INFO | [482/1211] Resolving: brigatinib
2026-07-23 21:48:03 | 02_resolve_smiles | INFO |   OK brigatinib -> COc1cc(N2CCC(N3CCN(C)CC3)CC2)ccc1Nc1ncc(... (method=exact_pref_name_match, frags=1)
2026-07-23 21:48:03 | 02_resolve_smiles | INFO | [483/1211] Resolving: PANOBINOSTAT LACTATE
2026-07-23 21:48:05 | 02_resolve_smiles | INFO |   PANOBINOSTAT LACTATE: salt stripped (2 frags), removed: ['CC(O)C(=O)O']
2026-07-23 21:48:05 | 02_resolve_smiles | INFO |   OK PANOBINOSTAT LACTATE -> Cc1[nH]c2ccccc2c1CCNCc1ccc(/C=C/C(=O)NO)... (method=exact_pref_name_match, frags=2)
2026-07-23 21:48:05 | 02_resolve_smiles | INFO | [484/1211] Resolving: niraparib
2026-07-23 21:48:06 | 02_resolve_smiles | INFO |   OK niraparib -> NC(=O)c1cccc2cn(-c3ccc([C@@H]4CCCNC4)cc3... (method=exact_pref_name_match, frags=1)
2026-07-23 21:48:06 | 02_resolve_smiles | INFO | [485/1211] Resolving: empagliflozin
2026-07-23 21:48:08 | 02_resolve_smiles | INFO |   OK empagliflozin -> OC[C@H]1O[C@@H](c2ccc(Cl)c(Cc3ccc(O[C@H]... (method=exact_pref_name_match, frags=1)
2026-07-23 21:48:08 | 02_resolve_smiles | INFO | [486/1211] Resolving: TICAGRELOR
2026-07-23 21:48:10 | 02_resolve_smiles | INFO |   OK TICAGRELOR -> CCCSc1nc(N[C@@H]2C[C@H]2c2ccc(F)c(F)c2)c... (method=exact_pref_name_match, frags=1)
2026-07-23 21:48:10 | 02_resolve_smiles | INFO | [487/1211] Resolving: AVATROMBOPAG MALEATE
2026-07-23 21:48:13 | 02_resolve_smiles | INFO |   AVATROMBOPAG MALEATE: salt stripped (2 frags), removed: ['O=C(O)/C=C\\C(=O)O']
2026-07-23 21:48:13 | 02_resolve_smiles | INFO |   OK AVATROMBOPAG MALEATE -> O=C(Nc1nc(-c2cc(Cl)cs2)c(N2CCN(C3CCCCC3)... (method=exact_pref_name_match, frags=2)
2026-07-23 21:48:13 | 02_resolve_smiles | INFO | [488/1211] Resolving: PALBOCICLIB
2026-07-23 21:48:14 | 02_resolve_smiles | INFO |   OK PALBOCICLIB -> CC(=O)c1c(C)c2cnc(Nc3ccc(N4CCNCC4)cn3)nc... (method=exact_pref_name_match, frags=1)
2026-07-23 21:48:14 | 02_resolve_smiles | INFO | [489/1211] Resolving: FINGOLIMOD HYDROCHLORIDE
2026-07-23 21:48:18 | 02_resolve_smiles | INFO |   FINGOLIMOD HYDROCHLORIDE: salt stripped (2 frags), removed: ['Cl']
2026-07-23 21:48:18 | 02_resolve_smiles | INFO |   OK FINGOLIMOD HYDROCHLORIDE -> CCCCCCCCc1ccc(CCC(N)(CO)CO)cc1... (method=exact_pref_name_match, frags=2)
2026-07-23 21:48:18 | 02_resolve_smiles | INFO | [490/1211] Resolving: LAPATINIB DITOSYLATE
2026-07-23 21:48:20 | 02_resolve_smiles | INFO |   LAPATINIB DITOSYLATE: salt stripped (4 frags), removed: ['Cc1ccc(S(=O)(=O)O)cc1', 'Cc1ccc(S(=O)(=O)O)cc1', 'O']
2026-07-23 21:48:20 | 02_resolve_smiles | INFO |   OK LAPATINIB DITOSYLATE -> CS(=O)(=O)CCNCc1ccc(-c2ccc3ncnc(Nc4ccc(O... (method=exact_pref_name_match, frags=4)
2026-07-23 21:48:20 | 02_resolve_smiles | INFO | [491/1211] Resolving: CHOLIC ACID
2026-07-23 21:48:23 | 02_resolve_smiles | INFO |   OK CHOLIC ACID -> C[C@H](CCC(=O)O)[C@H]1CC[C@H]2[C@@H]3[C@... (method=exact_pref_name_match, frags=1)
2026-07-23 21:48:23 | 02_resolve_smiles | INFO | [492/1211] Resolving: AMILORIDE HYDROCHLORIDE
2026-07-23 21:48:26 | 02_resolve_smiles | INFO |   AMILORIDE HYDROCHLORIDE: salt stripped (4 frags), removed: ['Cl', 'O', 'O']
2026-07-23 21:48:26 | 02_resolve_smiles | INFO |   OK AMILORIDE HYDROCHLORIDE -> N=C(N)NC(=O)c1nc(Cl)c(N)nc1N... (method=exact_pref_name_match, frags=4)
2026-07-23 21:48:26 | 02_resolve_smiles | INFO | [493/1211] Resolving: TENOFOVIR ALAFENAMIDE FUMARATE
2026-07-23 21:48:29 | 02_resolve_smiles | INFO |   TENOFOVIR ALAFENAMIDE FUMARATE: salt stripped (3 frags), removed: ['CC(C)OC(=O)[C@H](C)N[P@](=O)(CO[C@H](C)Cn1cnc2c(N)ncnc21)Oc1ccccc1', 'O=C(O)/C=C/C(=O)O']
2026-07-23 21:48:29 | 02_resolve_smiles | INFO |   OK TENOFOVIR ALAFENAMIDE FUMARATE -> CC(C)OC(=O)[C@H](C)N[P@](=O)(CO[C@H](C)C... (method=exact_pref_name_match, frags=3)
2026-07-23 21:48:29 | 02_resolve_smiles | INFO | [494/1211] Resolving: umbralisib tosylate
2026-07-23 21:48:32 | 02_resolve_smiles | INFO |   umbralisib tosylate: salt stripped (2 frags), removed: ['Cc1ccc(S(=O)(=O)O)cc1']
2026-07-23 21:48:32 | 02_resolve_smiles | INFO |   OK umbralisib tosylate -> CC(C)Oc1ccc(-c2nn([C@@H](C)c3oc4ccc(F)cc... (method=exact_pref_name_match, frags=2)
2026-07-23 21:48:32 | 02_resolve_smiles | INFO | [495/1211] Resolving: THIOGUANINE
2026-07-23 21:48:34 | 02_resolve_smiles | INFO |   OK THIOGUANINE -> Nc1nc2[nH]cnc2c(=S)[nH]1... (method=exact_pref_name_match, frags=1)
2026-07-23 21:48:34 | 02_resolve_smiles | INFO | [496/1211] Resolving: azithromycin
2026-07-23 21:48:36 | 02_resolve_smiles | INFO |   OK azithromycin -> CC[C@H]1OC(=O)[C@H](C)[C@@H](O[C@H]2C[C@... (method=exact_pref_name_match, frags=1)
2026-07-23 21:48:36 | 02_resolve_smiles | INFO | [497/1211] Resolving: CARIPRAZINE
2026-07-23 21:48:38 | 02_resolve_smiles | INFO |   OK CARIPRAZINE -> CN(C)C(=O)N[C@H]1CC[C@H](CCN2CCN(c3cccc(... (method=exact_pref_name_match, frags=1)
2026-07-23 21:48:38 | 02_resolve_smiles | INFO | [498/1211] Resolving: NILOTINIB
2026-07-23 21:48:40 | 02_resolve_smiles | INFO |   OK NILOTINIB -> Cc1cn(-c2cc(NC(=O)c3ccc(C)c(Nc4nccc(-c5c... (method=exact_pref_name_match, frags=1)
2026-07-23 21:48:40 | 02_resolve_smiles | INFO | [499/1211] Resolving: LENALIDOMIDE
2026-07-23 21:48:42 | 02_resolve_smiles | INFO |   OK LENALIDOMIDE -> Nc1cccc2c1CN(C1CCC(=O)NC1=O)C2=O... (method=exact_pref_name_match, frags=1)
2026-07-23 21:48:42 | 02_resolve_smiles | INFO | [500/1211] Resolving: FESOTERODINE FUMARATE
2026-07-23 21:48:44 | 02_resolve_smiles | INFO |   FESOTERODINE FUMARATE: salt stripped (2 frags), removed: ['O=C(O)/C=C/C(=O)O']
2026-07-23 21:48:44 | 02_resolve_smiles | INFO |   OK FESOTERODINE FUMARATE -> CC(C)C(=O)Oc1ccc(CO)cc1[C@H](CCN(C(C)C)C... (method=exact_pref_name_match, frags=2)
2026-07-23 21:48:44 | 02_resolve_smiles | INFO |   [Checkpoint saved at 500 compounds]
2026-07-23 21:48:44 | 02_resolve_smiles | INFO | [501/1211] Resolving: LENVATINIB
2026-07-23 21:48:46 | 02_resolve_smiles | INFO |   OK LENVATINIB -> COc1cc2nccc(Oc3ccc(NC(=O)NC4CC4)c(Cl)c3)... (method=exact_pref_name_match, frags=1)
2026-07-23 21:48:46 | 02_resolve_smiles | INFO | [502/1211] Resolving: MERCAPTOPURINE
2026-07-23 21:48:48 | 02_resolve_smiles | INFO |   MERCAPTOPURINE: salt stripped (2 frags), removed: ['O']
2026-07-23 21:48:48 | 02_resolve_smiles | INFO |   OK MERCAPTOPURINE -> S=c1[nH]cnc2nc[nH]c12... (method=exact_pref_name_match, frags=2)
2026-07-23 21:48:48 | 02_resolve_smiles | INFO | [503/1211] Resolving: BUPROPION HYDROBROMIDE
2026-07-23 21:48:51 | 02_resolve_smiles | INFO |   BUPROPION HYDROBROMIDE: salt stripped (2 frags), removed: ['Br']
2026-07-23 21:48:51 | 02_resolve_smiles | INFO |   OK BUPROPION HYDROBROMIDE -> CC(NC(C)(C)C)C(=O)c1cccc(Cl)c1... (method=exact_pref_name_match, frags=2)
2026-07-23 21:48:51 | 02_resolve_smiles | INFO | [504/1211] Resolving: SUCCIMER
2026-07-23 21:48:53 | 02_resolve_smiles | INFO |   OK SUCCIMER -> O=C(O)[C@@H](S)[C@@H](S)C(=O)O... (method=exact_pref_name_match, frags=1)
2026-07-23 21:48:53 | 02_resolve_smiles | INFO | [505/1211] Resolving: Rifamycin
2026-07-23 21:48:55 | 02_resolve_smiles | INFO |   OK Rifamycin -> CO[C@H]1/C=C/O[C@@]2(C)Oc3c(C)c(O)c4c(O)... (method=exact_pref_name_match, frags=1)
2026-07-23 21:48:55 | 02_resolve_smiles | INFO | [506/1211] Resolving: cabozantinib s-malate
2026-07-23 21:48:57 | 02_resolve_smiles | INFO |   cabozantinib s-malate: salt stripped (2 frags), removed: ['O=C(O)C[C@H](O)C(=O)O']
2026-07-23 21:48:57 | 02_resolve_smiles | INFO |   OK cabozantinib s-malate -> COc1cc2nccc(Oc3ccc(NC(=O)C4(C(=O)Nc5ccc(... (method=exact_pref_name_match, frags=2)
2026-07-23 21:48:57 | 02_resolve_smiles | INFO | [507/1211] Resolving: AVANAFIL
2026-07-23 21:48:59 | 02_resolve_smiles | INFO |   OK AVANAFIL -> COc1ccc(CNc2nc(N3CCC[C@H]3CO)ncc2C(=O)NC... (method=exact_pref_name_match, frags=1)
2026-07-23 21:48:59 | 02_resolve_smiles | INFO | [508/1211] Resolving: eliglustat
2026-07-23 21:49:01 | 02_resolve_smiles | INFO |   OK eliglustat -> CCCCCCCC(=O)N[C@H](CN1CCCC1)[C@H](O)c1cc... (method=exact_pref_name_match, frags=1)
2026-07-23 21:49:01 | 02_resolve_smiles | INFO | [509/1211] Resolving: TAFENOQUINE SUCCINATE
2026-07-23 21:49:04 | 02_resolve_smiles | INFO |   TAFENOQUINE SUCCINATE: salt stripped (2 frags), removed: ['O=C(O)CCC(=O)O']
2026-07-23 21:49:04 | 02_resolve_smiles | INFO |   OK TAFENOQUINE SUCCINATE -> COc1cc(C)c2c(Oc3cccc(C(F)(F)F)c3)c(OC)cc... (method=exact_pref_name_match, frags=2)
2026-07-23 21:49:04 | 02_resolve_smiles | INFO | [510/1211] Resolving: FINERENONE
2026-07-23 21:49:05 | 02_resolve_smiles | INFO |   OK FINERENONE -> CCOc1ncc(C)c2c1[C@H](c1ccc(C#N)cc1OC)C(C... (method=exact_pref_name_match, frags=1)
2026-07-23 21:49:05 | 02_resolve_smiles | INFO | [511/1211] Resolving: PIRFENIDONE
2026-07-23 21:49:07 | 02_resolve_smiles | INFO |   OK PIRFENIDONE -> Cc1ccc(=O)n(-c2ccccc2)c1... (method=exact_pref_name_match, frags=1)
2026-07-23 21:49:07 | 02_resolve_smiles | INFO | [512/1211] Resolving: SODIUM ZIRCONIUM CYCLOSILICATE
2026-07-23 21:49:10 | 02_resolve_smiles | WARNING |   X SODIUM ZIRCONIUM CYCLOSILICATE: no_structure --  | No canonical_smiles in ChEMBL response
2026-07-23 21:49:10 | 02_resolve_smiles | INFO | [513/1211] Resolving: POMALIDOMIDE
2026-07-23 21:49:11 | 02_resolve_smiles | INFO |   OK POMALIDOMIDE -> Nc1cccc2c1C(=O)N(C1CCC(=O)NC1=O)C2=O... (method=exact_pref_name_match, frags=1)
2026-07-23 21:49:11 | 02_resolve_smiles | INFO | [514/1211] Resolving: MIGALASTAT HYDROCHLORIDE
2026-07-23 21:49:14 | 02_resolve_smiles | INFO |   MIGALASTAT HYDROCHLORIDE: salt stripped (2 frags), removed: ['Cl']
2026-07-23 21:49:14 | 02_resolve_smiles | INFO |   OK MIGALASTAT HYDROCHLORIDE -> OC[C@H]1NC[C@H](O)[C@@H](O)[C@H]1O... (method=exact_pref_name_match, frags=2)
2026-07-23 21:49:14 | 02_resolve_smiles | INFO | [515/1211] Resolving: AMPHETAMINE
2026-07-23 21:49:16 | 02_resolve_smiles | INFO |   OK AMPHETAMINE -> CC(N)Cc1ccccc1... (method=exact_pref_name_match, frags=1)
2026-07-23 21:49:16 | 02_resolve_smiles | INFO | [516/1211] Resolving: Tolcapone
2026-07-23 21:49:19 | 02_resolve_smiles | INFO |   OK Tolcapone -> Cc1ccc(C(=O)c2cc(O)c(O)c([N+](=O)[O-])c2... (method=exact_pref_name_match, frags=1)
2026-07-23 21:49:19 | 02_resolve_smiles | INFO | [517/1211] Resolving: selpercatinib
2026-07-23 21:49:21 | 02_resolve_smiles | INFO |   OK selpercatinib -> COc1ccc(CN2C3CC2CN(c2ccc(-c4cc(OCC(C)(C)... (method=exact_pref_name_match, frags=1)
2026-07-23 21:49:21 | 02_resolve_smiles | INFO | [518/1211] Resolving: OXYCODONE
2026-07-23 21:49:24 | 02_resolve_smiles | INFO |   OK OXYCODONE -> COc1ccc2c3c1O[C@H]1C(=O)CC[C@@]4(O)[C@@H... (method=exact_pref_name_match, frags=1)
2026-07-23 21:49:24 | 02_resolve_smiles | INFO | [519/1211] Resolving: AXITINIB
2026-07-23 21:49:26 | 02_resolve_smiles | INFO |   OK AXITINIB -> CNC(=O)c1ccccc1Sc1ccc2c(/C=C/c3ccccn3)n[... (method=exact_pref_name_match, frags=1)
2026-07-23 21:49:26 | 02_resolve_smiles | INFO | [520/1211] Resolving: TIOPRONIN
2026-07-23 21:49:27 | 02_resolve_smiles | INFO |   OK TIOPRONIN -> CC(S)C(=O)NCC(=O)O... (method=exact_pref_name_match, frags=1)
2026-07-23 21:49:27 | 02_resolve_smiles | INFO | [521/1211] Resolving: ASCIMINIB HYDROCHLORIDE
2026-07-23 21:49:30 | 02_resolve_smiles | INFO |   ASCIMINIB HYDROCHLORIDE: salt stripped (2 frags), removed: ['Cl']
2026-07-23 21:49:30 | 02_resolve_smiles | INFO |   OK ASCIMINIB HYDROCHLORIDE -> O=C(Nc1ccc(OC(F)(F)Cl)cc1)c1cnc(N2CC[C@@... (method=exact_pref_name_match, frags=2)
2026-07-23 21:49:30 | 02_resolve_smiles | INFO | [522/1211] Resolving: TRAMETINIB DIMETHYL SULFOXIDE
2026-07-23 21:49:34 | 02_resolve_smiles | INFO |   TRAMETINIB DIMETHYL SULFOXIDE: salt stripped (2 frags), removed: ['C[S+](C)[O-]']
2026-07-23 21:49:34 | 02_resolve_smiles | INFO |   OK TRAMETINIB DIMETHYL SULFOXIDE -> CC(=O)Nc1cccc(-n2c(=O)n(C3CC3)c(=O)c3c(N... (method=exact_pref_name_match, frags=2)
2026-07-23 21:49:34 | 02_resolve_smiles | INFO | [523/1211] Resolving: Fenofibric Acid
2026-07-23 21:49:37 | 02_resolve_smiles | INFO |   OK Fenofibric Acid -> CC(C)(Oc1ccc(C(=O)c2ccc(Cl)cc2)cc1)C(=O)... (method=exact_pref_name_match, frags=1)
2026-07-23 21:49:37 | 02_resolve_smiles | INFO | [524/1211] Resolving: RIBOCICLIB SUCCINATE
2026-07-23 21:49:39 | 02_resolve_smiles | INFO |   RIBOCICLIB SUCCINATE: salt stripped (2 frags), removed: ['O=C(O)CCC(=O)O']
2026-07-23 21:49:39 | 02_resolve_smiles | INFO |   OK RIBOCICLIB SUCCINATE -> CN(C)C(=O)c1cc2cnc(Nc3ccc(N4CCNCC4)cn3)n... (method=exact_pref_name_match, frags=2)
2026-07-23 21:49:39 | 02_resolve_smiles | INFO | [525/1211] Resolving: AMANTADINE
2026-07-23 21:49:41 | 02_resolve_smiles | INFO |   OK AMANTADINE -> NC12CC3CC(CC(C3)C1)C2... (method=exact_pref_name_match, frags=1)
2026-07-23 21:49:41 | 02_resolve_smiles | INFO | [526/1211] Resolving: DABRAFENIB MESYLATE
2026-07-23 21:49:44 | 02_resolve_smiles | INFO |   DABRAFENIB MESYLATE: salt stripped (2 frags), removed: ['CS(=O)(=O)O']
2026-07-23 21:49:44 | 02_resolve_smiles | INFO |   OK DABRAFENIB MESYLATE -> CC(C)(C)c1nc(-c2cccc(NS(=O)(=O)c3c(F)ccc... (method=exact_pref_name_match, frags=2)
2026-07-23 21:49:44 | 02_resolve_smiles | INFO | [527/1211] Resolving: OSPEMIFENE
2026-07-23 21:49:46 | 02_resolve_smiles | INFO |   OK OSPEMIFENE -> OCCOc1ccc(/C(=C(/CCCl)c2ccccc2)c2ccccc2)... (method=exact_pref_name_match, frags=1)
2026-07-23 21:49:46 | 02_resolve_smiles | INFO | [528/1211] Resolving: DARIFENACIN
2026-07-23 21:49:48 | 02_resolve_smiles | INFO |   OK DARIFENACIN -> NC(=O)C(c1ccccc1)(c1ccccc1)[C@@H]1CCN(CC... (method=exact_pref_name_match, frags=1)
2026-07-23 21:49:48 | 02_resolve_smiles | INFO | [529/1211] Resolving: TRIMETHOPRIM
2026-07-23 21:49:50 | 02_resolve_smiles | INFO |   OK TRIMETHOPRIM -> COc1cc(Cc2cnc(N)nc2N)cc(OC)c1OC... (method=exact_pref_name_match, frags=1)
2026-07-23 21:49:50 | 02_resolve_smiles | INFO | [530/1211] Resolving: ZANUBRUTINIB
2026-07-23 21:49:51 | 02_resolve_smiles | INFO |   OK ZANUBRUTINIB -> C=CC(=O)N1CCC([C@@H]2CCNc3c(C(N)=O)c(-c4... (method=exact_pref_name_match, frags=1)
2026-07-23 21:49:51 | 02_resolve_smiles | INFO | [531/1211] Resolving: UBROGEPANT
2026-07-23 21:49:53 | 02_resolve_smiles | INFO |   OK UBROGEPANT -> C[C@@H]1[C@H](c2ccccc2)C[C@H](NC(=O)c2cn... (method=exact_pref_name_match, frags=1)
2026-07-23 21:49:53 | 02_resolve_smiles | INFO | [532/1211] Resolving: INFIGRATINIB
2026-07-23 21:49:55 | 02_resolve_smiles | INFO |   OK INFIGRATINIB -> CCN1CCN(c2ccc(Nc3cc(N(C)C(=O)Nc4c(Cl)c(O... (method=exact_pref_name_match, frags=1)
2026-07-23 21:49:55 | 02_resolve_smiles | INFO | [533/1211] Resolving: SORAFENIB
2026-07-23 21:49:56 | 02_resolve_smiles | INFO |   OK SORAFENIB -> CNC(=O)c1cc(Oc2ccc(NC(=O)Nc3ccc(Cl)c(C(F... (method=exact_pref_name_match, frags=1)
2026-07-23 21:49:56 | 02_resolve_smiles | INFO | [534/1211] Resolving: Ripretinib
2026-07-23 21:49:58 | 02_resolve_smiles | INFO |   OK Ripretinib -> CCn1c(=O)c(-c2cc(NC(=O)Nc3ccccc3)c(F)cc2... (method=exact_pref_name_match, frags=1)
2026-07-23 21:49:58 | 02_resolve_smiles | INFO | [535/1211] Resolving: TRIMETHOPRIM HYDROCHLORIDE
2026-07-23 21:50:01 | 02_resolve_smiles | INFO |   TRIMETHOPRIM HYDROCHLORIDE: salt stripped (2 frags), removed: ['Cl']
2026-07-23 21:50:01 | 02_resolve_smiles | INFO |   OK TRIMETHOPRIM HYDROCHLORIDE -> COc1cc(Cc2cnc(N)nc2N)cc(OC)c1OC... (method=exact_pref_name_match, frags=2)
2026-07-23 21:50:01 | 02_resolve_smiles | INFO | [536/1211] Resolving: NERATINIB MALEATE
2026-07-23 21:50:04 | 02_resolve_smiles | INFO |   NERATINIB MALEATE: salt stripped (2 frags), removed: ['O=C(O)/C=C\\C(=O)O']
2026-07-23 21:50:04 | 02_resolve_smiles | INFO |   OK NERATINIB MALEATE -> CCOc1cc2ncc(C#N)c(Nc3ccc(OCc4ccccn4)c(Cl... (method=exact_pref_name_match, frags=2)
2026-07-23 21:50:04 | 02_resolve_smiles | INFO | [537/1211] Resolving: rivaroxaban
2026-07-23 21:50:07 | 02_resolve_smiles | INFO |   OK rivaroxaban -> O=C(NC[C@H]1CN(c2ccc(N3CCOCC3=O)cc2)C(=O... (method=exact_pref_name_match, frags=1)
2026-07-23 21:50:07 | 02_resolve_smiles | INFO | [538/1211] Resolving: EVEROLIMUS
2026-07-23 21:50:09 | 02_resolve_smiles | INFO |   OK EVEROLIMUS -> CO[C@H]1C[C@@H]2CC[C@@H](C)[C@@](O)(O2)C... (method=exact_pref_name_match, frags=1)
2026-07-23 21:50:09 | 02_resolve_smiles | INFO | [539/1211] Resolving: NEVIRAPINE
2026-07-23 21:50:12 | 02_resolve_smiles | INFO |   OK NEVIRAPINE -> Cc1ccnc2c1NC(=O)c1cccnc1N2C1CC1... (method=exact_pref_name_match, frags=1)
2026-07-23 21:50:12 | 02_resolve_smiles | INFO | [540/1211] Resolving: NELFINAVIR MESYLATE
2026-07-23 21:50:14 | 02_resolve_smiles | INFO |   NELFINAVIR MESYLATE: salt stripped (2 frags), removed: ['CS(=O)(=O)O']
2026-07-23 21:50:14 | 02_resolve_smiles | INFO |   OK NELFINAVIR MESYLATE -> Cc1c(O)cccc1C(=O)N[C@@H](CSc1ccccc1)[C@H... (method=exact_pref_name_match, frags=2)
2026-07-23 21:50:14 | 02_resolve_smiles | INFO | [541/1211] Resolving: ponatinib hydrochloride
2026-07-23 21:50:18 | 02_resolve_smiles | INFO |   ponatinib hydrochloride: salt stripped (2 frags), removed: ['Cl']
2026-07-23 21:50:18 | 02_resolve_smiles | INFO |   OK ponatinib hydrochloride -> Cc1ccc(C(=O)Nc2ccc(CN3CCN(C)CC3)c(C(F)(F... (method=exact_pref_name_match, frags=2)
2026-07-23 21:50:18 | 02_resolve_smiles | INFO | [542/1211] Resolving: ORLISTAT
2026-07-23 21:50:20 | 02_resolve_smiles | INFO |   OK ORLISTAT -> CCCCCCCCCCC[C@@H](C[C@@H]1OC(=O)[C@H]1CC... (method=exact_pref_name_match, frags=1)
2026-07-23 21:50:20 | 02_resolve_smiles | INFO | [543/1211] Resolving: TOPOTECAN HYDROCHLORIDE
2026-07-23 21:50:23 | 02_resolve_smiles | INFO |   TOPOTECAN HYDROCHLORIDE: salt stripped (2 frags), removed: ['Cl']
2026-07-23 21:50:23 | 02_resolve_smiles | INFO |   OK TOPOTECAN HYDROCHLORIDE -> CC[C@@]1(O)C(=O)OCc2c1cc1n(c2=O)Cc2cc3c(... (method=exact_pref_name_match, frags=2)
2026-07-23 21:50:23 | 02_resolve_smiles | INFO | [544/1211] Resolving: ENZALUTAMIDE
2026-07-23 21:50:25 | 02_resolve_smiles | INFO |   OK ENZALUTAMIDE -> CNC(=O)c1ccc(N2C(=S)N(c3ccc(C#N)c(C(F)(F... (method=exact_pref_name_match, frags=1)
2026-07-23 21:50:25 | 02_resolve_smiles | INFO | [545/1211] Resolving: SOLRIAMFETOL
2026-07-23 21:50:27 | 02_resolve_smiles | INFO |   OK SOLRIAMFETOL -> NC(=O)OC[C@H](N)Cc1ccccc1... (method=exact_pref_name_match, frags=1)
2026-07-23 21:50:27 | 02_resolve_smiles | INFO | [546/1211] Resolving: PENTOSAN POLYSULFATE SODIUM
2026-07-23 21:50:30 | 02_resolve_smiles | WARNING |   X PENTOSAN POLYSULFATE SODIUM: no_structure --  | No canonical_smiles in ChEMBL response
2026-07-23 21:50:30 | 02_resolve_smiles | INFO | [547/1211] Resolving: doravirine
2026-07-23 21:50:31 | 02_resolve_smiles | INFO |   OK doravirine -> Cn1c(Cn2ccc(C(F)(F)F)c(Oc3cc(Cl)cc(C#N)c... (method=exact_pref_name_match, frags=1)
2026-07-23 21:50:31 | 02_resolve_smiles | INFO | [548/1211] Resolving: HYDROXYCHLOROQUINE SULFATE
2026-07-23 21:50:34 | 02_resolve_smiles | INFO |   HYDROXYCHLOROQUINE SULFATE: salt stripped (2 frags), removed: ['O=S(=O)(O)O']
2026-07-23 21:50:34 | 02_resolve_smiles | INFO |   OK HYDROXYCHLOROQUINE SULFATE -> CCN(CCO)CCCC(C)Nc1ccnc2cc(Cl)ccc12... (method=exact_pref_name_match, frags=2)
2026-07-23 21:50:34 | 02_resolve_smiles | INFO | [549/1211] Resolving: ENCORAFENIB
2026-07-23 21:50:36 | 02_resolve_smiles | INFO |   OK ENCORAFENIB -> COC(=O)N[C@@H](C)CNc1nccc(-c2cn(C(C)C)nc... (method=exact_pref_name_match, frags=1)
2026-07-23 21:50:36 | 02_resolve_smiles | INFO | [550/1211] Resolving: ESTROGENS, CONJUGATED SYNTHETIC B
2026-07-23 21:50:39 | 02_resolve_smiles | WARNING |   ESTROGENS, CONJUGATED SYNTHETIC B: fallback to score-based selection -- verify manually if critical
2026-07-23 21:50:39 | 02_resolve_smiles | WARNING |   X ESTROGENS, CONJUGATED SYNTHETIC B: no_structure -- No exact pref_name match; chose highest score (104.0) among 20 candidates | No canonical_smiles in ChEMBL response
2026-07-23 21:50:39 | 02_resolve_smiles | INFO |   [Checkpoint saved at 550 compounds]
2026-07-23 21:50:39 | 02_resolve_smiles | INFO | [551/1211] Resolving: amifampridine phosphate
2026-07-23 21:50:42 | 02_resolve_smiles | INFO |   amifampridine phosphate: salt stripped (2 frags), removed: ['O=P(O)(O)O']
2026-07-23 21:50:42 | 02_resolve_smiles | INFO |   OK amifampridine phosphate -> Nc1ccncc1N... (method=exact_pref_name_match, frags=2)
2026-07-23 21:50:42 | 02_resolve_smiles | INFO | [552/1211] Resolving: telotristat ethyl
2026-07-23 21:50:45 | 02_resolve_smiles | INFO |   OK telotristat ethyl -> CCOC(=O)[C@@H](N)Cc1ccc(-c2cc(O[C@H](c3c... (method=exact_pref_name_match, frags=1)
2026-07-23 21:50:45 | 02_resolve_smiles | INFO | [553/1211] Resolving: tivozanib hydrochloride
2026-07-23 21:50:48 | 02_resolve_smiles | INFO |   tivozanib hydrochloride: salt stripped (3 frags), removed: ['Cl', 'O']
2026-07-23 21:50:48 | 02_resolve_smiles | INFO |   OK tivozanib hydrochloride -> COc1cc2nccc(Oc3ccc(NC(=O)Nc4cc(C)on4)c(C... (method=exact_pref_name_match, frags=3)
2026-07-23 21:50:48 | 02_resolve_smiles | INFO | [554/1211] Resolving: Erdafitinib
2026-07-23 21:50:49 | 02_resolve_smiles | INFO |   OK Erdafitinib -> COc1cc(OC)cc(N(CCNC(C)C)c2ccc3ncc(-c4cnn... (method=exact_pref_name_match, frags=1)
2026-07-23 21:50:49 | 02_resolve_smiles | INFO | [555/1211] Resolving: Berotralstat hydrochloride
2026-07-23 21:50:52 | 02_resolve_smiles | INFO |   Berotralstat hydrochloride: salt stripped (3 frags), removed: ['Cl', 'Cl']
2026-07-23 21:50:52 | 02_resolve_smiles | INFO |   OK Berotralstat hydrochloride -> N#Cc1cccc([C@@H](NCC2CC2)c2ccc(F)c(NC(=O... (method=exact_pref_name_match, frags=3)
2026-07-23 21:50:52 | 02_resolve_smiles | INFO | [556/1211] Resolving: DAPAGLIFLOZIN PROPANEDIOL
2026-07-23 21:50:55 | 02_resolve_smiles | INFO |   DAPAGLIFLOZIN PROPANEDIOL: salt stripped (3 frags), removed: ['C[C@H](O)CO', 'O']
2026-07-23 21:50:55 | 02_resolve_smiles | INFO |   OK DAPAGLIFLOZIN PROPANEDIOL -> CCOc1ccc(Cc2cc([C@@H]3O[C@H](CO)[C@@H](O... (method=exact_pref_name_match, frags=3)
2026-07-23 21:50:55 | 02_resolve_smiles | INFO | [557/1211] Resolving: FERRIC OXYHYDROXIDE
2026-07-23 21:50:57 | 02_resolve_smiles | WARNING |   X FERRIC OXYHYDROXIDE: no_structure --  | No canonical_smiles in ChEMBL response
2026-07-23 21:50:57 | 02_resolve_smiles | INFO | [558/1211] Resolving: MACIMORELIN
2026-07-23 21:50:58 | 02_resolve_smiles | INFO |   OK MACIMORELIN -> CC(C)(N)C(=O)N[C@H](Cc1c[nH]c2ccccc12)C(... (method=exact_pref_name_match, frags=1)
2026-07-23 21:50:58 | 02_resolve_smiles | INFO | [559/1211] Resolving: BOSUTINIB MONOHYDRATE
2026-07-23 21:51:01 | 02_resolve_smiles | INFO |   BOSUTINIB MONOHYDRATE: salt stripped (2 frags), removed: ['O']
2026-07-23 21:51:01 | 02_resolve_smiles | INFO |   OK BOSUTINIB MONOHYDRATE -> COc1cc(Nc2c(C#N)cnc3cc(OCCCN4CCN(C)CC4)c... (method=exact_pref_name_match, frags=2)
2026-07-23 21:51:01 | 02_resolve_smiles | INFO | [560/1211] Resolving: BELUMOSUDIL
2026-07-23 21:51:02 | 02_resolve_smiles | INFO |   OK BELUMOSUDIL -> CC(C)NC(=O)COc1cccc(-c2nc(Nc3ccc4[nH]ncc... (method=exact_pref_name_match, frags=1)
2026-07-23 21:51:02 | 02_resolve_smiles | INFO | [561/1211] Resolving: RUXOLITINIB
2026-07-23 21:51:04 | 02_resolve_smiles | INFO |   OK RUXOLITINIB -> N#CC[C@H](C1CCCC1)n1cc(-c2ncnc3[nH]ccc23... (method=exact_pref_name_match, frags=1)
2026-07-23 21:51:04 | 02_resolve_smiles | INFO | [562/1211] Resolving: mebendazole
2026-07-23 21:51:06 | 02_resolve_smiles | INFO |   OK mebendazole -> COC(=O)Nc1nc2cc(C(=O)c3ccccc3)ccc2[nH]1... (method=exact_pref_name_match, frags=1)
2026-07-23 21:51:06 | 02_resolve_smiles | INFO | [563/1211] Resolving: TRANYLCYPROMINE SULFATE
2026-07-23 21:51:09 | 02_resolve_smiles | INFO |   TRANYLCYPROMINE SULFATE: salt stripped (3 frags), removed: ['N[C@H]1C[C@@H]1c1ccccc1', 'O=S(=O)(O)O']
2026-07-23 21:51:09 | 02_resolve_smiles | INFO |   OK TRANYLCYPROMINE SULFATE -> N[C@@H]1C[C@H]1c1ccccc1... (method=exact_pref_name_match, frags=3)
2026-07-23 21:51:09 | 02_resolve_smiles | INFO | [564/1211] Resolving: BELZUTIFAN
2026-07-23 21:51:10 | 02_resolve_smiles | INFO |   OK BELZUTIFAN -> CS(=O)(=O)c1ccc(Oc2cc(F)cc(C#N)c2)c2c1[C... (method=exact_pref_name_match, frags=1)
2026-07-23 21:51:10 | 02_resolve_smiles | INFO | [565/1211] Resolving: Plecanatide
2026-07-23 21:51:12 | 02_resolve_smiles | INFO |   OK Plecanatide -> CC(C)C[C@H](NC(=O)[C@@H]1CSSC[C@@H]2NC(=... (method=exact_pref_name_match, frags=1)
2026-07-23 21:51:12 | 02_resolve_smiles | INFO | [566/1211] Resolving: SODIUM OXYBATE
2026-07-23 21:51:15 | 02_resolve_smiles | INFO |   SODIUM OXYBATE: salt stripped (2 frags), removed: ['[Na+]']
2026-07-23 21:51:15 | 02_resolve_smiles | INFO |   OK SODIUM OXYBATE -> O=C([O-])CCCO... (method=exact_pref_name_match, frags=2)
2026-07-23 21:51:15 | 02_resolve_smiles | INFO | [567/1211] Resolving: ATOGEPANT
2026-07-23 21:51:16 | 02_resolve_smiles | INFO |   OK ATOGEPANT -> C[C@@H]1[C@H](c2c(F)ccc(F)c2F)C[C@H](NC(... (method=exact_pref_name_match, frags=1)
2026-07-23 21:51:16 | 02_resolve_smiles | INFO | [568/1211] Resolving: LOMUSTINE
2026-07-23 21:51:18 | 02_resolve_smiles | INFO |   OK LOMUSTINE -> O=NN(CCCl)C(=O)NC1CCCCC1... (method=exact_pref_name_match, frags=1)
2026-07-23 21:51:18 | 02_resolve_smiles | INFO | [569/1211] Resolving: UMECLIDINIUM BROMIDE
2026-07-23 21:51:22 | 02_resolve_smiles | INFO |   UMECLIDINIUM BROMIDE: salt stripped (2 frags), removed: ['[Br-]']
2026-07-23 21:51:22 | 02_resolve_smiles | INFO |   OK UMECLIDINIUM BROMIDE -> OC(c1ccccc1)(c1ccccc1)C12CC[N+](CCOCc3cc... (method=exact_pref_name_match, frags=2)
2026-07-23 21:51:22 | 02_resolve_smiles | INFO | [570/1211] Resolving: CEFDITOREN PIVOXIL
2026-07-23 21:51:24 | 02_resolve_smiles | INFO |   OK CEFDITOREN PIVOXIL -> CO/N=C(\C(=O)N[C@@H]1C(=O)N2C(C(=O)OCOC(... (method=exact_pref_name_match, frags=1)
2026-07-23 21:51:24 | 02_resolve_smiles | INFO | [571/1211] Resolving: mitotane
2026-07-23 21:51:26 | 02_resolve_smiles | INFO |   OK mitotane -> Clc1ccc(C(c2ccccc2Cl)C(Cl)Cl)cc1... (method=exact_pref_name_match, frags=1)
2026-07-23 21:51:26 | 02_resolve_smiles | INFO | [572/1211] Resolving: CHLOROTHIAZIDE
2026-07-23 21:51:28 | 02_resolve_smiles | INFO |   OK CHLOROTHIAZIDE -> NS(=O)(=O)c1cc2c(cc1Cl)N=CNS2(=O)=O... (method=exact_pref_name_match, frags=1)
2026-07-23 21:51:28 | 02_resolve_smiles | INFO | [573/1211] Resolving: INDINAVIR SULFATE
2026-07-23 21:51:30 | 02_resolve_smiles | INFO |   INDINAVIR SULFATE: salt stripped (2 frags), removed: ['O=S(=O)(O)O']
2026-07-23 21:51:30 | 02_resolve_smiles | INFO |   OK INDINAVIR SULFATE -> CC(C)(C)NC(=O)[C@@H]1CN(Cc2cccnc2)CCN1C[... (method=exact_pref_name_match, frags=2)
2026-07-23 21:51:30 | 02_resolve_smiles | INFO | [574/1211] Resolving: RISDIPLAM
2026-07-23 21:51:32 | 02_resolve_smiles | INFO |   OK RISDIPLAM -> Cc1cn2nc(-c3cc(=O)n4cc(N5CCNC6(CC6)C5)cc... (method=exact_pref_name_match, frags=1)
2026-07-23 21:51:32 | 02_resolve_smiles | INFO | [575/1211] Resolving: lasmiditan
2026-07-23 21:51:34 | 02_resolve_smiles | INFO |   OK lasmiditan -> CN1CCC(C(=O)c2cccc(NC(=O)c3c(F)cc(F)cc3F... (method=exact_pref_name_match, frags=1)
2026-07-23 21:51:34 | 02_resolve_smiles | INFO | [576/1211] Resolving: gabapentin enacarbil
2026-07-23 21:51:35 | 02_resolve_smiles | INFO |   OK gabapentin enacarbil -> CC(OC(=O)NCC1(CC(=O)O)CCCCC1)OC(=O)C(C)C... (method=exact_pref_name_match, frags=1)
2026-07-23 21:51:35 | 02_resolve_smiles | INFO | [577/1211] Resolving: ESTRAMUSTINE PHOSPHATE SODIUM
2026-07-23 21:51:38 | 02_resolve_smiles | INFO |   ESTRAMUSTINE PHOSPHATE SODIUM: salt stripped (3 frags), removed: ['[Na+]', '[Na+]']
2026-07-23 21:51:38 | 02_resolve_smiles | INFO |   OK ESTRAMUSTINE PHOSPHATE SODIUM -> C[C@]12CC[C@@H]3c4ccc(OC(=O)N(CCCl)CCCl)... (method=exact_pref_name_match, frags=3)
2026-07-23 21:51:38 | 02_resolve_smiles | INFO | [578/1211] Resolving: TAPENTADOL HYDROCHLORIDE
2026-07-23 21:51:41 | 02_resolve_smiles | INFO |   TAPENTADOL HYDROCHLORIDE: salt stripped (2 frags), removed: ['Cl']
2026-07-23 21:51:41 | 02_resolve_smiles | INFO |   OK TAPENTADOL HYDROCHLORIDE -> CC[C@@H](c1cccc(O)c1)[C@@H](C)CN(C)C... (method=exact_pref_name_match, frags=2)
2026-07-23 21:51:41 | 02_resolve_smiles | INFO | [579/1211] Resolving: LUMATEPERONE
2026-07-23 21:51:43 | 02_resolve_smiles | INFO |   OK LUMATEPERONE -> CN1CCN2c3c(cccc31)[C@@H]1CN(CCCC(=O)c3cc... (method=exact_pref_name_match, frags=1)
2026-07-23 21:51:43 | 02_resolve_smiles | INFO | [580/1211] Resolving: SELUMETINIB
2026-07-23 21:51:44 | 02_resolve_smiles | INFO |   OK SELUMETINIB -> Cn1cnc2c(F)c(Nc3ccc(Br)cc3Cl)c(C(=O)NOCC... (method=exact_pref_name_match, frags=1)
2026-07-23 21:51:44 | 02_resolve_smiles | INFO | [581/1211] Resolving: tazemetostat hydrobromide
2026-07-23 21:51:48 | 02_resolve_smiles | INFO |   tazemetostat hydrobromide: salt stripped (2 frags), removed: ['Br']
2026-07-23 21:51:48 | 02_resolve_smiles | INFO |   OK tazemetostat hydrobromide -> CCN(c1cc(-c2ccc(CN3CCOCC3)cc2)cc(C(=O)NC... (method=exact_pref_name_match, frags=2)
2026-07-23 21:51:48 | 02_resolve_smiles | INFO | [582/1211] Resolving: LUSUTROMBOPAG
2026-07-23 21:51:49 | 02_resolve_smiles | INFO |   OK LUSUTROMBOPAG -> CCCCCCO[C@@H](C)c1cccc(-c2csc(NC(=O)c3cc... (method=exact_pref_name_match, frags=1)
2026-07-23 21:51:49 | 02_resolve_smiles | INFO | [583/1211] Resolving: ICOSAPENT ETHYL
2026-07-23 21:51:52 | 02_resolve_smiles | INFO |   OK ICOSAPENT ETHYL -> CC/C=C\C/C=C\C/C=C\C/C=C\C/C=C\CCCC(=O)O... (method=exact_pref_name_match, frags=1)
2026-07-23 21:51:52 | 02_resolve_smiles | INFO | [584/1211] Resolving: COBIMETINIB FUMARATE
2026-07-23 21:51:55 | 02_resolve_smiles | INFO |   COBIMETINIB FUMARATE: salt stripped (3 frags), removed: ['O=C(c1ccc(F)c(F)c1Nc1ccc(I)cc1F)N1CC(O)([C@@H]2CCCCN2)C1', 'O=C(O)/C=C/C(=O)O']
2026-07-23 21:51:55 | 02_resolve_smiles | INFO |   OK COBIMETINIB FUMARATE -> O=C(c1ccc(F)c(F)c1Nc1ccc(I)cc1F)N1CC(O)(... (method=exact_pref_name_match, frags=3)
2026-07-23 21:51:55 | 02_resolve_smiles | INFO | [585/1211] Resolving: NALOXEGOL OXALATE
2026-07-23 21:51:57 | 02_resolve_smiles | INFO |   NALOXEGOL OXALATE: salt stripped (2 frags), removed: ['O=C(O)C(=O)O']
2026-07-23 21:51:57 | 02_resolve_smiles | INFO |   OK NALOXEGOL OXALATE -> C=CCN1CC[C@]23c4c5ccc(O)c4O[C@H]2[C@@H](... (method=exact_pref_name_match, frags=2)
2026-07-23 21:51:57 | 02_resolve_smiles | INFO | [586/1211] Resolving: Ceftibuten dihydrate
2026-07-23 21:52:00 | 02_resolve_smiles | INFO |   Ceftibuten dihydrate: salt stripped (3 frags), removed: ['O', 'O']
2026-07-23 21:52:00 | 02_resolve_smiles | INFO |   OK Ceftibuten dihydrate -> Nc1nc(/C(=C/CC(=O)O)C(=O)N[C@@H]2C(=O)N3... (method=exact_pref_name_match, frags=3)
2026-07-23 21:52:00 | 02_resolve_smiles | INFO | [587/1211] Resolving: DUVELISIB
2026-07-23 21:52:01 | 02_resolve_smiles | INFO |   OK DUVELISIB -> C[C@H](Nc1ncnc2nc[nH]c12)c1cc2cccc(Cl)c2... (method=exact_pref_name_match, frags=1)
2026-07-23 21:52:01 | 02_resolve_smiles | INFO | [588/1211] Resolving: Lithium Citrate
2026-07-23 21:52:04 | 02_resolve_smiles | INFO |   Lithium Citrate: salt stripped (8 frags), removed: ['O', 'O', 'O', 'O', '[Li+]', '[Li+]', '[Li+]']
2026-07-23 21:52:04 | 02_resolve_smiles | INFO |   OK Lithium Citrate -> O=C([O-])CC(O)(CC(=O)[O-])C(=O)[O-]... (method=exact_pref_name_match, frags=8)
2026-07-23 21:52:04 | 02_resolve_smiles | INFO | [589/1211] Resolving: VALBENAZINE TOSYLATE
2026-07-23 21:52:07 | 02_resolve_smiles | INFO |   VALBENAZINE TOSYLATE: salt stripped (3 frags), removed: ['Cc1ccc(S(=O)(=O)O)cc1', 'Cc1ccc(S(=O)(=O)O)cc1']
2026-07-23 21:52:07 | 02_resolve_smiles | INFO |   OK VALBENAZINE TOSYLATE -> COc1cc2c(cc1OC)[C@H]1C[C@@H](OC(=O)[C@@H... (method=exact_pref_name_match, frags=3)
2026-07-23 21:52:07 | 02_resolve_smiles | INFO | [590/1211] Resolving: GILTERITINIB FUMARATE
2026-07-23 21:52:10 | 02_resolve_smiles | INFO |   GILTERITINIB FUMARATE: salt stripped (3 frags), removed: ['CCc1nc(C(N)=O)c(Nc2ccc(N3CCC(N4CCN(C)CC4)CC3)c(OC)c2)nc1NC1CCOCC1', 'O=C(O)/C=C/C(=O)O']
2026-07-23 21:52:10 | 02_resolve_smiles | INFO |   OK GILTERITINIB FUMARATE -> CCc1nc(C(N)=O)c(Nc2ccc(N3CCC(N4CCN(C)CC4... (method=exact_pref_name_match, frags=3)
2026-07-23 21:52:10 | 02_resolve_smiles | INFO | [591/1211] Resolving: Ponesimod
2026-07-23 21:52:12 | 02_resolve_smiles | INFO |   OK Ponesimod -> CCC/N=C1\S/C(=C\c2ccc(OC[C@H](O)CO)c(Cl)... (method=exact_pref_name_match, frags=1)
2026-07-23 21:52:12 | 02_resolve_smiles | INFO | [592/1211] Resolving: ELAGOLIX SODIUM
2026-07-23 21:52:15 | 02_resolve_smiles | INFO |   ELAGOLIX SODIUM: salt stripped (2 frags), removed: ['[Na+]']
2026-07-23 21:52:15 | 02_resolve_smiles | INFO |   OK ELAGOLIX SODIUM -> COc1cccc(-c2c(C)n(Cc3c(F)cccc3C(F)(F)F)c... (method=exact_pref_name_match, frags=2)
2026-07-23 21:52:15 | 02_resolve_smiles | INFO | [593/1211] Resolving: VORINOSTAT
2026-07-23 21:52:16 | 02_resolve_smiles | INFO |   OK VORINOSTAT -> O=C(CCCCCCC(=O)Nc1ccccc1)NO... (method=exact_pref_name_match, frags=1)
2026-07-23 21:52:16 | 02_resolve_smiles | INFO | [594/1211] Resolving: ROLAPITANT HYDROCHLORIDE
2026-07-23 21:52:19 | 02_resolve_smiles | INFO |   ROLAPITANT HYDROCHLORIDE: salt stripped (3 frags), removed: ['Cl', 'O']
2026-07-23 21:52:19 | 02_resolve_smiles | INFO |   OK ROLAPITANT HYDROCHLORIDE -> C[C@@H](OC[C@@]1(c2ccccc2)CC[C@]2(CCC(=O... (method=exact_pref_name_match, frags=3)
2026-07-23 21:52:19 | 02_resolve_smiles | INFO | [595/1211] Resolving: MILTEFOSINE
2026-07-23 21:52:21 | 02_resolve_smiles | INFO |   OK MILTEFOSINE -> CCCCCCCCCCCCCCCCOP(=O)([O-])OCC[N+](C)(C... (method=exact_pref_name_match, frags=1)
2026-07-23 21:52:21 | 02_resolve_smiles | INFO | [596/1211] Resolving: CRIZOTINIB
2026-07-23 21:52:23 | 02_resolve_smiles | INFO |   OK CRIZOTINIB -> C[C@@H](Oc1cc(-c2cnn(C3CCNCC3)c2)cnc1N)c... (method=exact_pref_name_match, frags=1)
2026-07-23 21:52:23 | 02_resolve_smiles | INFO | [597/1211] Resolving: avapritinib
2026-07-23 21:52:24 | 02_resolve_smiles | INFO |   OK avapritinib -> Cn1cc(-c2cc3c(N4CCN(c5ncc([C@@](C)(N)c6c... (method=exact_pref_name_match, frags=1)
2026-07-23 21:52:24 | 02_resolve_smiles | INFO | [598/1211] Resolving: DACOMITINIB
2026-07-23 21:52:26 | 02_resolve_smiles | INFO |   DACOMITINIB: salt stripped (2 frags), removed: ['O']
2026-07-23 21:52:26 | 02_resolve_smiles | INFO |   OK DACOMITINIB -> COc1cc2ncnc(Nc3ccc(F)c(Cl)c3)c2cc1NC(=O)... (method=exact_pref_name_match, frags=2)
2026-07-23 21:52:26 | 02_resolve_smiles | INFO | [599/1211] Resolving: TENAPANOR HYDROCHLORIDE
2026-07-23 21:52:30 | 02_resolve_smiles | INFO |   TENAPANOR HYDROCHLORIDE: salt stripped (3 frags), removed: ['Cl', 'Cl']
2026-07-23 21:52:30 | 02_resolve_smiles | INFO |   OK TENAPANOR HYDROCHLORIDE -> CN1Cc2c(Cl)cc(Cl)cc2[C@H](c2cccc(S(=O)(=... (method=exact_pref_name_match, frags=3)
2026-07-23 21:52:30 | 02_resolve_smiles | INFO | [600/1211] Resolving: BALOXAVIR MARBOXIL
2026-07-23 21:52:32 | 02_resolve_smiles | INFO |   OK BALOXAVIR MARBOXIL -> COC(=O)OCOc1c2n(ccc1=O)N([C@@H]1c3ccccc3... (method=exact_pref_name_match, frags=1)
2026-07-23 21:52:32 | 02_resolve_smiles | INFO |   [Checkpoint saved at 600 compounds]
2026-07-23 21:52:32 | 02_resolve_smiles | INFO | [601/1211] Resolving: THALIDOMIDE
2026-07-23 21:52:34 | 02_resolve_smiles | INFO |   OK THALIDOMIDE -> O=C1CCC(N2C(=O)c3ccccc3C2=O)C(=O)N1... (method=exact_pref_name_match, frags=1)
2026-07-23 21:52:34 | 02_resolve_smiles | INFO | [602/1211] Resolving: PRUCALOPRIDE SUCCINATE
2026-07-23 21:52:37 | 02_resolve_smiles | INFO |   PRUCALOPRIDE SUCCINATE: salt stripped (2 frags), removed: ['O=C(O)CCC(=O)O']
2026-07-23 21:52:37 | 02_resolve_smiles | INFO |   OK PRUCALOPRIDE SUCCINATE -> COCCCN1CCC(NC(=O)c2cc(Cl)c(N)c3c2OCC3)CC... (method=exact_pref_name_match, frags=2)
2026-07-23 21:52:37 | 02_resolve_smiles | INFO | [603/1211] Resolving: ELTROMBOPAG OLAMINE
2026-07-23 21:52:39 | 02_resolve_smiles | INFO |   ELTROMBOPAG OLAMINE: salt stripped (3 frags), removed: ['NCCO', 'NCCO']
2026-07-23 21:52:39 | 02_resolve_smiles | INFO |   OK ELTROMBOPAG OLAMINE -> CC1=NN(c2ccc(C)c(C)c2)C(=O)/C1=N\Nc1cccc... (method=exact_pref_name_match, frags=3)
2026-07-23 21:52:39 | 02_resolve_smiles | INFO | [604/1211] Resolving: Apalutamide
2026-07-23 21:52:41 | 02_resolve_smiles | INFO |   OK Apalutamide -> CNC(=O)c1ccc(N2C(=S)N(c3cnc(C#N)c(C(F)(F... (method=exact_pref_name_match, frags=1)
2026-07-23 21:52:41 | 02_resolve_smiles | INFO | [605/1211] Resolving: ACETOHYDROXAMIC ACID
2026-07-23 21:52:43 | 02_resolve_smiles | INFO |   OK ACETOHYDROXAMIC ACID -> CC(=O)NO... (method=exact_pref_name_match, frags=1)
2026-07-23 21:52:43 | 02_resolve_smiles | INFO | [606/1211] Resolving: upadacitinib
2026-07-23 21:52:45 | 02_resolve_smiles | INFO |   OK upadacitinib -> CC[C@@H]1CN(C(=O)NCC(F)(F)F)C[C@@H]1c1cn... (method=exact_pref_name_match, frags=1)
2026-07-23 21:52:45 | 02_resolve_smiles | INFO | [607/1211] Resolving: NISOLDIPINE
2026-07-23 21:52:47 | 02_resolve_smiles | INFO |   OK NISOLDIPINE -> COC(=O)C1=C(C)NC(C)=C(C(=O)OCC(C)C)C1c1c... (method=exact_pref_name_match, frags=1)
2026-07-23 21:52:47 | 02_resolve_smiles | INFO | [608/1211] Resolving: Cladribine
2026-07-23 21:52:48 | 02_resolve_smiles | INFO |   OK Cladribine -> Nc1nc(Cl)nc2c1ncn2[C@H]1C[C@H](O)[C@@H](... (method=exact_pref_name_match, frags=1)
2026-07-23 21:52:48 | 02_resolve_smiles | INFO | [609/1211] Resolving: TRICLABENDAZOLE
2026-07-23 21:52:50 | 02_resolve_smiles | INFO |   OK TRICLABENDAZOLE -> CSc1nc2cc(Cl)c(Oc3cccc(Cl)c3Cl)cc2[nH]1... (method=exact_pref_name_match, frags=1)
2026-07-23 21:52:50 | 02_resolve_smiles | INFO | [610/1211] Resolving: ETHOTOIN
2026-07-23 21:52:51 | 02_resolve_smiles | INFO |   OK ETHOTOIN -> CCN1C(=O)NC(c2ccccc2)C1=O... (method=exact_pref_name_match, frags=1)
2026-07-23 21:52:51 | 02_resolve_smiles | INFO | [611/1211] Resolving: ixazomib citrate
2026-07-23 21:52:54 | 02_resolve_smiles | INFO |   OK ixazomib citrate -> CC(C)C[C@H](NC(=O)CNC(=O)c1cc(Cl)ccc1Cl)... (method=exact_pref_name_match, frags=1)
2026-07-23 21:52:54 | 02_resolve_smiles | INFO | [612/1211] Resolving: ELUXADOLINE
2026-07-23 21:52:55 | 02_resolve_smiles | INFO |   OK ELUXADOLINE -> COc1ccc(CN(C(=O)[C@@H](N)Cc2c(C)cc(C(N)=... (method=exact_pref_name_match, frags=1)
2026-07-23 21:52:55 | 02_resolve_smiles | INFO | [613/1211] Resolving: monomethyl fumarate
2026-07-23 21:52:58 | 02_resolve_smiles | INFO |   OK monomethyl fumarate -> COC(=O)/C=C/C(=O)O... (method=exact_pref_name_match, frags=1)
2026-07-23 21:52:58 | 02_resolve_smiles | INFO | [614/1211] Resolving: RALTEGRAVIR POTASSIUM
2026-07-23 21:53:00 | 02_resolve_smiles | INFO |   RALTEGRAVIR POTASSIUM: salt stripped (2 frags), removed: ['[K+]']
2026-07-23 21:53:00 | 02_resolve_smiles | INFO |   OK RALTEGRAVIR POTASSIUM -> Cc1nnc(C(=O)NC(C)(C)c2nc(C(=O)NCc3ccc(F)... (method=exact_pref_name_match, frags=2)
2026-07-23 21:53:00 | 02_resolve_smiles | INFO | [615/1211] Resolving: NINTEDANIB ESYLATE
2026-07-23 21:53:02 | 02_resolve_smiles | INFO |   NINTEDANIB ESYLATE: salt stripped (2 frags), removed: ['CCS(=O)(=O)O']
2026-07-23 21:53:02 | 02_resolve_smiles | INFO |   OK NINTEDANIB ESYLATE -> COC(=O)c1ccc2c(c1)NC(=O)/C2=C(\Nc1ccc(N(... (method=exact_pref_name_match, frags=2)
2026-07-23 21:53:02 | 02_resolve_smiles | INFO | [616/1211] Resolving: OMEPRAZOLE MAGNESIUM
2026-07-23 21:53:04 | 02_resolve_smiles | INFO |   OMEPRAZOLE MAGNESIUM: salt stripped (3 frags), removed: ['COc1ccc2[n-]c([S+]([O-])Cc3ncc(C)c(OC)c3C)nc2c1', '[Mg+2]']
2026-07-23 21:53:04 | 02_resolve_smiles | INFO |   OK OMEPRAZOLE MAGNESIUM -> COc1ccc2[n-]c([S+]([O-])Cc3ncc(C)c(OC)c3... (method=exact_pref_name_match, frags=3)
2026-07-23 21:53:04 | 02_resolve_smiles | INFO | [617/1211] Resolving: AFATINIB
2026-07-23 21:53:08 | 02_resolve_smiles | INFO |   OK AFATINIB -> CN(C)C/C=C/C(=O)Nc1cc2c(Nc3ccc(F)c(Cl)c3... (method=exact_pref_name_match, frags=1)
2026-07-23 21:53:08 | 02_resolve_smiles | INFO | [618/1211] Resolving: rucaparib camsylate
2026-07-23 21:53:09 | 02_resolve_smiles | INFO |   rucaparib camsylate: salt stripped (2 frags), removed: ['CC1(C)[C@@H]2CC[C@@]1(CS(=O)(=O)O)C(=O)C2']
2026-07-23 21:53:09 | 02_resolve_smiles | INFO |   OK rucaparib camsylate -> CNCc1ccc(-c2[nH]c3cc(F)cc4c3c2CCNC4=O)cc... (method=exact_pref_name_match, frags=2)
2026-07-23 21:53:09 | 02_resolve_smiles | INFO | [619/1211] Resolving: Voxelotor
2026-07-23 21:53:11 | 02_resolve_smiles | INFO |   OK Voxelotor -> CC(C)n1nccc1-c1ncccc1COc1cccc(O)c1C=O... (method=exact_pref_name_match, frags=1)
2026-07-23 21:53:11 | 02_resolve_smiles | INFO | [620/1211] Resolving: APIXABAN
2026-07-23 21:53:13 | 02_resolve_smiles | INFO |   OK APIXABAN -> COc1ccc(-n2nc(C(N)=O)c3c2C(=O)N(c2ccc(N4... (method=exact_pref_name_match, frags=1)
2026-07-23 21:53:13 | 02_resolve_smiles | INFO | [621/1211] Resolving: LINAGLIPTIN
2026-07-23 21:53:15 | 02_resolve_smiles | INFO |   OK LINAGLIPTIN -> CC#CCn1c(N2CCC[C@@H](N)C2)nc2c1c(=O)n(Cc... (method=exact_pref_name_match, frags=1)
2026-07-23 21:53:15 | 02_resolve_smiles | INFO | [622/1211] Resolving: OZANIMOD HYDROCHLORIDE
2026-07-23 21:53:26 | 02_resolve_smiles | INFO |   OZANIMOD HYDROCHLORIDE: salt stripped (2 frags), removed: ['Cl']
2026-07-23 21:53:26 | 02_resolve_smiles | INFO |   OK OZANIMOD HYDROCHLORIDE -> CC(C)Oc1ccc(-c2nc(-c3cccc4c3CC[C@@H]4NCC... (method=exact_pref_name_match, frags=2)
2026-07-23 21:53:26 | 02_resolve_smiles | INFO | [623/1211] Resolving: BETAINE
2026-07-23 21:53:30 | 02_resolve_smiles | INFO |   OK BETAINE -> C[N+](C)(C)CC(=O)O... (method=exact_pref_name_match, frags=1)
2026-07-23 21:53:30 | 02_resolve_smiles | INFO | [624/1211] Resolving: AURANOFIN
2026-07-23 21:53:38 | 02_resolve_smiles | WARNING |   X AURANOFIN: no_structure --  | No canonical_smiles in ChEMBL response
2026-07-23 21:53:38 | 02_resolve_smiles | INFO | [625/1211] Resolving: OSIMERTINIB
2026-07-23 21:53:59 | 02_resolve_smiles | WARNING | Timeout on attempt 1/3: https://www.ebi.ac.uk/chembl/api/data/molecule/search
2026-07-23 21:54:20 | 02_resolve_smiles | WARNING | Timeout on attempt 2/3: https://www.ebi.ac.uk/chembl/api/data/molecule/search
2026-07-23 21:54:24 | 02_resolve_smiles | INFO |   OK OSIMERTINIB -> C=CC(=O)Nc1cc(Nc2nccc(-c3cn(C)c4ccccc34)... (method=exact_pref_name_match, frags=1)
2026-07-23 21:54:24 | 02_resolve_smiles | INFO | [626/1211] Resolving: Mobocertinib
2026-07-23 21:54:25 | 02_resolve_smiles | INFO |   OK Mobocertinib -> C=CC(=O)Nc1cc(Nc2ncc(C(=O)OC(C)C)c(-c3cn... (method=exact_pref_name_match, frags=1)
2026-07-23 21:54:25 | 02_resolve_smiles | INFO | [627/1211] Resolving: propoxyphene napsylate
2026-07-23 21:54:46 | 02_resolve_smiles | WARNING | Timeout on attempt 1/3: https://www.ebi.ac.uk/chembl/api/data/molecule/search
2026-07-23 21:54:56 | 02_resolve_smiles | INFO |   propoxyphene napsylate: salt stripped (3 frags), removed: ['O=S(=O)(O)c1ccc2ccccc2c1', 'O']
2026-07-23 21:54:56 | 02_resolve_smiles | INFO |   OK propoxyphene napsylate -> CCC(=O)O[C@](Cc1ccccc1)(c1ccccc1)[C@H](C... (method=exact_pref_name_match, frags=3)
2026-07-23 21:54:56 | 02_resolve_smiles | INFO | [628/1211] Resolving: Flibanserin
2026-07-23 21:54:58 | 02_resolve_smiles | INFO |   OK Flibanserin -> O=c1[nH]c2ccccc2n1CCN1CCN(c2cccc(C(F)(F)... (method=exact_pref_name_match, frags=1)
2026-07-23 21:54:58 | 02_resolve_smiles | INFO | [629/1211] Resolving: LEVOMILNACIPRAN HYDROCHLORIDE; levomilnacipran hydrochloride
2026-07-23 21:55:13 | 02_resolve_smiles | WARNING |   LEVOMILNACIPRAN HYDROCHLORIDE; levomilnacipran hydrochloride: fallback to score-based selection -- verify manually if critical
2026-07-23 21:55:13 | 02_resolve_smiles | INFO |   LEVOMILNACIPRAN HYDROCHLORIDE; levomilnacipran hydrochloride: salt stripped (2 frags), removed: ['Cl']
2026-07-23 21:55:13 | 02_resolve_smiles | INFO |   OK LEVOMILNACIPRAN HYDROCHLORIDE; levomilnacipran hydrochloride -> CCN(CC)C(=O)[C@@]1(c2ccccc2)C[C@H]1CN... (method=fallback_highest_score, frags=2)
2026-07-23 21:55:13 | 02_resolve_smiles | INFO | [630/1211] Resolving: ISOCARBOXAZID
2026-07-23 21:55:16 | 02_resolve_smiles | INFO |   OK ISOCARBOXAZID -> Cc1cc(C(=O)NNCc2ccccc2)no1... (method=exact_pref_name_match, frags=1)
2026-07-23 21:55:16 | 02_resolve_smiles | INFO | [631/1211] Resolving: darunavir ethanolate
2026-07-23 21:55:21 | 02_resolve_smiles | INFO |   darunavir ethanolate: salt stripped (2 frags), removed: ['CCO']
2026-07-23 21:55:21 | 02_resolve_smiles | INFO |   OK darunavir ethanolate -> CC(C)CN(C[C@@H](O)[C@H](Cc1ccccc1)NC(=O)... (method=exact_pref_name_match, frags=2)
2026-07-23 21:55:21 | 02_resolve_smiles | INFO | [632/1211] Resolving: EDOXABAN TOSYLATE
2026-07-23 21:55:32 | 02_resolve_smiles | INFO |   EDOXABAN TOSYLATE: salt stripped (2 frags), removed: ['Cc1ccc(S(=O)(=O)O)cc1']
2026-07-23 21:55:32 | 02_resolve_smiles | INFO |   OK EDOXABAN TOSYLATE -> CN1CCc2nc(C(=O)N[C@@H]3C[C@@H](C(=O)N(C)... (method=exact_pref_name_match, frags=2)
2026-07-23 21:55:32 | 02_resolve_smiles | INFO | [633/1211] Resolving: selinexor
2026-07-23 21:55:41 | 02_resolve_smiles | INFO |   OK selinexor -> O=C(/C=C\n1cnc(-c2cc(C(F)(F)F)cc(C(F)(F)... (method=exact_pref_name_match, frags=1)
2026-07-23 21:55:41 | 02_resolve_smiles | INFO | [634/1211] Resolving: FEXINIDAZOLE
2026-07-23 21:55:48 | 02_resolve_smiles | INFO |   OK FEXINIDAZOLE -> CSc1ccc(OCc2ncc([N+](=O)[O-])n2C)cc1... (method=exact_pref_name_match, frags=1)
2026-07-23 21:55:48 | 02_resolve_smiles | INFO | [635/1211] Resolving: FOSTEMSAVIR TROMETHAMINE
2026-07-23 21:55:55 | 02_resolve_smiles | INFO |   FOSTEMSAVIR TROMETHAMINE: salt stripped (2 frags), removed: ['NC(CO)(CO)CO']
2026-07-23 21:55:55 | 02_resolve_smiles | INFO |   OK FOSTEMSAVIR TROMETHAMINE -> COc1cnc(-n2cnc(C)n2)c2c1c(C(=O)C(=O)N1CC... (method=exact_pref_name_match, frags=2)
2026-07-23 21:55:55 | 02_resolve_smiles | INFO | [636/1211] Resolving: uridine triacetate
2026-07-23 21:55:58 | 02_resolve_smiles | INFO |   OK uridine triacetate -> CC(=O)OC[C@H]1O[C@@H](n2ccc(=O)[nH]c2=O)... (method=exact_pref_name_match, frags=1)
2026-07-23 21:55:58 | 02_resolve_smiles | INFO | [637/1211] Resolving: odevixibat
2026-07-23 21:55:59 | 02_resolve_smiles | INFO |   OK odevixibat -> CCCCC1(CCCC)CN(c2ccccc2)c2cc(SC)c(OCC(=O... (method=exact_pref_name_match, frags=1)
2026-07-23 21:55:59 | 02_resolve_smiles | INFO | [638/1211] Resolving: VOCLOSPORIN
2026-07-23 21:56:04 | 02_resolve_smiles | INFO |   OK VOCLOSPORIN -> C=C/C=C/C[C@@H](C)[C@@H](O)[C@H]1C(=O)N[... (method=exact_pref_name_match, frags=1)
2026-07-23 21:56:04 | 02_resolve_smiles | INFO | [639/1211] Resolving: TRIHEPTANOIN
2026-07-23 21:56:06 | 02_resolve_smiles | INFO |   OK TRIHEPTANOIN -> CCCCCCC(=O)OCC(COC(=O)CCCCCC)OC(=O)CCCCC... (method=exact_pref_name_match, frags=1)
2026-07-23 21:56:06 | 02_resolve_smiles | INFO | [640/1211] Resolving: NABILONE
2026-07-23 21:56:08 | 02_resolve_smiles | INFO |   OK NABILONE -> CCCCCCC(C)(C)c1cc(O)c2c(c1)OC(C)(C)C1CCC... (method=exact_pref_name_match, frags=1)
2026-07-23 21:56:08 | 02_resolve_smiles | INFO | [641/1211] Resolving: brexpiprazole
2026-07-23 21:56:09 | 02_resolve_smiles | INFO |   OK brexpiprazole -> O=c1ccc2ccc(OCCCCN3CCN(c4cccc5sccc45)CC3... (method=exact_pref_name_match, frags=1)
2026-07-23 21:56:09 | 02_resolve_smiles | INFO | [642/1211] Resolving: istradefylline
2026-07-23 21:56:15 | 02_resolve_smiles | INFO |   OK istradefylline -> CCn1c(=O)c2c(nc(/C=C/c3ccc(OC)c(OC)c3)n2... (method=exact_pref_name_match, frags=1)
2026-07-23 21:56:15 | 02_resolve_smiles | INFO | [643/1211] Resolving: FENFLURAMINE
2026-07-23 21:56:17 | 02_resolve_smiles | INFO |   OK FENFLURAMINE -> CCNC(C)Cc1cccc(C(F)(F)F)c1... (method=exact_pref_name_match, frags=1)
2026-07-23 21:56:17 | 02_resolve_smiles | INFO | [644/1211] Resolving: LEVOKETOCONAZOLE
2026-07-23 21:56:20 | 02_resolve_smiles | INFO |   OK LEVOKETOCONAZOLE -> CC(=O)N1CCN(c2ccc(OC[C@@H]3CO[C@@](Cn4cc... (method=exact_pref_name_match, frags=1)
2026-07-23 21:56:20 | 02_resolve_smiles | INFO | [645/1211] Resolving: SOTORASIB
2026-07-23 21:56:23 | 02_resolve_smiles | INFO |   OK SOTORASIB -> C=CC(=O)N1CCN(c2nc(=O)n(-c3c(C)ccnc3C(C)... (method=exact_pref_name_match, frags=1)
2026-07-23 21:56:23 | 02_resolve_smiles | INFO | [646/1211] Resolving: PHENELZINE SULFATE
2026-07-23 21:56:28 | 02_resolve_smiles | INFO |   PHENELZINE SULFATE: salt stripped (2 frags), removed: ['O=S(=O)(O)O']
2026-07-23 21:56:28 | 02_resolve_smiles | INFO |   OK PHENELZINE SULFATE -> NNCCc1ccccc1... (method=exact_pref_name_match, frags=2)
2026-07-23 21:56:28 | 02_resolve_smiles | INFO | [647/1211] Resolving: VISMODEGIB
2026-07-23 21:56:42 | 02_resolve_smiles | INFO |   OK VISMODEGIB -> CS(=O)(=O)c1ccc(C(=O)Nc2ccc(Cl)c(-c3cccc... (method=exact_pref_name_match, frags=1)
2026-07-23 21:56:42 | 02_resolve_smiles | INFO | [648/1211] Resolving: rilpivirine hydrochloride
2026-07-23 21:56:46 | 02_resolve_smiles | INFO |   rilpivirine hydrochloride: salt stripped (2 frags), removed: ['Cl']
2026-07-23 21:56:46 | 02_resolve_smiles | INFO |   OK rilpivirine hydrochloride -> Cc1cc(/C=C/C#N)cc(C)c1Nc1ccnc(Nc2ccc(C#N... (method=exact_pref_name_match, frags=2)
2026-07-23 21:56:46 | 02_resolve_smiles | INFO | [649/1211] Resolving: METHYLPHENIDATE
2026-07-23 21:56:53 | 02_resolve_smiles | INFO |   OK METHYLPHENIDATE -> COC(=O)C(c1ccccc1)C1CCCCN1... (method=exact_pref_name_match, frags=1)
2026-07-23 21:56:53 | 02_resolve_smiles | INFO | [650/1211] Resolving: VEMURAFENIB
2026-07-23 21:56:54 | 02_resolve_smiles | INFO |   OK VEMURAFENIB -> CCCS(=O)(=O)Nc1ccc(F)c(C(=O)c2c[nH]c3ncc... (method=exact_pref_name_match, frags=1)
2026-07-23 21:56:54 | 02_resolve_smiles | INFO |   [Checkpoint saved at 650 compounds]
2026-07-23 21:56:54 | 02_resolve_smiles | INFO | [651/1211] Resolving: ivacaftor
2026-07-23 21:57:03 | 02_resolve_smiles | INFO |   OK ivacaftor -> CC(C)(C)c1cc(C(C)(C)C)c(NC(=O)c2c[nH]c3c... (method=exact_pref_name_match, frags=1)
2026-07-23 21:57:03 | 02_resolve_smiles | INFO | [652/1211] Resolving: IBRUTINIB
2026-07-23 21:57:05 | 02_resolve_smiles | INFO |   OK IBRUTINIB -> C=CC(=O)N1CCC[C@@H](n2nc(-c3ccc(Oc4ccccc... (method=exact_pref_name_match, frags=1)
2026-07-23 21:57:05 | 02_resolve_smiles | INFO | [653/1211] Resolving: PRALSETINIB
2026-07-23 21:57:07 | 02_resolve_smiles | INFO |   OK PRALSETINIB -> CO[C@]1(C(=O)N[C@@H](C)c2ccc(-n3cc(F)cn3... (method=exact_pref_name_match, frags=1)
2026-07-23 21:57:07 | 02_resolve_smiles | INFO | [654/1211] Resolving: DOLUTEGRAVIR SODIUM
2026-07-23 21:57:15 | 02_resolve_smiles | INFO |   DOLUTEGRAVIR SODIUM: salt stripped (2 frags), removed: ['[Na+]']
2026-07-23 21:57:15 | 02_resolve_smiles | INFO |   OK DOLUTEGRAVIR SODIUM -> C[C@@H]1CCO[C@H]2Cn3cc(C(=O)NCc4ccc(F)cc... (method=exact_pref_name_match, frags=2)
2026-07-23 21:57:15 | 02_resolve_smiles | INFO | [655/1211] Resolving: patiromer
2026-07-23 21:57:20 | 02_resolve_smiles | WARNING |   X patiromer: no_structure --  | No canonical_smiles in ChEMBL response
2026-07-23 21:57:20 | 02_resolve_smiles | INFO | [656/1211] Resolving: Bempedoic Acid
2026-07-23 21:57:23 | 02_resolve_smiles | INFO |   OK Bempedoic Acid -> CC(C)(CCCCCC(O)CCCCCC(C)(C)C(=O)O)C(=O)O... (method=exact_pref_name_match, frags=1)
2026-07-23 21:57:23 | 02_resolve_smiles | INFO | [657/1211] Resolving: TERIFLUNOMIDE
2026-07-23 21:57:26 | 02_resolve_smiles | INFO |   OK TERIFLUNOMIDE -> C/C(O)=C(\C#N)C(=O)Nc1ccc(C(F)(F)F)cc1... (method=exact_pref_name_match, frags=1)
2026-07-23 21:57:26 | 02_resolve_smiles | INFO | [658/1211] Resolving: CANNABIDIOL
2026-07-23 21:57:28 | 02_resolve_smiles | INFO |   OK CANNABIDIOL -> C=C(C)[C@@H]1CCC(C)=C[C@H]1c1c(O)cc(CCCC... (method=exact_pref_name_match, frags=1)
2026-07-23 21:57:28 | 02_resolve_smiles | INFO | [659/1211] Resolving: CHLORAMBUCIL
2026-07-23 21:57:39 | 02_resolve_smiles | INFO |   OK CHLORAMBUCIL -> O=C(O)CCCc1ccc(N(CCCl)CCCl)cc1... (method=exact_pref_name_match, frags=1)
2026-07-23 21:57:39 | 02_resolve_smiles | INFO | [660/1211] Resolving: BINIMETINIB
2026-07-23 21:57:41 | 02_resolve_smiles | INFO |   OK BINIMETINIB -> Cn1cnc2c(F)c(Nc3ccc(Br)cc3F)c(C(=O)NOCCO... (method=exact_pref_name_match, frags=1)
2026-07-23 21:57:41 | 02_resolve_smiles | INFO | [661/1211] Resolving: DICLOFENAC
2026-07-23 21:57:44 | 02_resolve_smiles | INFO |   OK DICLOFENAC -> O=C(O)Cc1ccccc1Nc1c(Cl)cccc1Cl... (method=exact_pref_name_match, frags=1)
2026-07-23 21:57:44 | 02_resolve_smiles | INFO | [662/1211] Resolving: RIMEGEPANT SULFATE
2026-07-23 21:57:47 | 02_resolve_smiles | INFO |   RIMEGEPANT SULFATE: salt stripped (6 frags), removed: ['N[C@@H]1c2cccnc2[C@H](OC(=O)N2CCC(n3c(=O)[nH]c4ncccc43)CC2)CC[C@H]1c1cccc(F)c1F', 'O=S(=O)(O)O', 'O', 'O', 'O']
2026-07-23 21:57:47 | 02_resolve_smiles | INFO |   OK RIMEGEPANT SULFATE -> N[C@@H]1c2cccnc2[C@H](OC(=O)N2CCC(n3c(=O... (method=exact_pref_name_match, frags=6)
2026-07-23 21:57:47 | 02_resolve_smiles | INFO | [663/1211] Resolving: LEVAMLODIPINE MALEATE
2026-07-23 21:57:54 | 02_resolve_smiles | INFO |   LEVAMLODIPINE MALEATE: salt stripped (2 frags), removed: ['O=C(O)/C=C\\C(=O)O']
2026-07-23 21:57:54 | 02_resolve_smiles | INFO |   OK LEVAMLODIPINE MALEATE -> CCOC(=O)C1=C(COCCN)NC(C)=C(C(=O)OC)[C@@H... (method=exact_pref_name_match, frags=2)
2026-07-23 21:57:54 | 02_resolve_smiles | INFO | [664/1211] Resolving: CODEINE SULFATE
2026-07-23 21:58:02 | 02_resolve_smiles | INFO |   CODEINE SULFATE: salt stripped (6 frags), removed: ['COc1ccc2c3c1O[C@H]1[C@@H](O)C=C[C@H]4[C@@H](C2)N(C)CC[C@@]341', 'O=S(=O)(O)O', 'O', 'O', 'O']
2026-07-23 21:58:02 | 02_resolve_smiles | INFO |   OK CODEINE SULFATE -> COc1ccc2c3c1O[C@H]1[C@@H](O)C=C[C@H]4[C@... (method=exact_pref_name_match, frags=6)
2026-07-23 21:58:02 | 02_resolve_smiles | INFO | [665/1211] Resolving: FENOPROFEN CALCIUM
2026-07-23 21:58:11 | 02_resolve_smiles | INFO |   FENOPROFEN CALCIUM: salt stripped (5 frags), removed: ['CC(C(=O)[O-])c1cccc(Oc2ccccc2)c1', 'O', 'O', '[Ca+2]']
2026-07-23 21:58:11 | 02_resolve_smiles | INFO |   OK FENOPROFEN CALCIUM -> CC(C(=O)[O-])c1cccc(Oc2ccccc2)c1... (method=exact_pref_name_match, frags=5)
2026-07-23 21:58:11 | 02_resolve_smiles | INFO | [666/1211] Resolving: canagliflozin
2026-07-23 21:58:19 | 02_resolve_smiles | INFO |   canagliflozin: salt stripped (2 frags), removed: ['O']
2026-07-23 21:58:19 | 02_resolve_smiles | INFO |   OK canagliflozin -> Cc1ccc([C@@H]2O[C@H](CO)[C@@H](O)[C@H](O... (method=exact_pref_name_match, frags=2)
2026-07-23 21:58:19 | 02_resolve_smiles | INFO | [667/1211] Resolving: Glutamine
2026-07-23 21:58:21 | 02_resolve_smiles | INFO |   OK Glutamine -> NC(=O)CC[C@H](N)C(=O)O... (method=exact_pref_name_match, frags=1)
2026-07-23 21:58:21 | 02_resolve_smiles | INFO | [668/1211] Resolving: LORCASERIN HYDROCHLORIDE ANHYDROUS
2026-07-23 21:58:38 | 02_resolve_smiles | WARNING |   LORCASERIN HYDROCHLORIDE ANHYDROUS: fallback to score-based selection -- verify manually if critical
2026-07-23 21:58:38 | 02_resolve_smiles | INFO |   LORCASERIN HYDROCHLORIDE ANHYDROUS: salt stripped (2 frags), removed: ['Cl']
2026-07-23 21:58:38 | 02_resolve_smiles | INFO |   OK LORCASERIN HYDROCHLORIDE ANHYDROUS -> C[C@H]1CNCCc2ccc(Cl)cc21... (method=fallback_highest_score, frags=2)
2026-07-23 21:58:38 | 02_resolve_smiles | INFO | [669/1211] Resolving: roflumilast
2026-07-23 21:58:42 | 02_resolve_smiles | INFO |   OK roflumilast -> O=C(Nc1c(Cl)cncc1Cl)c1ccc(OC(F)F)c(OCC2C... (method=exact_pref_name_match, frags=1)
2026-07-23 21:58:42 | 02_resolve_smiles | INFO | [670/1211] Resolving: LEMBOREXANT
2026-07-23 21:58:47 | 02_resolve_smiles | INFO |   OK LEMBOREXANT -> Cc1ncc(OC[C@@]2(c3cccc(F)c3)C[C@H]2C(=O)... (method=exact_pref_name_match, frags=1)
2026-07-23 21:58:47 | 02_resolve_smiles | INFO | [671/1211] Resolving: METHSUXIMIDE
2026-07-23 21:58:50 | 02_resolve_smiles | INFO |   OK METHSUXIMIDE -> CN1C(=O)CC(C)(c2ccccc2)C1=O... (method=exact_pref_name_match, frags=1)
2026-07-23 21:58:50 | 02_resolve_smiles | INFO | [672/1211] Resolving: LEVOCARNITINE
2026-07-23 21:59:00 | 02_resolve_smiles | INFO |   OK LEVOCARNITINE -> C[N+](C)(C)C[C@H](O)CC(=O)[O-]... (method=exact_pref_name_match, frags=1)
2026-07-23 21:59:00 | 02_resolve_smiles | INFO | [673/1211] Resolving: suvorexant
2026-07-23 21:59:03 | 02_resolve_smiles | INFO |   OK suvorexant -> Cc1ccc(-n2nccn2)c(C(=O)N2CCN(c3nc4cc(Cl)... (method=exact_pref_name_match, frags=1)
2026-07-23 21:59:03 | 02_resolve_smiles | INFO | [674/1211] Resolving: Obeticholic Acid
2026-07-23 21:59:07 | 02_resolve_smiles | INFO |   OK Obeticholic Acid -> CC[C@H]1[C@@H](O)[C@@H]2[C@H](CC[C@]3(C)... (method=exact_pref_name_match, frags=1)
2026-07-23 21:59:07 | 02_resolve_smiles | INFO | [675/1211] Resolving: CARBINOXAMINE MALEATE
2026-07-23 21:59:13 | 02_resolve_smiles | INFO |   CARBINOXAMINE MALEATE: salt stripped (2 frags), removed: ['O=C(O)/C=C\\C(=O)O']
2026-07-23 21:59:13 | 02_resolve_smiles | INFO |   OK CARBINOXAMINE MALEATE -> CN(C)CCOC(c1ccc(Cl)cc1)c1ccccn1... (method=exact_pref_name_match, frags=2)
2026-07-23 21:59:13 | 02_resolve_smiles | INFO | [676/1211] Resolving: Erythromycin Ethylsuccinate
2026-07-23 21:59:20 | 02_resolve_smiles | INFO |   OK Erythromycin Ethylsuccinate -> CCOC(=O)CCC(=O)O[C@H]1[C@H](O[C@@H]2[C@@... (method=exact_pref_name_match, frags=1)
2026-07-23 21:59:20 | 02_resolve_smiles | INFO | [677/1211] Resolving: BUPROPION HYDROCHLORIDE
2026-07-23 21:59:23 | 02_resolve_smiles | INFO |   BUPROPION HYDROCHLORIDE: salt stripped (2 frags), removed: ['Cl']
2026-07-23 21:59:23 | 02_resolve_smiles | INFO |   OK BUPROPION HYDROCHLORIDE -> CC(NC(C)(C)C)C(=O)c1cccc(Cl)c1... (method=exact_pref_name_match, frags=2)
2026-07-23 21:59:23 | 02_resolve_smiles | INFO | [678/1211] Resolving: DESVENLAFAXINE SUCCINATE
2026-07-23 21:59:31 | 02_resolve_smiles | INFO |   DESVENLAFAXINE SUCCINATE: salt stripped (2 frags), removed: ['O=C(O)CCC(=O)O']
2026-07-23 21:59:31 | 02_resolve_smiles | INFO |   OK DESVENLAFAXINE SUCCINATE -> CN(C)CC(c1ccc(O)cc1)C1(O)CCCCC1... (method=exact_pref_name_match, frags=2)
2026-07-23 21:59:31 | 02_resolve_smiles | INFO | [679/1211] Resolving: TETRABENAZINE
2026-07-23 21:59:39 | 02_resolve_smiles | INFO |   OK TETRABENAZINE -> COc1cc2c(cc1OC)C1CC(=O)C(CC(C)C)CN1CC2... (method=exact_pref_name_match, frags=1)
2026-07-23 21:59:39 | 02_resolve_smiles | INFO | [680/1211] Resolving: NALTREXONE HYDROCHLORIDE
2026-07-23 21:59:48 | 02_resolve_smiles | INFO |   NALTREXONE HYDROCHLORIDE: salt stripped (2 frags), removed: ['Cl']
2026-07-23 21:59:48 | 02_resolve_smiles | INFO |   OK NALTREXONE HYDROCHLORIDE -> O=C1CC[C@@]2(O)[C@H]3Cc4ccc(O)c5c4[C@@]2... (method=exact_pref_name_match, frags=2)
2026-07-23 21:59:48 | 02_resolve_smiles | INFO | [681/1211] Resolving: CEFUROXIME AXETIL
2026-07-23 21:59:50 | 02_resolve_smiles | INFO |   OK CEFUROXIME AXETIL -> CO/N=C(\C(=O)N[C@@H]1C(=O)N2C(C(=O)OC(C)... (method=exact_pref_name_match, frags=1)
2026-07-23 21:59:50 | 02_resolve_smiles | INFO | [682/1211] Resolving: PYRIMETHAMINE
2026-07-23 21:59:55 | 02_resolve_smiles | INFO |   OK PYRIMETHAMINE -> CCc1nc(N)nc(N)c1-c1ccc(Cl)cc1... (method=exact_pref_name_match, frags=1)
2026-07-23 21:59:55 | 02_resolve_smiles | INFO | [683/1211] Resolving: ALPRAZOLAM
2026-07-23 22:00:01 | 02_resolve_smiles | INFO |   OK ALPRAZOLAM -> Cc1nnc2n1-c1ccc(Cl)cc1C(c1ccccc1)=NC2... (method=exact_pref_name_match, frags=1)
2026-07-23 22:00:01 | 02_resolve_smiles | INFO | [684/1211] Resolving: ATORVASTATIN CALCIUM PROPYLENE GLYCOL SOLVATE
2026-07-23 22:00:04 | 02_resolve_smiles | WARNING |   ATORVASTATIN CALCIUM PROPYLENE GLYCOL SOLVATE: fallback to score-based selection -- verify manually if critical
2026-07-23 22:00:04 | 02_resolve_smiles | INFO |   ATORVASTATIN CALCIUM PROPYLENE GLYCOL SOLVATE: salt stripped (3 frags), removed: ['CC(C)c1c(C(=O)Nc2ccccc2)c(-c2ccccc2)c(-c2ccc(F)cc2)n1CC[C@@H](O)C[C@@H](O)CC(=O)[O-]', '[Ca+2]']
2026-07-23 22:00:04 | 02_resolve_smiles | INFO |   OK ATORVASTATIN CALCIUM PROPYLENE GLYCOL SOLVATE -> CC(C)c1c(C(=O)Nc2ccccc2)c(-c2ccccc2)c(-c... (method=fallback_highest_score, frags=3)
2026-07-23 22:00:04 | 02_resolve_smiles | INFO | [685/1211] Resolving: ISRADIPINE
2026-07-23 22:00:07 | 02_resolve_smiles | INFO |   OK ISRADIPINE -> COC(=O)C1=C(C)NC(C)=C(C(=O)OC(C)C)C1c1cc... (method=exact_pref_name_match, frags=1)
2026-07-23 22:00:07 | 02_resolve_smiles | INFO | [686/1211] Resolving: ATOVAQUONE
2026-07-23 22:00:12 | 02_resolve_smiles | INFO |   OK ATOVAQUONE -> O=C1C(O)=C([C@H]2CC[C@H](c3ccc(Cl)cc3)CC... (method=exact_pref_name_match, frags=1)
2026-07-23 22:00:12 | 02_resolve_smiles | INFO | [687/1211] Resolving: CALCIUM ACETATE
2026-07-23 22:00:20 | 02_resolve_smiles | INFO |   CALCIUM ACETATE: salt stripped (3 frags), removed: ['CC(=O)[O-]', '[Ca+2]']
2026-07-23 22:00:20 | 02_resolve_smiles | INFO |   OK CALCIUM ACETATE -> CC(=O)[O-]... (method=exact_pref_name_match, frags=3)
2026-07-23 22:00:20 | 02_resolve_smiles | INFO | [688/1211] Resolving: INDOMETHACIN
2026-07-23 22:00:27 | 02_resolve_smiles | INFO |   OK INDOMETHACIN -> COc1ccc2c(c1)c(CC(=O)O)c(C)n2C(=O)c1ccc(... (method=exact_pref_name_match, frags=1)
2026-07-23 22:00:27 | 02_resolve_smiles | INFO | [689/1211] Resolving: SUCRALFATE
2026-07-23 22:00:29 | 02_resolve_smiles | WARNING |   X SUCRALFATE: no_structure --  | No canonical_smiles in ChEMBL response
2026-07-23 22:00:29 | 02_resolve_smiles | INFO | [690/1211] Resolving: BOSENTAN ANHYDROUS
2026-07-23 22:00:33 | 02_resolve_smiles | WARNING |   BOSENTAN ANHYDROUS: fallback to score-based selection -- verify manually if critical
2026-07-23 22:00:33 | 02_resolve_smiles | INFO |   OK BOSENTAN ANHYDROUS -> COc1ccccc1Oc1c(NS(=O)(=O)c2ccc(C(C)(C)C)... (method=fallback_highest_score, frags=1)
2026-07-23 22:00:33 | 02_resolve_smiles | INFO | [691/1211] Resolving: COLESTIPOL HYDROCHLORIDE
2026-07-23 22:00:36 | 02_resolve_smiles | WARNING |   X COLESTIPOL HYDROCHLORIDE: no_structure --  | No canonical_smiles in ChEMBL response
2026-07-23 22:00:36 | 02_resolve_smiles | INFO | [692/1211] Resolving: FELBAMATE
2026-07-23 22:00:38 | 02_resolve_smiles | INFO |   OK FELBAMATE -> NC(=O)OCC(COC(N)=O)c1ccccc1... (method=exact_pref_name_match, frags=1)
2026-07-23 22:00:38 | 02_resolve_smiles | INFO | [693/1211] Resolving: HYDROXYUREA
2026-07-23 22:00:40 | 02_resolve_smiles | INFO |   OK HYDROXYUREA -> NC(=O)NO... (method=exact_pref_name_match, frags=1)
2026-07-23 22:00:40 | 02_resolve_smiles | INFO | [694/1211] Resolving: LOXAPINE SUCCINATE
2026-07-23 22:00:43 | 02_resolve_smiles | INFO |   LOXAPINE SUCCINATE: salt stripped (2 frags), removed: ['O=C(O)CCC(=O)O']
2026-07-23 22:00:43 | 02_resolve_smiles | INFO |   OK LOXAPINE SUCCINATE -> CN1CCN(C2=Nc3ccccc3Oc3ccc(Cl)cc32)CC1... (method=exact_pref_name_match, frags=2)
2026-07-23 22:00:43 | 02_resolve_smiles | INFO | [695/1211] Resolving: PIOGLITAZONE
2026-07-23 22:00:46 | 02_resolve_smiles | INFO |   OK PIOGLITAZONE -> CCc1ccc(CCOc2ccc(CC3SC(=O)NC3=O)cc2)nc1... (method=exact_pref_name_match, frags=1)
2026-07-23 22:00:46 | 02_resolve_smiles | INFO | [696/1211] Resolving: ACYCLOVIR
2026-07-23 22:00:49 | 02_resolve_smiles | INFO |   OK ACYCLOVIR -> Nc1nc2c(ncn2COCCO)c(=O)[nH]1... (method=exact_pref_name_match, frags=1)
2026-07-23 22:00:49 | 02_resolve_smiles | INFO | [697/1211] Resolving: MORPHINE SULFATE
2026-07-23 22:00:52 | 02_resolve_smiles | INFO |   MORPHINE SULFATE: salt stripped (8 frags), removed: ['CN1CC[C@]23c4c5ccc(O)c4O[C@H]2[C@@H](O)C=C[C@H]3[C@H]1C5', 'O=S(=O)(O)O', 'O', 'O', 'O', 'O', 'O']
2026-07-23 22:00:52 | 02_resolve_smiles | INFO |   OK MORPHINE SULFATE -> CN1CC[C@]23c4c5ccc(O)c4O[C@H]2[C@@H](O)C... (method=exact_pref_name_match, frags=8)
2026-07-23 22:00:52 | 02_resolve_smiles | INFO | [698/1211] Resolving: PAROXETINE HYDROCHLORIDE HEMIHYDRATE
2026-07-23 22:00:55 | 02_resolve_smiles | INFO |   PAROXETINE HYDROCHLORIDE HEMIHYDRATE: salt stripped (3 frags), removed: ['Cl', 'O']
2026-07-23 22:00:55 | 02_resolve_smiles | INFO |   OK PAROXETINE HYDROCHLORIDE HEMIHYDRATE -> Fc1ccc([C@@H]2CCNC[C@H]2COc2ccc3c(c2)OCO... (method=exact_pref_name_match, frags=3)
2026-07-23 22:00:55 | 02_resolve_smiles | INFO | [699/1211] Resolving: PRAZOSIN HYDROCHLORIDE
2026-07-23 22:00:58 | 02_resolve_smiles | INFO |   PRAZOSIN HYDROCHLORIDE: salt stripped (2 frags), removed: ['Cl']
2026-07-23 22:00:58 | 02_resolve_smiles | INFO |   OK PRAZOSIN HYDROCHLORIDE -> COc1cc2nc(N3CCN(C(=O)c4ccco4)CC3)nc(N)c2... (method=exact_pref_name_match, frags=2)
2026-07-23 22:00:58 | 02_resolve_smiles | INFO | [700/1211] Resolving: ZOLPIDEM TARTRATE
2026-07-23 22:01:01 | 02_resolve_smiles | INFO |   ZOLPIDEM TARTRATE: salt stripped (3 frags), removed: ['Cc1ccc(-c2nc3ccc(C)cn3c2CC(=O)N(C)C)cc1', 'O=C(O)C(O)C(O)C(=O)O']
2026-07-23 22:01:01 | 02_resolve_smiles | INFO |   OK ZOLPIDEM TARTRATE -> Cc1ccc(-c2nc3ccc(C)cn3c2CC(=O)N(C)C)cc1... (method=exact_pref_name_match, frags=3)
2026-07-23 22:01:01 | 02_resolve_smiles | INFO |   [Checkpoint saved at 700 compounds]
2026-07-23 22:01:01 | 02_resolve_smiles | INFO | [701/1211] Resolving: MYCOPHENOLATE SODIUM
2026-07-23 22:01:04 | 02_resolve_smiles | INFO |   MYCOPHENOLATE SODIUM: salt stripped (2 frags), removed: ['[Na+]']
2026-07-23 22:01:04 | 02_resolve_smiles | INFO |   OK MYCOPHENOLATE SODIUM -> COc1c(C)c2c(c(O)c1C/C=C(\C)CCC(=O)[O-])C... (method=exact_pref_name_match, frags=2)
2026-07-23 22:01:04 | 02_resolve_smiles | INFO | [702/1211] Resolving: TRIAMTERENE
2026-07-23 22:01:05 | 02_resolve_smiles | INFO |   OK TRIAMTERENE -> Nc1nc(N)c2nc(-c3ccccc3)c(N)nc2n1... (method=exact_pref_name_match, frags=1)
2026-07-23 22:01:05 | 02_resolve_smiles | INFO | [703/1211] Resolving: RIZATRIPTAN BENZOATE
2026-07-23 22:01:09 | 02_resolve_smiles | INFO |   RIZATRIPTAN BENZOATE: salt stripped (2 frags), removed: ['O=C(O)c1ccccc1']
2026-07-23 22:01:09 | 02_resolve_smiles | INFO |   OK RIZATRIPTAN BENZOATE -> CN(C)CCc1c[nH]c2ccc(Cn3cncn3)cc12... (method=exact_pref_name_match, frags=2)
2026-07-23 22:01:09 | 02_resolve_smiles | INFO | [704/1211] Resolving: TACROLIMUS
2026-07-23 22:01:11 | 02_resolve_smiles | INFO |   TACROLIMUS: salt stripped (2 frags), removed: ['O']
2026-07-23 22:01:11 | 02_resolve_smiles | INFO |   OK TACROLIMUS -> C=CC[C@@H]1/C=C(\C)C[C@H](C)C[C@H](OC)[C... (method=exact_pref_name_match, frags=2)
2026-07-23 22:01:11 | 02_resolve_smiles | INFO | [705/1211] Resolving: IBUPROFEN
2026-07-23 22:01:14 | 02_resolve_smiles | INFO |   OK IBUPROFEN -> CC(C)Cc1ccc(C(C)C(=O)O)cc1... (method=exact_pref_name_match, frags=1)
2026-07-23 22:01:14 | 02_resolve_smiles | INFO | [706/1211] Resolving: RUFINAMIDE
2026-07-23 22:01:15 | 02_resolve_smiles | INFO |   OK RUFINAMIDE -> NC(=O)c1cn(Cc2c(F)cccc2F)nn1... (method=exact_pref_name_match, frags=1)
2026-07-23 22:01:15 | 02_resolve_smiles | INFO | [707/1211] Resolving: CIMETIDINE HYDROCHLORIDE
2026-07-23 22:01:18 | 02_resolve_smiles | INFO |   CIMETIDINE HYDROCHLORIDE: salt stripped (2 frags), removed: ['Cl']
2026-07-23 22:01:18 | 02_resolve_smiles | INFO |   OK CIMETIDINE HYDROCHLORIDE -> CN/C(=N\CCSCc1nc[nH]c1C)NC#N... (method=exact_pref_name_match, frags=2)
2026-07-23 22:01:18 | 02_resolve_smiles | INFO | [708/1211] Resolving: CLONIDINE HYDROCHLORIDE
2026-07-23 22:01:22 | 02_resolve_smiles | INFO |   CLONIDINE HYDROCHLORIDE: salt stripped (2 frags), removed: ['Cl']
2026-07-23 22:01:22 | 02_resolve_smiles | INFO |   OK CLONIDINE HYDROCHLORIDE -> Clc1cccc(Cl)c1NC1=NCCN1... (method=exact_pref_name_match, frags=2)
2026-07-23 22:01:22 | 02_resolve_smiles | INFO | [709/1211] Resolving: METHAZOLAMIDE
2026-07-23 22:01:23 | 02_resolve_smiles | INFO |   OK METHAZOLAMIDE -> CC(=O)/N=c1/sc(S(N)(=O)=O)nn1C... (method=exact_pref_name_match, frags=1)
2026-07-23 22:01:23 | 02_resolve_smiles | INFO | [710/1211] Resolving: METOPROLOL TARTRATE
2026-07-23 22:01:26 | 02_resolve_smiles | INFO |   METOPROLOL TARTRATE: salt stripped (3 frags), removed: ['COCCc1ccc(OCC(O)CNC(C)C)cc1', 'O=C(O)C(O)C(O)C(=O)O']
2026-07-23 22:01:26 | 02_resolve_smiles | INFO |   OK METOPROLOL TARTRATE -> COCCc1ccc(OCC(O)CNC(C)C)cc1... (method=exact_pref_name_match, frags=3)
2026-07-23 22:01:26 | 02_resolve_smiles | INFO | [711/1211] Resolving: SIROLIMUS
2026-07-23 22:01:28 | 02_resolve_smiles | INFO |   OK SIROLIMUS -> CO[C@H]1C[C@@H]2CC[C@@H](C)[C@@](O)(O2)C... (method=exact_pref_name_match, frags=1)
2026-07-23 22:01:28 | 02_resolve_smiles | INFO | [712/1211] Resolving: TORSEMIDE
2026-07-23 22:01:30 | 02_resolve_smiles | INFO |   OK TORSEMIDE -> Cc1cccc(Nc2ccncc2S(=O)(=O)NC(=O)NC(C)C)c... (method=exact_pref_name_match, frags=1)
2026-07-23 22:01:30 | 02_resolve_smiles | INFO | [713/1211] Resolving: OXCARBAZEPINE
2026-07-23 22:01:32 | 02_resolve_smiles | INFO |   OK OXCARBAZEPINE -> NC(=O)N1c2ccccc2CC(=O)c2ccccc21... (method=exact_pref_name_match, frags=1)
2026-07-23 22:01:32 | 02_resolve_smiles | INFO | [714/1211] Resolving: CLINDAMYCIN PALMITATE HYDROCHLORIDE
2026-07-23 22:01:34 | 02_resolve_smiles | INFO |   CLINDAMYCIN PALMITATE HYDROCHLORIDE: salt stripped (2 frags), removed: ['Cl']
2026-07-23 22:01:34 | 02_resolve_smiles | INFO |   OK CLINDAMYCIN PALMITATE HYDROCHLORIDE -> CCCCCCCCCCCCCCCC(=O)O[C@@H]1[C@@H](O)[C@... (method=exact_pref_name_match, frags=2)
2026-07-23 22:01:34 | 02_resolve_smiles | INFO | [715/1211] Resolving: MELOXICAM
2026-07-23 22:01:36 | 02_resolve_smiles | INFO |   OK MELOXICAM -> Cc1cnc(NC(=O)C2=C(O)c3ccccc3S(=O)(=O)N2C... (method=exact_pref_name_match, frags=1)
2026-07-23 22:01:36 | 02_resolve_smiles | INFO | [716/1211] Resolving: METHYLTESTOSTERONE
2026-07-23 22:01:38 | 02_resolve_smiles | INFO |   OK METHYLTESTOSTERONE -> C[C@]12CCC(=O)C=C1CC[C@@H]1[C@@H]2CC[C@@... (method=exact_pref_name_match, frags=1)
2026-07-23 22:01:38 | 02_resolve_smiles | INFO | [717/1211] Resolving: GLYCOPYRROLATE
2026-07-23 22:01:40 | 02_resolve_smiles | WARNING |   GLYCOPYRROLATE: fallback to score-based selection -- verify manually if critical
2026-07-23 22:01:40 | 02_resolve_smiles | INFO |   OK GLYCOPYRROLATE -> C[N+]1(C)CCC(OC(=O)C(O)(c2ccccc2)C2CCCC2... (method=fallback_highest_score, frags=1)
2026-07-23 22:01:40 | 02_resolve_smiles | INFO | [718/1211] Resolving: DEFERASIROX
2026-07-23 22:01:41 | 02_resolve_smiles | INFO |   OK DEFERASIROX -> O=C(O)c1ccc(-n2nc(-c3ccccc3O)nc2-c2ccccc... (method=exact_pref_name_match, frags=1)
2026-07-23 22:01:41 | 02_resolve_smiles | INFO | [719/1211] Resolving: ISONIAZID
2026-07-23 22:01:43 | 02_resolve_smiles | INFO |   OK ISONIAZID -> NNC(=O)c1ccncc1... (method=exact_pref_name_match, frags=1)
2026-07-23 22:01:43 | 02_resolve_smiles | INFO | [720/1211] Resolving: FLUDROCORTISONE ACETATE
2026-07-23 22:01:46 | 02_resolve_smiles | INFO |   OK FLUDROCORTISONE ACETATE -> CC(=O)OCC(=O)[C@@]1(O)CC[C@H]2[C@@H]3CCC... (method=exact_pref_name_match, frags=1)
2026-07-23 22:01:46 | 02_resolve_smiles | INFO | [721/1211] Resolving: VERAPAMIL HYDROCHLORIDE
2026-07-23 22:01:50 | 02_resolve_smiles | INFO |   VERAPAMIL HYDROCHLORIDE: salt stripped (2 frags), removed: ['Cl']
2026-07-23 22:01:50 | 02_resolve_smiles | INFO |   OK VERAPAMIL HYDROCHLORIDE -> COc1ccc(CCN(C)CCCC(C#N)(c2ccc(OC)c(OC)c2... (method=exact_pref_name_match, frags=2)
2026-07-23 22:01:50 | 02_resolve_smiles | INFO | [722/1211] Resolving: ZILEUTON
2026-07-23 22:01:52 | 02_resolve_smiles | INFO |   OK ZILEUTON -> CC(c1cc2ccccc2s1)N(O)C(N)=O... (method=exact_pref_name_match, frags=1)
2026-07-23 22:01:52 | 02_resolve_smiles | INFO | [723/1211] Resolving: PROPANTHELINE BROMIDE
2026-07-23 22:01:56 | 02_resolve_smiles | INFO |   PROPANTHELINE BROMIDE: salt stripped (2 frags), removed: ['[Br-]']
2026-07-23 22:01:56 | 02_resolve_smiles | INFO |   OK PROPANTHELINE BROMIDE -> CC(C)[N+](C)(CCOC(=O)C1c2ccccc2Oc2ccccc2... (method=exact_pref_name_match, frags=2)
2026-07-23 22:01:56 | 02_resolve_smiles | INFO | [724/1211] Resolving: SERTRALINE HYDROCHLORIDE
2026-07-23 22:01:58 | 02_resolve_smiles | INFO |   SERTRALINE HYDROCHLORIDE: salt stripped (2 frags), removed: ['Cl']
2026-07-23 22:01:58 | 02_resolve_smiles | INFO |   OK SERTRALINE HYDROCHLORIDE -> CN[C@H]1CC[C@@H](c2ccc(Cl)c(Cl)c2)c2cccc... (method=exact_pref_name_match, frags=2)
2026-07-23 22:01:58 | 02_resolve_smiles | INFO | [725/1211] Resolving: BISOPROLOL FUMARATE
2026-07-23 22:02:02 | 02_resolve_smiles | INFO |   BISOPROLOL FUMARATE: salt stripped (3 frags), removed: ['CC(C)NCC(O)COc1ccc(COCCOC(C)C)cc1', 'O=C(O)/C=C/C(=O)O']
2026-07-23 22:02:02 | 02_resolve_smiles | INFO |   OK BISOPROLOL FUMARATE -> CC(C)NCC(O)COc1ccc(COCCOC(C)C)cc1... (method=exact_pref_name_match, frags=3)
2026-07-23 22:02:02 | 02_resolve_smiles | INFO | [726/1211] Resolving: VARDENAFIL
2026-07-23 22:02:04 | 02_resolve_smiles | INFO |   OK VARDENAFIL -> CCCc1nc(C)c2c(=O)nc(-c3cc(S(=O)(=O)N4CCN... (method=exact_pref_name_match, frags=1)
2026-07-23 22:02:04 | 02_resolve_smiles | INFO | [727/1211] Resolving: AMINOCAPROIC ACID
2026-07-23 22:02:09 | 02_resolve_smiles | INFO |   OK AMINOCAPROIC ACID -> NCCCCCC(=O)O... (method=exact_pref_name_match, frags=1)
2026-07-23 22:02:09 | 02_resolve_smiles | INFO | [728/1211] Resolving: TELMISARTAN
2026-07-23 22:02:10 | 02_resolve_smiles | INFO |   OK TELMISARTAN -> CCCc1nc2c(C)cc(-c3nc4ccccc4n3C)cc2n1Cc1c... (method=exact_pref_name_match, frags=1)
2026-07-23 22:02:10 | 02_resolve_smiles | INFO | [729/1211] Resolving: LAMOTRIGINE
2026-07-23 22:02:12 | 02_resolve_smiles | INFO |   OK LAMOTRIGINE -> Nc1nnc(-c2cccc(Cl)c2Cl)c(N)n1... (method=exact_pref_name_match, frags=1)
2026-07-23 22:02:12 | 02_resolve_smiles | INFO | [730/1211] Resolving: FENOFIBRATE
2026-07-23 22:02:14 | 02_resolve_smiles | INFO |   OK FENOFIBRATE -> CC(C)OC(=O)C(C)(C)Oc1ccc(C(=O)c2ccc(Cl)c... (method=exact_pref_name_match, frags=1)
2026-07-23 22:02:14 | 02_resolve_smiles | INFO | [731/1211] Resolving: MONTELUKAST SODIUM
2026-07-23 22:02:18 | 02_resolve_smiles | INFO |   MONTELUKAST SODIUM: salt stripped (2 frags), removed: ['[Na+]']
2026-07-23 22:02:18 | 02_resolve_smiles | INFO |   OK MONTELUKAST SODIUM -> CC(C)(O)c1ccccc1CC[C@@H](SCC1(CC(=O)[O-]... (method=exact_pref_name_match, frags=2)
2026-07-23 22:02:18 | 02_resolve_smiles | INFO | [732/1211] Resolving: METOLAZONE
2026-07-23 22:02:19 | 02_resolve_smiles | INFO |   OK METOLAZONE -> Cc1ccccc1N1C(=O)c2cc(S(N)(=O)=O)c(Cl)cc2... (method=exact_pref_name_match, frags=1)
2026-07-23 22:02:19 | 02_resolve_smiles | INFO | [733/1211] Resolving: DISULFIRAM
2026-07-23 22:02:21 | 02_resolve_smiles | INFO |   OK DISULFIRAM -> CCN(CC)C(=S)SSC(=S)N(CC)CC... (method=exact_pref_name_match, frags=1)
2026-07-23 22:02:21 | 02_resolve_smiles | INFO | [734/1211] Resolving: MEGESTROL ACETATE
2026-07-23 22:02:24 | 02_resolve_smiles | INFO |   OK MEGESTROL ACETATE -> CC(=O)O[C@]1(C(C)=O)CC[C@H]2[C@@H]3C=C(C... (method=exact_pref_name_match, frags=1)
2026-07-23 22:02:24 | 02_resolve_smiles | INFO | [735/1211] Resolving: METOPROLOL SUCCINATE
2026-07-23 22:02:27 | 02_resolve_smiles | INFO |   METOPROLOL SUCCINATE: salt stripped (3 frags), removed: ['COCCc1ccc(OCC(O)CNC(C)C)cc1', 'O=C(O)CCC(=O)O']
2026-07-23 22:02:27 | 02_resolve_smiles | INFO |   OK METOPROLOL SUCCINATE -> COCCc1ccc(OCC(O)CNC(C)C)cc1... (method=exact_pref_name_match, frags=3)
2026-07-23 22:02:27 | 02_resolve_smiles | INFO | [736/1211] Resolving: ACARBOSE
2026-07-23 22:02:29 | 02_resolve_smiles | INFO |   OK ACARBOSE -> C[C@H]1O[C@H](O[C@H]2[C@H](O)[C@@H](O)[C... (method=exact_pref_name_match, frags=1)
2026-07-23 22:02:29 | 02_resolve_smiles | INFO | [737/1211] Resolving: CLINDAMYCIN HYDROCHLORIDE
2026-07-23 22:02:32 | 02_resolve_smiles | INFO |   CLINDAMYCIN HYDROCHLORIDE: salt stripped (2 frags), removed: ['Cl']
2026-07-23 22:02:32 | 02_resolve_smiles | INFO |   OK CLINDAMYCIN HYDROCHLORIDE -> CCC[C@@H]1C[C@@H](C(=O)N[C@@H]([C@H]2O[C... (method=exact_pref_name_match, frags=2)
2026-07-23 22:02:32 | 02_resolve_smiles | INFO | [738/1211] Resolving: NORETHINDRONE
2026-07-23 22:02:34 | 02_resolve_smiles | INFO |   OK NORETHINDRONE -> C#C[C@]1(O)CC[C@H]2[C@@H]3CCC4=CC(=O)CC[... (method=exact_pref_name_match, frags=1)
2026-07-23 22:02:34 | 02_resolve_smiles | INFO | [739/1211] Resolving: ESTROPIPATE
2026-07-23 22:02:36 | 02_resolve_smiles | INFO |   ESTROPIPATE: salt stripped (2 frags), removed: ['C1CNCCN1']
2026-07-23 22:02:36 | 02_resolve_smiles | INFO |   OK ESTROPIPATE -> C[C@]12CC[C@@H]3c4ccc(OS(=O)(=O)O)cc4CC[... (method=exact_pref_name_match, frags=2)
2026-07-23 22:02:36 | 02_resolve_smiles | INFO | [740/1211] Resolving: LEVOCETIRIZINE DIHYDROCHLORIDE
2026-07-23 22:02:39 | 02_resolve_smiles | INFO |   LEVOCETIRIZINE DIHYDROCHLORIDE: salt stripped (3 frags), removed: ['Cl', 'Cl']
2026-07-23 22:02:39 | 02_resolve_smiles | INFO |   OK LEVOCETIRIZINE DIHYDROCHLORIDE -> O=C(O)COCCN1CCN([C@H](c2ccccc2)c2ccc(Cl)... (method=exact_pref_name_match, frags=3)
2026-07-23 22:02:39 | 02_resolve_smiles | INFO | [741/1211] Resolving: COLCHICINE
2026-07-23 22:02:41 | 02_resolve_smiles | INFO |   OK COLCHICINE -> COc1cc2c(c(OC)c1OC)-c1ccc(OC)c(=O)cc1[C@... (method=exact_pref_name_match, frags=1)
2026-07-23 22:02:41 | 02_resolve_smiles | INFO | [742/1211] Resolving: PENTOXIFYLLINE
2026-07-23 22:02:42 | 02_resolve_smiles | INFO |   OK PENTOXIFYLLINE -> CC(=O)CCCCn1c(=O)c2c(ncn2C)n(C)c1=O... (method=exact_pref_name_match, frags=1)
2026-07-23 22:02:42 | 02_resolve_smiles | INFO | [743/1211] Resolving: ZALEPLON
2026-07-23 22:02:44 | 02_resolve_smiles | INFO |   OK ZALEPLON -> CCN(C(C)=O)c1cccc(-c2ccnc3c(C#N)cnn23)c1... (method=exact_pref_name_match, frags=1)
2026-07-23 22:02:44 | 02_resolve_smiles | INFO | [744/1211] Resolving: METHSCOPOLAMINE BROMIDE
2026-07-23 22:02:47 | 02_resolve_smiles | INFO |   METHSCOPOLAMINE BROMIDE: salt stripped (2 frags), removed: ['[Br-]']
2026-07-23 22:02:47 | 02_resolve_smiles | INFO |   OK METHSCOPOLAMINE BROMIDE -> C[N+]1(C)[C@@H]2C[C@@H](OC(=O)[C@H](CO)c... (method=exact_pref_name_match, frags=2)
2026-07-23 22:02:47 | 02_resolve_smiles | INFO | [745/1211] Resolving: KETOCONAZOLE
2026-07-23 22:02:48 | 02_resolve_smiles | INFO |   OK KETOCONAZOLE -> CC(=O)N1CCN(c2ccc(OCC3COC(Cn4ccnc4)(c4cc... (method=exact_pref_name_match, frags=1)
2026-07-23 22:02:48 | 02_resolve_smiles | INFO | [746/1211] Resolving: CANDESARTAN CILEXETIL
2026-07-23 22:02:50 | 02_resolve_smiles | INFO |   OK CANDESARTAN CILEXETIL -> CCOc1nc2cccc(C(=O)OC(C)OC(=O)OC3CCCCC3)c... (method=exact_pref_name_match, frags=1)
2026-07-23 22:02:50 | 02_resolve_smiles | INFO | [747/1211] Resolving: ESOMEPRAZOLE MAGNESIUM
2026-07-23 22:02:53 | 02_resolve_smiles | INFO |   ESOMEPRAZOLE MAGNESIUM: salt stripped (6 frags), removed: ['COc1ccc2[nH]c([S@@+]([O-])Cc3ncc(C)c(OC)c3C)nc2c1', 'O', 'O', 'O', '[Mg+2]']
2026-07-23 22:02:53 | 02_resolve_smiles | INFO |   OK ESOMEPRAZOLE MAGNESIUM -> COc1ccc2[nH]c([S@@+]([O-])Cc3ncc(C)c(OC)... (method=exact_pref_name_match, frags=6)
2026-07-23 22:02:53 | 02_resolve_smiles | INFO | [748/1211] Resolving: QUINIDINE GLUCONATE
2026-07-23 22:02:55 | 02_resolve_smiles | INFO |   QUINIDINE GLUCONATE: salt stripped (2 frags), removed: ['O=C(O)[C@H](O)[C@@H](O)[C@H](O)[C@H](O)CO']
2026-07-23 22:02:55 | 02_resolve_smiles | INFO |   OK QUINIDINE GLUCONATE -> C=C[C@H]1CN2CC[C@H]1C[C@@H]2[C@@H](O)c1c... (method=exact_pref_name_match, frags=2)
2026-07-23 22:02:55 | 02_resolve_smiles | INFO | [749/1211] Resolving: AMOXAPINE
2026-07-23 22:02:56 | 02_resolve_smiles | INFO |   OK AMOXAPINE -> Clc1ccc2c(c1)C(N1CCNCC1)=Nc1ccccc1O2... (method=exact_pref_name_match, frags=1)
2026-07-23 22:02:56 | 02_resolve_smiles | INFO | [750/1211] Resolving: PROMETHAZINE HYDROCHLORIDE
2026-07-23 22:03:00 | 02_resolve_smiles | INFO |   PROMETHAZINE HYDROCHLORIDE: salt stripped (2 frags), removed: ['Cl']
2026-07-23 22:03:00 | 02_resolve_smiles | INFO |   OK PROMETHAZINE HYDROCHLORIDE -> CC(CN1c2ccccc2Sc2ccccc21)N(C)C... (method=exact_pref_name_match, frags=2)
2026-07-23 22:03:00 | 02_resolve_smiles | INFO |   [Checkpoint saved at 750 compounds]
2026-07-23 22:03:00 | 02_resolve_smiles | INFO | [751/1211] Resolving: LABETALOL
2026-07-23 22:03:02 | 02_resolve_smiles | INFO |   OK LABETALOL -> CC(CCc1ccccc1)NCC(O)c1ccc(O)c(C(N)=O)c1... (method=exact_pref_name_match, frags=1)
2026-07-23 22:03:02 | 02_resolve_smiles | INFO | [752/1211] Resolving: DOFETILIDE
2026-07-23 22:03:04 | 02_resolve_smiles | INFO |   OK DOFETILIDE -> CN(CCOc1ccc(NS(C)(=O)=O)cc1)CCc1ccc(NS(C... (method=exact_pref_name_match, frags=1)
2026-07-23 22:03:04 | 02_resolve_smiles | INFO | [753/1211] Resolving: FAMCICLOVIR
2026-07-23 22:03:05 | 02_resolve_smiles | INFO |   OK FAMCICLOVIR -> CC(=O)OCC(CCn1cnc2cnc(N)nc21)COC(C)=O... (method=exact_pref_name_match, frags=1)
2026-07-23 22:03:05 | 02_resolve_smiles | INFO | [754/1211] Resolving: Albuterol
2026-07-23 22:03:08 | 02_resolve_smiles | INFO |   OK Albuterol -> CC(C)(C)NCC(O)c1ccc(O)c(CO)c1... (method=exact_pref_name_match, frags=1)
2026-07-23 22:03:08 | 02_resolve_smiles | INFO | [755/1211] Resolving: GEMFIBROZIL
2026-07-23 22:03:10 | 02_resolve_smiles | INFO |   OK GEMFIBROZIL -> Cc1ccc(C)c(OCCCC(C)(C)C(=O)O)c1... (method=exact_pref_name_match, frags=1)
2026-07-23 22:03:10 | 02_resolve_smiles | INFO | [756/1211] Resolving: MELPHALAN
2026-07-23 22:03:12 | 02_resolve_smiles | INFO |   OK MELPHALAN -> N[C@@H](Cc1ccc(N(CCCl)CCCl)cc1)C(=O)O... (method=exact_pref_name_match, frags=1)
2026-07-23 22:03:12 | 02_resolve_smiles | INFO | [757/1211] Resolving: DIAZEPAM
2026-07-23 22:03:15 | 02_resolve_smiles | INFO |   OK DIAZEPAM -> CN1C(=O)CN=C(c2ccccc2)c2cc(Cl)ccc21... (method=exact_pref_name_match, frags=1)
2026-07-23 22:03:15 | 02_resolve_smiles | INFO | [758/1211] Resolving: BOSENTAN
2026-07-23 22:03:17 | 02_resolve_smiles | INFO |   OK BOSENTAN -> COc1ccccc1Oc1c(NS(=O)(=O)c2ccc(C(C)(C)C)... (method=exact_pref_name_match, frags=1)
2026-07-23 22:03:17 | 02_resolve_smiles | INFO | [759/1211] Resolving: MOEXIPRIL HYDROCHLORIDE
2026-07-23 22:03:19 | 02_resolve_smiles | INFO |   MOEXIPRIL HYDROCHLORIDE: salt stripped (2 frags), removed: ['Cl']
2026-07-23 22:03:19 | 02_resolve_smiles | INFO |   OK MOEXIPRIL HYDROCHLORIDE -> CCOC(=O)[C@H](CCc1ccccc1)N[C@@H](C)C(=O)... (method=exact_pref_name_match, frags=2)
2026-07-23 22:03:19 | 02_resolve_smiles | INFO | [760/1211] Resolving: CHLORTHALIDONE
2026-07-23 22:03:21 | 02_resolve_smiles | INFO |   OK CHLORTHALIDONE -> NS(=O)(=O)c1cc(C2(O)NC(=O)c3ccccc32)ccc1... (method=exact_pref_name_match, frags=1)
2026-07-23 22:03:21 | 02_resolve_smiles | INFO | [761/1211] Resolving: FLUVASTATIN SODIUM
2026-07-23 22:03:24 | 02_resolve_smiles | INFO |   FLUVASTATIN SODIUM: salt stripped (2 frags), removed: ['[Na+]']
2026-07-23 22:03:24 | 02_resolve_smiles | INFO |   OK FLUVASTATIN SODIUM -> CC(C)n1c(/C=C/C(O)CC(O)CC(=O)[O-])c(-c2c... (method=exact_pref_name_match, frags=2)
2026-07-23 22:03:24 | 02_resolve_smiles | INFO | [762/1211] Resolving: PROBENECID
2026-07-23 22:03:26 | 02_resolve_smiles | INFO |   OK PROBENECID -> CCCN(CCC)S(=O)(=O)c1ccc(C(=O)O)cc1... (method=exact_pref_name_match, frags=1)
2026-07-23 22:03:26 | 02_resolve_smiles | INFO | [763/1211] Resolving: GUANFACINE HYDROCHLORIDE
2026-07-23 22:03:29 | 02_resolve_smiles | INFO |   GUANFACINE HYDROCHLORIDE: salt stripped (2 frags), removed: ['Cl']
2026-07-23 22:03:29 | 02_resolve_smiles | INFO |   OK GUANFACINE HYDROCHLORIDE -> N=C(N)NC(=O)Cc1c(Cl)cccc1Cl... (method=exact_pref_name_match, frags=2)
2026-07-23 22:03:29 | 02_resolve_smiles | INFO | [764/1211] Resolving: almotriptan malate
2026-07-23 22:03:31 | 02_resolve_smiles | INFO |   almotriptan malate: salt stripped (2 frags), removed: ['O=C(O)CC(O)C(=O)O']
2026-07-23 22:03:31 | 02_resolve_smiles | INFO |   OK almotriptan malate -> CN(C)CCc1c[nH]c2ccc(CS(=O)(=O)N3CCCC3)cc... (method=exact_pref_name_match, frags=2)
2026-07-23 22:03:31 | 02_resolve_smiles | INFO | [765/1211] Resolving: COLESEVELAM HYDROCHLORIDE
2026-07-23 22:03:34 | 02_resolve_smiles | WARNING |   X COLESEVELAM HYDROCHLORIDE: no_structure --  | No canonical_smiles in ChEMBL response
2026-07-23 22:03:34 | 02_resolve_smiles | INFO | [766/1211] Resolving: NIZATIDINE
2026-07-23 22:03:35 | 02_resolve_smiles | INFO |   OK NIZATIDINE -> CNC(=C[N+](=O)[O-])NCCSCc1csc(CN(C)C)n1... (method=exact_pref_name_match, frags=1)
2026-07-23 22:03:35 | 02_resolve_smiles | INFO | [767/1211] Resolving: TENOFOVIR DISOPROXIL FUMARATE
2026-07-23 22:03:38 | 02_resolve_smiles | INFO |   TENOFOVIR DISOPROXIL FUMARATE: salt stripped (2 frags), removed: ['O=C(O)/C=C/C(=O)O']
2026-07-23 22:03:38 | 02_resolve_smiles | INFO |   OK TENOFOVIR DISOPROXIL FUMARATE -> CC(C)OC(=O)OCOP(=O)(CO[C@H](C)Cn1cnc2c(N... (method=exact_pref_name_match, frags=2)
2026-07-23 22:03:38 | 02_resolve_smiles | INFO | [768/1211] Resolving: DILTIAZEM HYDROCHLORIDE
2026-07-23 22:03:42 | 02_resolve_smiles | INFO |   DILTIAZEM HYDROCHLORIDE: salt stripped (2 frags), removed: ['Cl']
2026-07-23 22:03:42 | 02_resolve_smiles | INFO |   OK DILTIAZEM HYDROCHLORIDE -> COc1ccc([C@@H]2Sc3ccccc3N(CCN(C)C)C(=O)[... (method=exact_pref_name_match, frags=2)
2026-07-23 22:03:42 | 02_resolve_smiles | INFO | [769/1211] Resolving: FELODIPINE
2026-07-23 22:03:43 | 02_resolve_smiles | INFO |   OK FELODIPINE -> CCOC(=O)C1=C(C)NC(C)=C(C(=O)OC)C1c1cccc(... (method=exact_pref_name_match, frags=1)
2026-07-23 22:03:43 | 02_resolve_smiles | INFO | [770/1211] Resolving: RISEDRONATE SODIUM
2026-07-23 22:03:47 | 02_resolve_smiles | INFO |   RISEDRONATE SODIUM: salt stripped (2 frags), removed: ['[Na+]']
2026-07-23 22:03:47 | 02_resolve_smiles | INFO |   OK RISEDRONATE SODIUM -> O=P([O-])(O)C(O)(Cc1cccnc1)P(=O)(O)O... (method=exact_pref_name_match, frags=2)
2026-07-23 22:03:47 | 02_resolve_smiles | INFO | [771/1211] Resolving: CEPHALEXIN
2026-07-23 22:03:49 | 02_resolve_smiles | INFO |   CEPHALEXIN: salt stripped (2 frags), removed: ['O']
2026-07-23 22:03:49 | 02_resolve_smiles | INFO |   OK CEPHALEXIN -> CC1=C(C(=O)O)N2C(=O)[C@@H](NC(=O)[C@H](N... (method=exact_pref_name_match, frags=2)
2026-07-23 22:03:49 | 02_resolve_smiles | INFO | [772/1211] Resolving: DIAZOXIDE
2026-07-23 22:03:51 | 02_resolve_smiles | INFO |   OK DIAZOXIDE -> CC1=Nc2ccc(Cl)cc2S(=O)(=O)N1... (method=exact_pref_name_match, frags=1)
2026-07-23 22:03:51 | 02_resolve_smiles | INFO | [773/1211] Resolving: RITONAVIR
2026-07-23 22:03:53 | 02_resolve_smiles | INFO |   OK RITONAVIR -> CC(C)c1nc(CN(C)C(=O)N[C@H](C(=O)N[C@@H](... (method=exact_pref_name_match, frags=1)
2026-07-23 22:03:53 | 02_resolve_smiles | INFO | [774/1211] Resolving: ACETAZOLAMIDE
2026-07-23 22:03:54 | 02_resolve_smiles | INFO |   OK ACETAZOLAMIDE -> CC(=O)Nc1nnc(S(N)(=O)=O)s1... (method=exact_pref_name_match, frags=1)
2026-07-23 22:03:54 | 02_resolve_smiles | INFO | [775/1211] Resolving: LURASIDONE HYDROCHLORIDE
2026-07-23 22:03:58 | 02_resolve_smiles | INFO |   LURASIDONE HYDROCHLORIDE: salt stripped (2 frags), removed: ['Cl']
2026-07-23 22:03:58 | 02_resolve_smiles | INFO |   OK LURASIDONE HYDROCHLORIDE -> O=C1[C@@H]2[C@H]3CC[C@H](C3)[C@@H]2C(=O)... (method=exact_pref_name_match, frags=2)
2026-07-23 22:03:58 | 02_resolve_smiles | INFO | [776/1211] Resolving: DUTASTERIDE
2026-07-23 22:04:00 | 02_resolve_smiles | INFO |   OK DUTASTERIDE -> C[C@]12C=CC(=O)N[C@@H]1CC[C@@H]1[C@@H]2C... (method=exact_pref_name_match, frags=1)
2026-07-23 22:04:00 | 02_resolve_smiles | INFO | [777/1211] Resolving: Exemestane
2026-07-23 22:04:03 | 02_resolve_smiles | INFO |   OK Exemestane -> C=C1C[C@@H]2[C@H](CC[C@]3(C)C(=O)CC[C@@H... (method=exact_pref_name_match, frags=1)
2026-07-23 22:04:03 | 02_resolve_smiles | INFO | [778/1211] Resolving: FOSINOPRIL SODIUM
2026-07-23 22:04:06 | 02_resolve_smiles | INFO |   FOSINOPRIL SODIUM: salt stripped (2 frags), removed: ['[Na+]']
2026-07-23 22:04:06 | 02_resolve_smiles | INFO |   OK FOSINOPRIL SODIUM -> CCC(=O)O[C@@H](O[P@](=O)(CCCCc1ccccc1)CC... (method=exact_pref_name_match, frags=2)
2026-07-23 22:04:06 | 02_resolve_smiles | INFO | [779/1211] Resolving: SODIUM PHENYLBUTYRATE
2026-07-23 22:04:09 | 02_resolve_smiles | INFO |   SODIUM PHENYLBUTYRATE: salt stripped (2 frags), removed: ['[Na+]']
2026-07-23 22:04:09 | 02_resolve_smiles | INFO |   OK SODIUM PHENYLBUTYRATE -> O=C([O-])CCCc1ccccc1... (method=exact_pref_name_match, frags=2)
2026-07-23 22:04:09 | 02_resolve_smiles | INFO | [780/1211] Resolving: HYDROCODONE BITARTRATE
2026-07-23 22:04:11 | 02_resolve_smiles | INFO |   HYDROCODONE BITARTRATE: salt stripped (4 frags), removed: ['O=C(O)C(O)C(O)C(=O)O', 'O', 'O']
2026-07-23 22:04:11 | 02_resolve_smiles | INFO |   OK HYDROCODONE BITARTRATE -> COc1ccc2c3c1O[C@H]1C(=O)CC[C@H]4[C@@H](C... (method=exact_pref_name_match, frags=4)
2026-07-23 22:04:11 | 02_resolve_smiles | INFO | [781/1211] Resolving: ENTECAVIR ANHYDROUS
2026-07-23 22:04:14 | 02_resolve_smiles | INFO |   OK ENTECAVIR ANHYDROUS -> C=C1[C@H](CO)[C@@H](O)C[C@@H]1n1cnc2c(=O... (method=exact_pref_name_match, frags=1)
2026-07-23 22:04:14 | 02_resolve_smiles | INFO | [782/1211] Resolving: CILOSTAZOL
2026-07-23 22:04:15 | 02_resolve_smiles | INFO |   OK CILOSTAZOL -> O=C1CCc2cc(OCCCCc3nnnn3C3CCCCC3)ccc2N1... (method=exact_pref_name_match, frags=1)
2026-07-23 22:04:15 | 02_resolve_smiles | INFO | [783/1211] Resolving: OLANZAPINE
2026-07-23 22:04:17 | 02_resolve_smiles | INFO |   OK OLANZAPINE -> Cc1cc2c(s1)Nc1ccccc1N=C2N1CCN(C)CC1... (method=exact_pref_name_match, frags=1)
2026-07-23 22:04:17 | 02_resolve_smiles | INFO | [784/1211] Resolving: DISOPYRAMIDE PHOSPHATE
2026-07-23 22:04:20 | 02_resolve_smiles | INFO |   DISOPYRAMIDE PHOSPHATE: salt stripped (2 frags), removed: ['O=P(O)(O)O']
2026-07-23 22:04:20 | 02_resolve_smiles | INFO |   OK DISOPYRAMIDE PHOSPHATE -> CC(C)N(CCC(C(N)=O)(c1ccccc1)c1ccccn1)C(C... (method=exact_pref_name_match, frags=2)
2026-07-23 22:04:20 | 02_resolve_smiles | INFO | [785/1211] Resolving: DANAZOL
2026-07-23 22:04:22 | 02_resolve_smiles | INFO |   OK DANAZOL -> C#C[C@]1(O)CC[C@H]2[C@@H]3CCC4=Cc5oncc5C... (method=exact_pref_name_match, frags=1)
2026-07-23 22:04:22 | 02_resolve_smiles | INFO | [786/1211] Resolving: BENAZEPRIL HYDROCHLORIDE
2026-07-23 22:04:25 | 02_resolve_smiles | INFO |   BENAZEPRIL HYDROCHLORIDE: salt stripped (2 frags), removed: ['Cl']
2026-07-23 22:04:25 | 02_resolve_smiles | INFO |   OK BENAZEPRIL HYDROCHLORIDE -> CCOC(=O)[C@H](CCc1ccccc1)N[C@H]1CCc2cccc... (method=exact_pref_name_match, frags=2)
2026-07-23 22:04:25 | 02_resolve_smiles | INFO | [787/1211] Resolving: Ergotamine Tartrate
2026-07-23 22:04:27 | 02_resolve_smiles | INFO |   Ergotamine Tartrate: salt stripped (3 frags), removed: ['CN1C[C@H](C(=O)N[C@]2(C)O[C@@]3(O)[C@@H]4CCCN4C(=O)[C@H](Cc4ccccc4)N3C2=O)C=C2c3cccc4[nH]cc(c34)C[C@H]21', 'O=C(O)C(O)C(O)C(=O)O']
2026-07-23 22:04:27 | 02_resolve_smiles | INFO |   OK Ergotamine Tartrate -> CN1C[C@H](C(=O)N[C@]2(C)O[C@@]3(O)[C@@H]... (method=exact_pref_name_match, frags=3)
2026-07-23 22:04:27 | 02_resolve_smiles | INFO | [788/1211] Resolving: AZATHIOPRINE
2026-07-23 22:04:29 | 02_resolve_smiles | INFO |   OK AZATHIOPRINE -> Cn1cnc([N+](=O)[O-])c1Sc1ncnc2[nH]cnc12... (method=exact_pref_name_match, frags=1)
2026-07-23 22:04:29 | 02_resolve_smiles | INFO | [789/1211] Resolving: CARBIDOPA
2026-07-23 22:04:31 | 02_resolve_smiles | INFO |   CARBIDOPA: salt stripped (2 frags), removed: ['O']
2026-07-23 22:04:31 | 02_resolve_smiles | INFO |   OK CARBIDOPA -> C[C@@](Cc1ccc(O)c(O)c1)(NN)C(=O)O... (method=exact_pref_name_match, frags=2)
2026-07-23 22:04:31 | 02_resolve_smiles | INFO | [790/1211] Resolving: MONTELUKAST
2026-07-23 22:04:33 | 02_resolve_smiles | INFO |   OK MONTELUKAST -> CC(C)(O)c1ccccc1CC[C@@H](SCC1(CC(=O)O)CC... (method=exact_pref_name_match, frags=1)
2026-07-23 22:04:33 | 02_resolve_smiles | INFO | [791/1211] Resolving: CHLORDIAZEPOXIDE HYDROCHLORIDE
2026-07-23 22:04:36 | 02_resolve_smiles | INFO |   CHLORDIAZEPOXIDE HYDROCHLORIDE: salt stripped (2 frags), removed: ['Cl']
2026-07-23 22:04:36 | 02_resolve_smiles | INFO |   OK CHLORDIAZEPOXIDE HYDROCHLORIDE -> CNC1=Nc2ccc(Cl)cc2C(c2ccccc2)=[N+]([O-])... (method=exact_pref_name_match, frags=2)
2026-07-23 22:04:36 | 02_resolve_smiles | INFO | [792/1211] Resolving: MARAVIROC
2026-07-23 22:04:38 | 02_resolve_smiles | INFO |   OK MARAVIROC -> Cc1nnc(C(C)C)n1[C@H]1C[C@H]2CC[C@@H](C1)... (method=exact_pref_name_match, frags=1)
2026-07-23 22:04:38 | 02_resolve_smiles | INFO | [793/1211] Resolving: IMIPRAMINE PAMOATE
2026-07-23 22:04:40 | 02_resolve_smiles | INFO |   IMIPRAMINE PAMOATE: salt stripped (3 frags), removed: ['CN(C)CCCN1c2ccccc2CCc2ccccc21', 'CN(C)CCCN1c2ccccc2CCc2ccccc21']
2026-07-23 22:04:40 | 02_resolve_smiles | INFO |   OK IMIPRAMINE PAMOATE -> O=C(O)c1cc2ccccc2c(Cc2c(O)c(C(=O)O)cc3cc... (method=exact_pref_name_match, frags=3)
2026-07-23 22:04:40 | 02_resolve_smiles | INFO | [794/1211] Resolving: FLECAINIDE ACETATE
2026-07-23 22:04:43 | 02_resolve_smiles | INFO |   FLECAINIDE ACETATE: salt stripped (2 frags), removed: ['CC(=O)O']
2026-07-23 22:04:43 | 02_resolve_smiles | INFO |   OK FLECAINIDE ACETATE -> O=C(NCC1CCCCN1)c1cc(OCC(F)(F)F)ccc1OCC(F... (method=exact_pref_name_match, frags=2)
2026-07-23 22:04:43 | 02_resolve_smiles | INFO | [795/1211] Resolving: AMANTADINE HYDROCHLORIDE
2026-07-23 22:04:46 | 02_resolve_smiles | INFO |   AMANTADINE HYDROCHLORIDE: salt stripped (2 frags), removed: ['Cl']
2026-07-23 22:04:46 | 02_resolve_smiles | INFO |   OK AMANTADINE HYDROCHLORIDE -> NC12CC3CC(CC(C3)C1)C2... (method=exact_pref_name_match, frags=2)
2026-07-23 22:04:46 | 02_resolve_smiles | INFO | [796/1211] Resolving: ETHACRYNIC ACID
2026-07-23 22:04:49 | 02_resolve_smiles | INFO |   OK ETHACRYNIC ACID -> C=C(CC)C(=O)c1ccc(OCC(=O)O)c(Cl)c1Cl... (method=exact_pref_name_match, frags=1)
2026-07-23 22:04:49 | 02_resolve_smiles | INFO | [797/1211] Resolving: ELETRIPTAN HYDROBROMIDE
2026-07-23 22:04:52 | 02_resolve_smiles | INFO |   ELETRIPTAN HYDROBROMIDE: salt stripped (2 frags), removed: ['Br']
2026-07-23 22:04:52 | 02_resolve_smiles | INFO |   OK ELETRIPTAN HYDROBROMIDE -> CN1CCC[C@@H]1Cc1c[nH]c2ccc(CCS(=O)(=O)c3... (method=exact_pref_name_match, frags=2)
2026-07-23 22:04:52 | 02_resolve_smiles | INFO | [798/1211] Resolving: HYDROXYZINE PAMOATE
2026-07-23 22:04:56 | 02_resolve_smiles | INFO |   HYDROXYZINE PAMOATE: salt stripped (2 frags), removed: ['OCCOCCN1CCN(C(c2ccccc2)c2ccc(Cl)cc2)CC1']
2026-07-23 22:04:56 | 02_resolve_smiles | INFO |   OK HYDROXYZINE PAMOATE -> O=C(O)c1cc2ccccc2c(Cc2c(O)c(C(=O)O)cc3cc... (method=exact_pref_name_match, frags=2)
2026-07-23 22:04:56 | 02_resolve_smiles | INFO | [799/1211] Resolving: ERYTHROMYCIN STEARATE
2026-07-23 22:04:58 | 02_resolve_smiles | INFO |   ERYTHROMYCIN STEARATE: salt stripped (2 frags), removed: ['CCCCCCCCCCCCCCCCCC(=O)O']
2026-07-23 22:04:58 | 02_resolve_smiles | INFO |   OK ERYTHROMYCIN STEARATE -> CC[C@H]1OC(=O)[C@H](C)[C@@H](O[C@H]2C[C@... (method=exact_pref_name_match, frags=2)
2026-07-23 22:04:58 | 02_resolve_smiles | INFO | [800/1211] Resolving: ISOSORBIDE MONONITRATE
2026-07-23 22:05:00 | 02_resolve_smiles | INFO |   OK ISOSORBIDE MONONITRATE -> O=[N+]([O-])O[C@@H]1CO[C@H]2[C@@H]1OC[C@... (method=exact_pref_name_match, frags=1)
2026-07-23 22:05:00 | 02_resolve_smiles | INFO |   [Checkpoint saved at 800 compounds]
2026-07-23 22:05:00 | 02_resolve_smiles | INFO | [801/1211] Resolving: NABUMETONE
2026-07-23 22:05:02 | 02_resolve_smiles | INFO |   OK NABUMETONE -> COc1ccc2cc(CCC(C)=O)ccc2c1... (method=exact_pref_name_match, frags=1)
2026-07-23 22:05:02 | 02_resolve_smiles | INFO | [802/1211] Resolving: SUNITINIB MALATE
2026-07-23 22:05:04 | 02_resolve_smiles | INFO |   SUNITINIB MALATE: salt stripped (2 frags), removed: ['O=C(O)C[C@H](O)C(=O)O']
2026-07-23 22:05:04 | 02_resolve_smiles | INFO |   OK SUNITINIB MALATE -> CCN(CC)CCNC(=O)c1c(C)[nH]c(/C=C2\C(=O)Nc... (method=exact_pref_name_match, frags=2)
2026-07-23 22:05:04 | 02_resolve_smiles | INFO | [803/1211] Resolving: CABERGOLINE
2026-07-23 22:05:07 | 02_resolve_smiles | INFO |   OK CABERGOLINE -> C=CCN1C[C@H](C(=O)N(CCCN(C)C)C(=O)NCC)C[... (method=exact_pref_name_match, frags=1)
2026-07-23 22:05:07 | 02_resolve_smiles | INFO | [804/1211] Resolving: RASAGILINE MESYLATE
2026-07-23 22:05:09 | 02_resolve_smiles | INFO |   RASAGILINE MESYLATE: salt stripped (2 frags), removed: ['CS(=O)(=O)O']
2026-07-23 22:05:09 | 02_resolve_smiles | INFO |   OK RASAGILINE MESYLATE -> C#CCN[C@@H]1CCc2ccccc21... (method=exact_pref_name_match, frags=2)
2026-07-23 22:05:09 | 02_resolve_smiles | INFO | [805/1211] Resolving: ACITRETIN
2026-07-23 22:05:11 | 02_resolve_smiles | INFO |   OK ACITRETIN -> COc1cc(C)c(/C=C/C(C)=C/C=C/C(C)=C/C(=O)O... (method=exact_pref_name_match, frags=1)
2026-07-23 22:05:11 | 02_resolve_smiles | INFO | [806/1211] Resolving: OXYBUTYNIN CHLORIDE
2026-07-23 22:05:14 | 02_resolve_smiles | INFO |   OXYBUTYNIN CHLORIDE: salt stripped (2 frags), removed: ['Cl']
2026-07-23 22:05:14 | 02_resolve_smiles | INFO |   OK OXYBUTYNIN CHLORIDE -> CCN(CC)CC#CCOC(=O)C(O)(c1ccccc1)C1CCCCC1... (method=exact_pref_name_match, frags=2)
2026-07-23 22:05:14 | 02_resolve_smiles | INFO | [807/1211] Resolving: RISPERIDONE
2026-07-23 22:05:16 | 02_resolve_smiles | INFO |   OK RISPERIDONE -> Cc1nc2n(c(=O)c1CCN1CCC(c3noc4cc(F)ccc34)... (method=exact_pref_name_match, frags=1)
2026-07-23 22:05:16 | 02_resolve_smiles | INFO | [808/1211] Resolving: DICLOFENAC POTASSIUM
2026-07-23 22:05:19 | 02_resolve_smiles | INFO |   DICLOFENAC POTASSIUM: salt stripped (2 frags), removed: ['[K+]']
2026-07-23 22:05:19 | 02_resolve_smiles | INFO |   OK DICLOFENAC POTASSIUM -> O=C([O-])Cc1ccccc1Nc1c(Cl)cccc1Cl... (method=exact_pref_name_match, frags=2)
2026-07-23 22:05:19 | 02_resolve_smiles | INFO | [809/1211] Resolving: RAMIPRIL
2026-07-23 22:05:25 | 02_resolve_smiles | INFO |   OK RAMIPRIL -> CCOC(=O)[C@H](CCc1ccccc1)N[C@@H](C)C(=O)... (method=exact_pref_name_match, frags=1)
2026-07-23 22:05:25 | 02_resolve_smiles | INFO | [810/1211] Resolving: PYRIDOSTIGMINE BROMIDE
2026-07-23 22:05:28 | 02_resolve_smiles | INFO |   PYRIDOSTIGMINE BROMIDE: salt stripped (2 frags), removed: ['[Br-]']
2026-07-23 22:05:28 | 02_resolve_smiles | INFO |   OK PYRIDOSTIGMINE BROMIDE -> CN(C)C(=O)Oc1ccc[n+](C)c1... (method=exact_pref_name_match, frags=2)
2026-07-23 22:05:28 | 02_resolve_smiles | INFO | [811/1211] Resolving: SOLIFENACIN SUCCINATE
2026-07-23 22:05:31 | 02_resolve_smiles | INFO |   SOLIFENACIN SUCCINATE: salt stripped (2 frags), removed: ['O=C(O)CCC(=O)O']
2026-07-23 22:05:31 | 02_resolve_smiles | INFO |   OK SOLIFENACIN SUCCINATE -> O=C(O[C@H]1CN2CCC1CC2)N1CCc2ccccc2[C@@H]... (method=exact_pref_name_match, frags=2)
2026-07-23 22:05:31 | 02_resolve_smiles | INFO | [812/1211] Resolving: OMEPRAZOLE
2026-07-23 22:05:33 | 02_resolve_smiles | INFO |   OK OMEPRAZOLE -> COc1ccc2[nH]c([S+]([O-])Cc3ncc(C)c(OC)c3... (method=exact_pref_name_match, frags=1)
2026-07-23 22:05:33 | 02_resolve_smiles | INFO | [813/1211] Resolving: QUININE SULFATE
2026-07-23 22:05:36 | 02_resolve_smiles | INFO |   QUININE SULFATE: salt stripped (5 frags), removed: ['C=C[C@H]1CN2CC[C@H]1C[C@H]2[C@H](O)c1ccnc2ccc(OC)cc12', 'O=S(=O)(O)O', 'O', 'O']
2026-07-23 22:05:36 | 02_resolve_smiles | INFO |   OK QUININE SULFATE -> C=C[C@H]1CN2CC[C@H]1C[C@H]2[C@H](O)c1ccn... (method=exact_pref_name_match, frags=5)
2026-07-23 22:05:36 | 02_resolve_smiles | INFO | [814/1211] Resolving: MEMANTINE HYDROCHLORIDE
2026-07-23 22:05:41 | 02_resolve_smiles | INFO |   MEMANTINE HYDROCHLORIDE: salt stripped (2 frags), removed: ['Cl']
2026-07-23 22:05:41 | 02_resolve_smiles | INFO |   OK MEMANTINE HYDROCHLORIDE -> CC12CC3CC(C)(C1)CC(N)(C3)C2... (method=exact_pref_name_match, frags=2)
2026-07-23 22:05:41 | 02_resolve_smiles | INFO | [815/1211] Resolving: PIOGLITAZONE HYDROCHLORIDE
2026-07-23 22:05:45 | 02_resolve_smiles | INFO |   PIOGLITAZONE HYDROCHLORIDE: salt stripped (2 frags), removed: ['Cl']
2026-07-23 22:05:45 | 02_resolve_smiles | INFO |   OK PIOGLITAZONE HYDROCHLORIDE -> CCc1ccc(CCOc2ccc(CC3SC(=O)NC3=O)cc2)nc1... (method=exact_pref_name_match, frags=2)
2026-07-23 22:05:45 | 02_resolve_smiles | INFO | [816/1211] Resolving: Dextroamphetamine Sulfate
2026-07-23 22:05:50 | 02_resolve_smiles | INFO |   Dextroamphetamine Sulfate: salt stripped (3 frags), removed: ['C[C@H](N)Cc1ccccc1', 'O=S(=O)(O)O']
2026-07-23 22:05:50 | 02_resolve_smiles | INFO |   OK Dextroamphetamine Sulfate -> C[C@H](N)Cc1ccccc1... (method=exact_pref_name_match, frags=3)
2026-07-23 22:05:50 | 02_resolve_smiles | INFO | [817/1211] Resolving: NEBIVOLOL HYDROCHLORIDE
2026-07-23 22:05:58 | 02_resolve_smiles | INFO |   NEBIVOLOL HYDROCHLORIDE: salt stripped (2 frags), removed: ['Cl']
2026-07-23 22:05:58 | 02_resolve_smiles | INFO |   OK NEBIVOLOL HYDROCHLORIDE -> OC(CNCC(O)C1CCc2cc(F)ccc2O1)C1CCc2cc(F)c... (method=exact_pref_name_match, frags=2)
2026-07-23 22:05:58 | 02_resolve_smiles | INFO | [818/1211] Resolving: VORICONAZOLE
2026-07-23 22:06:01 | 02_resolve_smiles | INFO |   OK VORICONAZOLE -> C[C@@H](c1ncncc1F)[C@](O)(Cn1cncn1)c1ccc... (method=exact_pref_name_match, frags=1)
2026-07-23 22:06:01 | 02_resolve_smiles | INFO | [819/1211] Resolving: RIMANTADINE HYDROCHLORIDE
2026-07-23 22:06:08 | 02_resolve_smiles | INFO |   RIMANTADINE HYDROCHLORIDE: salt stripped (2 frags), removed: ['Cl']
2026-07-23 22:06:08 | 02_resolve_smiles | INFO |   OK RIMANTADINE HYDROCHLORIDE -> CC(N)C12CC3CC(CC(C3)C1)C2... (method=exact_pref_name_match, frags=2)
2026-07-23 22:06:08 | 02_resolve_smiles | INFO | [820/1211] Resolving: EFAVIRENZ
2026-07-23 22:06:09 | 02_resolve_smiles | INFO |   OK EFAVIRENZ -> O=C1Nc2ccc(Cl)cc2[C@@](C#CC2CC2)(C(F)(F)... (method=exact_pref_name_match, frags=1)
2026-07-23 22:06:09 | 02_resolve_smiles | INFO | [821/1211] Resolving: CELECOXIB
2026-07-23 22:06:17 | 02_resolve_smiles | INFO |   OK CELECOXIB -> Cc1ccc(-c2cc(C(F)(F)F)nn2-c2ccc(S(N)(=O)... (method=exact_pref_name_match, frags=1)
2026-07-23 22:06:17 | 02_resolve_smiles | INFO | [822/1211] Resolving: CEFADROXIL HEMIHYDRATE
2026-07-23 22:06:19 | 02_resolve_smiles | WARNING |   CEFADROXIL HEMIHYDRATE: fallback to score-based selection -- verify manually if critical
2026-07-23 22:06:19 | 02_resolve_smiles | INFO |   OK CEFADROXIL HEMIHYDRATE -> CC1=C(C(=O)O)N2C(=O)[C@@H](NC(=O)[C@H](N... (method=fallback_highest_score, frags=1)
2026-07-23 22:06:19 | 02_resolve_smiles | INFO | [823/1211] Resolving: SUMATRIPTAN SUCCINATE
2026-07-23 22:06:27 | 02_resolve_smiles | INFO |   SUMATRIPTAN SUCCINATE: salt stripped (2 frags), removed: ['O=C(O)CCC(=O)O']
2026-07-23 22:06:27 | 02_resolve_smiles | INFO |   OK SUMATRIPTAN SUCCINATE -> CNS(=O)(=O)Cc1ccc2[nH]cc(CCN(C)C)c2c1... (method=exact_pref_name_match, frags=2)
2026-07-23 22:06:27 | 02_resolve_smiles | INFO | [824/1211] Resolving: HALOPERIDOL
2026-07-23 22:06:29 | 02_resolve_smiles | INFO |   OK HALOPERIDOL -> O=C(CCCN1CCC(O)(c2ccc(Cl)cc2)CC1)c1ccc(F... (method=exact_pref_name_match, frags=1)
2026-07-23 22:06:29 | 02_resolve_smiles | INFO | [825/1211] Resolving: CLOZAPINE
2026-07-23 22:06:31 | 02_resolve_smiles | INFO |   OK CLOZAPINE -> CN1CCN(C2=Nc3cc(Cl)ccc3Nc3ccccc32)CC1... (method=exact_pref_name_match, frags=1)
2026-07-23 22:06:31 | 02_resolve_smiles | INFO | [826/1211] Resolving: AZITHROMYCIN ANHYDROUS
2026-07-23 22:06:39 | 02_resolve_smiles | WARNING |   AZITHROMYCIN ANHYDROUS: fallback to score-based selection -- verify manually if critical
2026-07-23 22:06:39 | 02_resolve_smiles | INFO |   OK AZITHROMYCIN ANHYDROUS -> CC[C@@H]1OC(=O)[C@H](C)[C@@H](O[C@@H]2C[... (method=fallback_highest_score, frags=1)
2026-07-23 22:06:39 | 02_resolve_smiles | INFO | [827/1211] Resolving: ABACAVIR SULFATE
2026-07-23 22:06:42 | 02_resolve_smiles | INFO |   ABACAVIR SULFATE: salt stripped (3 frags), removed: ['Nc1nc(NC2CC2)c2ncn([C@H]3C=C[C@@H](CO)C3)c2n1', 'O=S(=O)(O)O']
2026-07-23 22:06:42 | 02_resolve_smiles | INFO |   OK ABACAVIR SULFATE -> Nc1nc(NC2CC2)c2ncn([C@H]3C=C[C@@H](CO)C3... (method=exact_pref_name_match, frags=3)
2026-07-23 22:06:42 | 02_resolve_smiles | INFO | [828/1211] Resolving: QUINIDINE SULFATE
2026-07-23 22:06:44 | 02_resolve_smiles | INFO |   QUINIDINE SULFATE: salt stripped (5 frags), removed: ['C=C[C@H]1CN2CC[C@H]1C[C@@H]2[C@@H](O)c1ccnc2ccc(OC)cc12', 'O=S(=O)(O)O', 'O', 'O']
2026-07-23 22:06:44 | 02_resolve_smiles | INFO |   OK QUINIDINE SULFATE -> C=C[C@H]1CN2CC[C@H]1C[C@@H]2[C@@H](O)c1c... (method=exact_pref_name_match, frags=5)
2026-07-23 22:06:44 | 02_resolve_smiles | INFO | [829/1211] Resolving: PREDNISOLONE SODIUM PHOSPHATE
2026-07-23 22:06:50 | 02_resolve_smiles | INFO |   PREDNISOLONE SODIUM PHOSPHATE: salt stripped (3 frags), removed: ['[Na+]', '[Na+]']
2026-07-23 22:06:50 | 02_resolve_smiles | INFO |   OK PREDNISOLONE SODIUM PHOSPHATE -> C[C@]12C=CC(=O)C=C1CC[C@@H]1[C@@H]2[C@@H... (method=exact_pref_name_match, frags=3)
2026-07-23 22:06:50 | 02_resolve_smiles | INFO | [830/1211] Resolving: FOSAMPRENAVIR CALCIUM
2026-07-23 22:06:55 | 02_resolve_smiles | INFO |   FOSAMPRENAVIR CALCIUM: salt stripped (2 frags), removed: ['[Ca+2]']
2026-07-23 22:06:55 | 02_resolve_smiles | INFO |   OK FOSAMPRENAVIR CALCIUM -> CC(C)CN(C[C@@H](OP(=O)([O-])[O-])[C@H](C... (method=exact_pref_name_match, frags=2)
2026-07-23 22:06:55 | 02_resolve_smiles | INFO | [831/1211] Resolving: ISOSORBIDE DINITRATE
2026-07-23 22:06:57 | 02_resolve_smiles | INFO |   OK ISOSORBIDE DINITRATE -> O=[N+]([O-])O[C@H]1CO[C@H]2[C@@H]1OC[C@H... (method=exact_pref_name_match, frags=1)
2026-07-23 22:06:57 | 02_resolve_smiles | INFO | [832/1211] Resolving: NIFEDIPINE
2026-07-23 22:06:59 | 02_resolve_smiles | INFO |   OK NIFEDIPINE -> COC(=O)C1=C(C)NC(C)=C(C(=O)OC)C1c1ccccc1... (method=exact_pref_name_match, frags=1)
2026-07-23 22:06:59 | 02_resolve_smiles | INFO | [833/1211] Resolving: FLUOXETINE HYDROCHLORIDE
2026-07-23 22:07:02 | 02_resolve_smiles | INFO |   FLUOXETINE HYDROCHLORIDE: salt stripped (2 frags), removed: ['Cl']
2026-07-23 22:07:02 | 02_resolve_smiles | INFO |   OK FLUOXETINE HYDROCHLORIDE -> CNCCC(Oc1ccc(C(F)(F)F)cc1)c1ccccc1... (method=exact_pref_name_match, frags=2)
2026-07-23 22:07:02 | 02_resolve_smiles | INFO | [834/1211] Resolving: PROCHLORPERAZINE MALEATE
2026-07-23 22:07:05 | 02_resolve_smiles | INFO |   PROCHLORPERAZINE MALEATE: salt stripped (3 frags), removed: ['O=C(O)/C=C\\C(=O)O', 'O=C(O)/C=C\\C(=O)O']
2026-07-23 22:07:05 | 02_resolve_smiles | INFO |   OK PROCHLORPERAZINE MALEATE -> CN1CCN(CCCN2c3ccccc3Sc3ccc(Cl)cc32)CC1... (method=exact_pref_name_match, frags=3)
2026-07-23 22:07:05 | 02_resolve_smiles | INFO | [835/1211] Resolving: AMPICILLIN TRIHYDRATE
2026-07-23 22:07:09 | 02_resolve_smiles | INFO |   AMPICILLIN TRIHYDRATE: salt stripped (4 frags), removed: ['O', 'O', 'O']
2026-07-23 22:07:09 | 02_resolve_smiles | INFO |   OK AMPICILLIN TRIHYDRATE -> CC1(C)S[C@@H]2[C@H](NC(=O)[C@H](N)c3cccc... (method=exact_pref_name_match, frags=4)
2026-07-23 22:07:09 | 02_resolve_smiles | INFO | [836/1211] Resolving: AMBRISENTAN
2026-07-23 22:07:11 | 02_resolve_smiles | INFO |   OK AMBRISENTAN -> COC(c1ccccc1)(c1ccccc1)[C@H](Oc1nc(C)cc(... (method=exact_pref_name_match, frags=1)
2026-07-23 22:07:11 | 02_resolve_smiles | INFO | [837/1211] Resolving: MYCOPHENOLIC ACID
2026-07-23 22:07:13 | 02_resolve_smiles | INFO |   OK MYCOPHENOLIC ACID -> COc1c(C)c2c(c(O)c1C/C=C(\C)CCC(=O)O)C(=O... (method=exact_pref_name_match, frags=1)
2026-07-23 22:07:13 | 02_resolve_smiles | INFO | [838/1211] Resolving: RISEDRONATE SODIUM HEMI-PENTAHYDRATE
2026-07-23 22:07:17 | 02_resolve_smiles | WARNING |   RISEDRONATE SODIUM HEMI-PENTAHYDRATE: fallback to score-based selection -- verify manually if critical
2026-07-23 22:07:17 | 02_resolve_smiles | INFO |   RISEDRONATE SODIUM HEMI-PENTAHYDRATE: salt stripped (2 frags), removed: ['[Na+]']
2026-07-23 22:07:17 | 02_resolve_smiles | INFO |   OK RISEDRONATE SODIUM HEMI-PENTAHYDRATE -> O=P([O-])(O)C(O)(Cc1cccnc1)P(=O)(O)O... (method=fallback_highest_score, frags=2)
2026-07-23 22:07:17 | 02_resolve_smiles | INFO | [839/1211] Resolving: COLCHICEINE
2026-07-23 22:07:19 | 02_resolve_smiles | INFO |   OK COLCHICEINE -> COc1cc2c(c(OC)c1OC)-c1ccc(=O)c(O)cc1[C@@... (method=exact_pref_name_match, frags=1)
2026-07-23 22:07:19 | 02_resolve_smiles | INFO | [840/1211] Resolving: SOTALOL HYDROCHLORIDE
2026-07-23 22:07:23 | 02_resolve_smiles | INFO |   SOTALOL HYDROCHLORIDE: salt stripped (2 frags), removed: ['Cl']
2026-07-23 22:07:23 | 02_resolve_smiles | INFO |   OK SOTALOL HYDROCHLORIDE -> CC(C)NCC(O)c1ccc(NS(C)(=O)=O)cc1... (method=exact_pref_name_match, frags=2)
2026-07-23 22:07:23 | 02_resolve_smiles | INFO | [841/1211] Resolving: MECLIZINE HYDROCHLORIDE
2026-07-23 22:07:26 | 02_resolve_smiles | INFO |   MECLIZINE HYDROCHLORIDE: salt stripped (4 frags), removed: ['Cl', 'Cl', 'O']
2026-07-23 22:07:26 | 02_resolve_smiles | INFO |   OK MECLIZINE HYDROCHLORIDE -> Cc1cccc(CN2CCN(C(c3ccccc3)c3ccc(Cl)cc3)C... (method=exact_pref_name_match, frags=4)
2026-07-23 22:07:26 | 02_resolve_smiles | INFO | [842/1211] Resolving: TRIENTINE HYDROCHLORIDE
2026-07-23 22:07:29 | 02_resolve_smiles | INFO |   TRIENTINE HYDROCHLORIDE: salt stripped (3 frags), removed: ['Cl', 'Cl']
2026-07-23 22:07:29 | 02_resolve_smiles | INFO |   OK TRIENTINE HYDROCHLORIDE -> NCCNCCNCCN... (method=exact_pref_name_match, frags=3)
2026-07-23 22:07:29 | 02_resolve_smiles | INFO | [843/1211] Resolving: BACLOFEN
2026-07-23 22:07:31 | 02_resolve_smiles | INFO |   OK BACLOFEN -> NCC(CC(=O)O)c1ccc(Cl)cc1... (method=exact_pref_name_match, frags=1)
2026-07-23 22:07:31 | 02_resolve_smiles | INFO | [844/1211] Resolving: BETHANECHOL CHLORIDE
2026-07-23 22:07:34 | 02_resolve_smiles | INFO |   BETHANECHOL CHLORIDE: salt stripped (2 frags), removed: ['[Cl-]']
2026-07-23 22:07:34 | 02_resolve_smiles | INFO |   OK BETHANECHOL CHLORIDE -> CC(C[N+](C)(C)C)OC(N)=O... (method=exact_pref_name_match, frags=2)
2026-07-23 22:07:34 | 02_resolve_smiles | INFO | [845/1211] Resolving: CLARITHROMYCIN
2026-07-23 22:07:36 | 02_resolve_smiles | INFO |   OK CLARITHROMYCIN -> CC[C@H]1OC(=O)[C@H](C)[C@@H](O[C@H]2C[C@... (method=exact_pref_name_match, frags=1)
2026-07-23 22:07:36 | 02_resolve_smiles | INFO | [846/1211] Resolving: CHLORZOXAZONE
2026-07-23 22:07:38 | 02_resolve_smiles | INFO |   OK CHLORZOXAZONE -> O=c1[nH]c2cc(Cl)ccc2o1... (method=exact_pref_name_match, frags=1)
2026-07-23 22:07:38 | 02_resolve_smiles | INFO | [847/1211] Resolving: PRIMAQUINE PHOSPHATE
2026-07-23 22:07:41 | 02_resolve_smiles | INFO |   PRIMAQUINE PHOSPHATE: salt stripped (3 frags), removed: ['O=P(O)(O)O', 'O=P(O)(O)O']
2026-07-23 22:07:41 | 02_resolve_smiles | INFO |   OK PRIMAQUINE PHOSPHATE -> COc1cc(NC(C)CCCN)c2ncccc2c1... (method=exact_pref_name_match, frags=3)
2026-07-23 22:07:41 | 02_resolve_smiles | INFO | [848/1211] Resolving: VENLAFAXINE
2026-07-23 22:07:43 | 02_resolve_smiles | INFO |   OK VENLAFAXINE -> COc1ccc(C(CN(C)C)C2(O)CCCCC2)cc1... (method=exact_pref_name_match, frags=1)
2026-07-23 22:07:43 | 02_resolve_smiles | INFO | [849/1211] Resolving: VIGABATRIN
2026-07-23 22:07:45 | 02_resolve_smiles | INFO |   OK VIGABATRIN -> C=CC(N)CCC(=O)O... (method=exact_pref_name_match, frags=1)
2026-07-23 22:07:45 | 02_resolve_smiles | INFO | [850/1211] Resolving: PENICILLAMINE
2026-07-23 22:07:48 | 02_resolve_smiles | INFO |   OK PENICILLAMINE -> CC(C)(S)[C@@H](N)C(=O)O... (method=exact_pref_name_match, frags=1)
2026-07-23 22:07:48 | 02_resolve_smiles | INFO |   [Checkpoint saved at 850 compounds]
2026-07-23 22:07:48 | 02_resolve_smiles | INFO | [851/1211] Resolving: SEVELAMER HYDROCHLORIDE
2026-07-23 22:07:51 | 02_resolve_smiles | WARNING |   X SEVELAMER HYDROCHLORIDE: no_structure --  | No canonical_smiles in ChEMBL response
2026-07-23 22:07:51 | 02_resolve_smiles | INFO | [852/1211] Resolving: METAPROTERENOL SULFATE
2026-07-23 22:07:54 | 02_resolve_smiles | INFO |   METAPROTERENOL SULFATE: salt stripped (3 frags), removed: ['CC(C)NCC(O)c1cc(O)cc(O)c1', 'O=S(=O)(O)O']
2026-07-23 22:07:54 | 02_resolve_smiles | INFO |   OK METAPROTERENOL SULFATE -> CC(C)NCC(O)c1cc(O)cc(O)c1... (method=exact_pref_name_match, frags=3)
2026-07-23 22:07:54 | 02_resolve_smiles | INFO | [853/1211] Resolving: VALGANCICLOVIR
2026-07-23 22:07:56 | 02_resolve_smiles | INFO |   OK VALGANCICLOVIR -> CC(C)[C@H](N)C(=O)OCC(CO)OCn1cnc2c(=O)[n... (method=exact_pref_name_match, frags=1)
2026-07-23 22:07:56 | 02_resolve_smiles | INFO | [854/1211] Resolving: LIOTHYRONINE SODIUM
2026-07-23 22:07:59 | 02_resolve_smiles | INFO |   LIOTHYRONINE SODIUM: salt stripped (2 frags), removed: ['[Na+]']
2026-07-23 22:07:59 | 02_resolve_smiles | INFO |   OK LIOTHYRONINE SODIUM -> N[C@@H](Cc1cc(I)c(Oc2ccc(O)c(I)c2)c(I)c1... (method=exact_pref_name_match, frags=2)
2026-07-23 22:07:59 | 02_resolve_smiles | INFO | [855/1211] Resolving: PRASUGREL HYDROCHLORIDE
2026-07-23 22:08:02 | 02_resolve_smiles | INFO |   PRASUGREL HYDROCHLORIDE: salt stripped (2 frags), removed: ['Cl']
2026-07-23 22:08:02 | 02_resolve_smiles | INFO |   OK PRASUGREL HYDROCHLORIDE -> CC(=O)Oc1cc2c(s1)CCN(C(C(=O)C1CC1)c1cccc... (method=exact_pref_name_match, frags=2)
2026-07-23 22:08:02 | 02_resolve_smiles | INFO | [856/1211] Resolving: EMTRICITABINE
2026-07-23 22:08:04 | 02_resolve_smiles | INFO |   OK EMTRICITABINE -> Nc1nc(=O)n([C@@H]2CS[C@H](CO)O2)cc1F... (method=exact_pref_name_match, frags=1)
2026-07-23 22:08:04 | 02_resolve_smiles | INFO | [857/1211] Resolving: VALACYCLOVIR HYDROCHLORIDE
2026-07-23 22:08:07 | 02_resolve_smiles | INFO |   VALACYCLOVIR HYDROCHLORIDE: salt stripped (2 frags), removed: ['Cl']
2026-07-23 22:08:07 | 02_resolve_smiles | INFO |   OK VALACYCLOVIR HYDROCHLORIDE -> CC(C)[C@H](N)C(=O)OCCOCn1cnc2c(=O)nc(N)[... (method=exact_pref_name_match, frags=2)
2026-07-23 22:08:07 | 02_resolve_smiles | INFO | [858/1211] Resolving: POLYETHYLENE GLYCOL 3350
2026-07-23 22:08:09 | 02_resolve_smiles | WARNING |   X POLYETHYLENE GLYCOL 3350: no_structure --  | No canonical_smiles in ChEMBL response
2026-07-23 22:08:09 | 02_resolve_smiles | INFO | [859/1211] Resolving: DESLORATADINE
2026-07-23 22:08:11 | 02_resolve_smiles | INFO |   OK DESLORATADINE -> Clc1ccc2c(c1)CCc1cccnc1C2=C1CCNCC1... (method=exact_pref_name_match, frags=1)
2026-07-23 22:08:11 | 02_resolve_smiles | INFO | [860/1211] Resolving: PERPHENAZINE
2026-07-23 22:08:13 | 02_resolve_smiles | INFO |   OK PERPHENAZINE -> OCCN1CCN(CCCN2c3ccccc3Sc3ccc(Cl)cc32)CC1... (method=exact_pref_name_match, frags=1)
2026-07-23 22:08:13 | 02_resolve_smiles | INFO | [861/1211] Resolving: DIMETHYL FUMARATE
2026-07-23 22:08:16 | 02_resolve_smiles | INFO |   OK DIMETHYL FUMARATE -> COC(=O)/C=C/C(=O)OC... (method=exact_pref_name_match, frags=1)
2026-07-23 22:08:16 | 02_resolve_smiles | INFO | [862/1211] Resolving: BROMOCRIPTINE MESYLATE
2026-07-23 22:08:19 | 02_resolve_smiles | INFO |   BROMOCRIPTINE MESYLATE: salt stripped (2 frags), removed: ['CS(=O)(=O)O']
2026-07-23 22:08:19 | 02_resolve_smiles | INFO |   OK BROMOCRIPTINE MESYLATE -> CC(C)C[C@H]1C(=O)N2CCC[C@H]2[C@]2(O)O[C@... (method=exact_pref_name_match, frags=2)
2026-07-23 22:08:19 | 02_resolve_smiles | INFO | [863/1211] Resolving: NADOLOL
2026-07-23 22:08:20 | 02_resolve_smiles | INFO |   OK NADOLOL -> CC(C)(C)NCC(O)COc1cccc2c1CC(O)C(O)C2... (method=exact_pref_name_match, frags=1)
2026-07-23 22:08:20 | 02_resolve_smiles | INFO | [864/1211] Resolving: PROPRANOLOL HYDROCHLORIDE
2026-07-23 22:08:24 | 02_resolve_smiles | INFO |   PROPRANOLOL HYDROCHLORIDE: salt stripped (2 frags), removed: ['Cl']
2026-07-23 22:08:24 | 02_resolve_smiles | INFO |   OK PROPRANOLOL HYDROCHLORIDE -> CC(C)NCC(O)COc1cccc2ccccc12... (method=exact_pref_name_match, frags=2)
2026-07-23 22:08:24 | 02_resolve_smiles | INFO | [865/1211] Resolving: RISEDRONATE SODIUM MONOHYDRATE
2026-07-23 22:08:28 | 02_resolve_smiles | WARNING |   RISEDRONATE SODIUM MONOHYDRATE: fallback to score-based selection -- verify manually if critical
2026-07-23 22:08:28 | 02_resolve_smiles | INFO |   RISEDRONATE SODIUM MONOHYDRATE: salt stripped (2 frags), removed: ['[Na+]']
2026-07-23 22:08:28 | 02_resolve_smiles | INFO |   OK RISEDRONATE SODIUM MONOHYDRATE -> O=P([O-])(O)C(O)(Cc1cccnc1)P(=O)(O)O... (method=fallback_highest_score, frags=2)
2026-07-23 22:08:28 | 02_resolve_smiles | INFO | [866/1211] Resolving: ALBENDAZOLE
2026-07-23 22:08:29 | 02_resolve_smiles | INFO |   OK ALBENDAZOLE -> CCCSc1ccc2[nH]c(NC(=O)OC)nc2c1... (method=exact_pref_name_match, frags=1)
2026-07-23 22:08:29 | 02_resolve_smiles | INFO | [867/1211] Resolving: INDAPAMIDE
2026-07-23 22:08:31 | 02_resolve_smiles | INFO |   OK INDAPAMIDE -> CC1Cc2ccccc2N1NC(=O)c1ccc(Cl)c(S(N)(=O)=... (method=exact_pref_name_match, frags=1)
2026-07-23 22:08:31 | 02_resolve_smiles | INFO | [868/1211] Resolving: EZETIMIBE
2026-07-23 22:08:45 | 02_resolve_smiles | INFO |   OK EZETIMIBE -> O=C1[C@H](CC[C@H](O)c2ccc(F)cc2)[C@@H](c... (method=exact_pref_name_match, frags=1)
2026-07-23 22:08:45 | 02_resolve_smiles | INFO | [869/1211] Resolving: ABIRATERONE ACETATE
2026-07-23 22:09:07 | 02_resolve_smiles | WARNING | Timeout on attempt 1/3: https://www.ebi.ac.uk/chembl/api/data/molecule/search
2026-07-23 22:09:29 | 02_resolve_smiles | WARNING | Timeout on attempt 2/3: https://www.ebi.ac.uk/chembl/api/data/molecule/search
2026-07-23 22:09:43 | 02_resolve_smiles | INFO |   OK ABIRATERONE ACETATE -> CC(=O)O[C@H]1CC[C@@]2(C)C(=CC[C@@H]3[C@@... (method=exact_pref_name_match, frags=1)
2026-07-23 22:09:43 | 02_resolve_smiles | INFO | [870/1211] Resolving: ISOTRETINOIN
2026-07-23 22:09:45 | 02_resolve_smiles | INFO |   OK ISOTRETINOIN -> CC1=C(/C=C/C(C)=C/C=C/C(C)=C\C(=O)O)C(C)... (method=exact_pref_name_match, frags=1)
2026-07-23 22:09:45 | 02_resolve_smiles | INFO | [871/1211] Resolving: LISINOPRIL
2026-07-23 22:09:47 | 02_resolve_smiles | INFO |   LISINOPRIL: salt stripped (3 frags), removed: ['O', 'O']
2026-07-23 22:09:47 | 02_resolve_smiles | INFO |   OK LISINOPRIL -> NCCCC[C@H](N[C@@H](CCc1ccccc1)C(=O)O)C(=... (method=exact_pref_name_match, frags=3)
2026-07-23 22:09:47 | 02_resolve_smiles | INFO | [872/1211] Resolving: TIAGABINE HYDROCHLORIDE
2026-07-23 22:09:50 | 02_resolve_smiles | INFO |   TIAGABINE HYDROCHLORIDE: salt stripped (2 frags), removed: ['Cl']
2026-07-23 22:09:50 | 02_resolve_smiles | INFO |   OK TIAGABINE HYDROCHLORIDE -> Cc1ccsc1C(=CCCN1CCC[C@@H](C(=O)O)C1)c1sc... (method=exact_pref_name_match, frags=2)
2026-07-23 22:09:50 | 02_resolve_smiles | INFO | [873/1211] Resolving: ROPINIROLE HYDROCHLORIDE
2026-07-23 22:09:53 | 02_resolve_smiles | INFO |   ROPINIROLE HYDROCHLORIDE: salt stripped (2 frags), removed: ['Cl']
2026-07-23 22:09:53 | 02_resolve_smiles | INFO |   OK ROPINIROLE HYDROCHLORIDE -> CCCN(CCC)CCc1cccc2c1CC(=O)N2... (method=exact_pref_name_match, frags=2)
2026-07-23 22:09:53 | 02_resolve_smiles | INFO | [874/1211] Resolving: TERAZOSIN HYDROCHLORIDE
2026-07-23 22:09:56 | 02_resolve_smiles | INFO |   TERAZOSIN HYDROCHLORIDE: salt stripped (4 frags), removed: ['Cl', 'O', 'O']
2026-07-23 22:09:56 | 02_resolve_smiles | INFO |   OK TERAZOSIN HYDROCHLORIDE -> COc1cc2nc(N3CCN(C(=O)C4CCCO4)CC3)nc(N)c2... (method=exact_pref_name_match, frags=4)
2026-07-23 22:09:56 | 02_resolve_smiles | INFO | [875/1211] Resolving: FROVATRIPTAN SUCCINATE
2026-07-23 22:09:59 | 02_resolve_smiles | INFO |   FROVATRIPTAN SUCCINATE: salt stripped (3 frags), removed: ['O=C(O)CCC(=O)O', 'O']
2026-07-23 22:09:59 | 02_resolve_smiles | INFO |   OK FROVATRIPTAN SUCCINATE -> CN[C@@H]1CCc2[nH]c3ccc(C(N)=O)cc3c2C1... (method=exact_pref_name_match, frags=3)
2026-07-23 22:09:59 | 02_resolve_smiles | INFO | [876/1211] Resolving: SILODOSIN
2026-07-23 22:10:00 | 02_resolve_smiles | INFO |   OK SILODOSIN -> C[C@H](Cc1cc2c(c(C(N)=O)c1)N(CCCO)CC2)NC... (method=exact_pref_name_match, frags=1)
2026-07-23 22:10:00 | 02_resolve_smiles | INFO | [877/1211] Resolving: DARIFENACIN HYDROBROMIDE
2026-07-23 22:10:03 | 02_resolve_smiles | INFO |   DARIFENACIN HYDROBROMIDE: salt stripped (2 frags), removed: ['Br']
2026-07-23 22:10:03 | 02_resolve_smiles | INFO |   OK DARIFENACIN HYDROBROMIDE -> NC(=O)C(c1ccccc1)(c1ccccc1)[C@@H]1CCN(CC... (method=exact_pref_name_match, frags=2)
2026-07-23 22:10:03 | 02_resolve_smiles | INFO | [878/1211] Resolving: DICYCLOMINE HYDROCHLORIDE
2026-07-23 22:10:06 | 02_resolve_smiles | INFO |   DICYCLOMINE HYDROCHLORIDE: salt stripped (2 frags), removed: ['Cl']
2026-07-23 22:10:06 | 02_resolve_smiles | INFO |   OK DICYCLOMINE HYDROCHLORIDE -> CCN(CC)CCOC(=O)C1(C2CCCCC2)CCCCC1... (method=exact_pref_name_match, frags=2)
2026-07-23 22:10:06 | 02_resolve_smiles | INFO | [879/1211] Resolving: CEFDINIR
2026-07-23 22:10:07 | 02_resolve_smiles | INFO |   OK CEFDINIR -> C=CC1=C(C(=O)O)N2C(=O)[C@@H](NC(=O)/C(=N... (method=exact_pref_name_match, frags=1)
2026-07-23 22:10:07 | 02_resolve_smiles | INFO | [880/1211] Resolving: TEMAZEPAM
2026-07-23 22:10:09 | 02_resolve_smiles | INFO |   OK TEMAZEPAM -> CN1C(=O)C(O)N=C(c2ccccc2)c2cc(Cl)ccc21... (method=exact_pref_name_match, frags=1)
2026-07-23 22:10:09 | 02_resolve_smiles | INFO | [881/1211] Resolving: PROPOXYPHENE HYDROCHLORIDE
2026-07-23 22:10:12 | 02_resolve_smiles | INFO |   PROPOXYPHENE HYDROCHLORIDE: salt stripped (2 frags), removed: ['Cl']
2026-07-23 22:10:12 | 02_resolve_smiles | INFO |   OK PROPOXYPHENE HYDROCHLORIDE -> CCC(=O)O[C@](Cc1ccccc1)(c1ccccc1)[C@H](C... (method=exact_pref_name_match, frags=2)
2026-07-23 22:10:12 | 02_resolve_smiles | INFO | [882/1211] Resolving: MOXIFLOXACIN HYDROCHLORIDE
2026-07-23 22:10:15 | 02_resolve_smiles | INFO |   MOXIFLOXACIN HYDROCHLORIDE: salt stripped (2 frags), removed: ['Cl']
2026-07-23 22:10:15 | 02_resolve_smiles | INFO |   OK MOXIFLOXACIN HYDROCHLORIDE -> COc1c(N2C[C@@H]3CCCN[C@@H]3C2)c(F)cc2c(=... (method=exact_pref_name_match, frags=2)
2026-07-23 22:10:15 | 02_resolve_smiles | INFO | [883/1211] Resolving: OXYCODONE HYDROCHLORIDE
2026-07-23 22:10:18 | 02_resolve_smiles | INFO |   OXYCODONE HYDROCHLORIDE: salt stripped (2 frags), removed: ['Cl']
2026-07-23 22:10:18 | 02_resolve_smiles | INFO |   OK OXYCODONE HYDROCHLORIDE -> COc1ccc2c3c1O[C@H]1C(=O)CC[C@@]4(O)[C@@H... (method=exact_pref_name_match, frags=2)
2026-07-23 22:10:18 | 02_resolve_smiles | INFO | [884/1211] Resolving: THEOPHYLLINE
2026-07-23 22:10:20 | 02_resolve_smiles | INFO |   THEOPHYLLINE: salt stripped (2 frags), removed: ['O']
2026-07-23 22:10:20 | 02_resolve_smiles | INFO |   OK THEOPHYLLINE -> Cn1c(=O)c2nc[nH]c2n(C)c1=O... (method=exact_pref_name_match, frags=2)
2026-07-23 22:10:20 | 02_resolve_smiles | INFO | [885/1211] Resolving: PHENTERMINE
2026-07-23 22:10:22 | 02_resolve_smiles | INFO |   OK PHENTERMINE -> CC(C)(N)Cc1ccccc1... (method=exact_pref_name_match, frags=1)
2026-07-23 22:10:22 | 02_resolve_smiles | INFO | [886/1211] Resolving: SILDENAFIL CITRATE
2026-07-23 22:10:25 | 02_resolve_smiles | INFO |   SILDENAFIL CITRATE: salt stripped (2 frags), removed: ['O=C(O)CC(O)(CC(=O)O)C(=O)O']
2026-07-23 22:10:25 | 02_resolve_smiles | INFO |   OK SILDENAFIL CITRATE -> CCCc1nn(C)c2c(=O)[nH]c(-c3cc(S(=O)(=O)N4... (method=exact_pref_name_match, frags=2)
2026-07-23 22:10:25 | 02_resolve_smiles | INFO | [887/1211] Resolving: STAVUDINE
2026-07-23 22:10:26 | 02_resolve_smiles | INFO |   OK STAVUDINE -> Cc1cn([C@H]2C=C[C@@H](CO)O2)c(=O)[nH]c1=... (method=exact_pref_name_match, frags=1)
2026-07-23 22:10:26 | 02_resolve_smiles | INFO | [888/1211] Resolving: IMIPRAMINE HYDROCHLORIDE
2026-07-23 22:10:30 | 02_resolve_smiles | INFO |   IMIPRAMINE HYDROCHLORIDE: salt stripped (2 frags), removed: ['Cl']
2026-07-23 22:10:30 | 02_resolve_smiles | INFO |   OK IMIPRAMINE HYDROCHLORIDE -> CN(C)CCCN1c2ccccc2CCc2ccccc21... (method=exact_pref_name_match, frags=2)
2026-07-23 22:10:30 | 02_resolve_smiles | INFO | [889/1211] Resolving: RANITIDINE HYDROCHLORIDE
2026-07-23 22:10:32 | 02_resolve_smiles | INFO |   RANITIDINE HYDROCHLORIDE: salt stripped (2 frags), removed: ['Cl']
2026-07-23 22:10:32 | 02_resolve_smiles | INFO |   OK RANITIDINE HYDROCHLORIDE -> CNC(=C[N+](=O)[O-])NCCSCc1ccc(CN(C)C)o1... (method=exact_pref_name_match, frags=2)
2026-07-23 22:10:32 | 02_resolve_smiles | INFO | [890/1211] Resolving: PINDOLOL
2026-07-23 22:10:35 | 02_resolve_smiles | INFO |   OK PINDOLOL -> CC(C)NCC(O)COc1cccc2[nH]ccc12... (method=exact_pref_name_match, frags=1)
2026-07-23 22:10:35 | 02_resolve_smiles | INFO | [891/1211] Resolving: DALFAMPRIDINE
2026-07-23 22:10:36 | 02_resolve_smiles | INFO |   OK DALFAMPRIDINE -> Nc1ccncc1... (method=exact_pref_name_match, frags=1)
2026-07-23 22:10:36 | 02_resolve_smiles | INFO | [892/1211] Resolving: NEVIRAPINE HEMIHYDRATE
2026-07-23 22:10:38 | 02_resolve_smiles | WARNING |   NEVIRAPINE HEMIHYDRATE: fallback to score-based selection -- verify manually if critical
2026-07-23 22:10:38 | 02_resolve_smiles | INFO |   OK NEVIRAPINE HEMIHYDRATE -> Cc1ccnc2c1NC(=O)c1cccnc1N2C1CC1... (method=fallback_highest_score, frags=1)
2026-07-23 22:10:38 | 02_resolve_smiles | INFO | [893/1211] Resolving: TIZANIDINE HYDROCHLORIDE
2026-07-23 22:10:41 | 02_resolve_smiles | INFO |   TIZANIDINE HYDROCHLORIDE: salt stripped (2 frags), removed: ['Cl']
2026-07-23 22:10:41 | 02_resolve_smiles | INFO |   OK TIZANIDINE HYDROCHLORIDE -> Clc1ccc2nsnc2c1NC1=NCCN1... (method=exact_pref_name_match, frags=2)
2026-07-23 22:10:41 | 02_resolve_smiles | INFO | [894/1211] Resolving: ACEBUTOLOL HYDROCHLORIDE
2026-07-23 22:10:44 | 02_resolve_smiles | INFO |   ACEBUTOLOL HYDROCHLORIDE: salt stripped (2 frags), removed: ['Cl']
2026-07-23 22:10:44 | 02_resolve_smiles | INFO |   OK ACEBUTOLOL HYDROCHLORIDE -> CCCC(=O)Nc1ccc(OCC(O)CNC(C)C)c(C(C)=O)c1... (method=exact_pref_name_match, frags=2)
2026-07-23 22:10:44 | 02_resolve_smiles | INFO | [895/1211] Resolving: TRIHEXYPHENIDYL HYDROCHLORIDE
2026-07-23 22:10:47 | 02_resolve_smiles | INFO |   TRIHEXYPHENIDYL HYDROCHLORIDE: salt stripped (2 frags), removed: ['Cl']
2026-07-23 22:10:47 | 02_resolve_smiles | INFO |   OK TRIHEXYPHENIDYL HYDROCHLORIDE -> OC(CCN1CCCCC1)(c1ccccc1)C1CCCCC1... (method=exact_pref_name_match, frags=2)
2026-07-23 22:10:47 | 02_resolve_smiles | INFO | [896/1211] Resolving: SIMVASTATIN
2026-07-23 22:10:49 | 02_resolve_smiles | INFO |   OK SIMVASTATIN -> CCC(C)(C)C(=O)O[C@H]1C[C@@H](C)C=C2C=C[C... (method=exact_pref_name_match, frags=1)
2026-07-23 22:10:49 | 02_resolve_smiles | INFO | [897/1211] Resolving: MIGLUSTAT
2026-07-23 22:10:51 | 02_resolve_smiles | INFO |   OK MIGLUSTAT -> CCCCN1C[C@H](O)[C@@H](O)[C@H](O)[C@H]1CO... (method=exact_pref_name_match, frags=1)
2026-07-23 22:10:51 | 02_resolve_smiles | INFO | [898/1211] Resolving: RANOLAZINE
2026-07-23 22:10:52 | 02_resolve_smiles | INFO |   OK RANOLAZINE -> COc1ccccc1OCC(O)CN1CCN(CC(=O)Nc2c(C)cccc... (method=exact_pref_name_match, frags=1)
2026-07-23 22:10:52 | 02_resolve_smiles | INFO | [899/1211] Resolving: BEXAROTENE
2026-07-23 22:10:54 | 02_resolve_smiles | INFO |   OK BEXAROTENE -> C=C(c1ccc(C(=O)O)cc1)c1cc2c(cc1C)C(C)(C)... (method=exact_pref_name_match, frags=1)
2026-07-23 22:10:54 | 02_resolve_smiles | INFO | [900/1211] Resolving: TICLOPIDINE HYDROCHLORIDE
2026-07-23 22:10:57 | 02_resolve_smiles | INFO |   TICLOPIDINE HYDROCHLORIDE: salt stripped (2 frags), removed: ['Cl']
2026-07-23 22:10:57 | 02_resolve_smiles | INFO |   OK TICLOPIDINE HYDROCHLORIDE -> Clc1ccccc1CN1CCc2sccc2C1... (method=exact_pref_name_match, frags=2)
2026-07-23 22:10:57 | 02_resolve_smiles | INFO |   [Checkpoint saved at 900 compounds]
2026-07-23 22:10:57 | 02_resolve_smiles | INFO | [901/1211] Resolving: BICALUTAMIDE
2026-07-23 22:10:59 | 02_resolve_smiles | INFO |   OK BICALUTAMIDE -> CC(O)(CS(=O)(=O)c1ccc(F)cc1)C(=O)Nc1ccc(... (method=exact_pref_name_match, frags=1)
2026-07-23 22:10:59 | 02_resolve_smiles | INFO | [902/1211] Resolving: ATORVASTATIN
2026-07-23 22:11:01 | 02_resolve_smiles | INFO |   OK ATORVASTATIN -> CC(C)c1c(C(=O)Nc2ccccc2)c(-c2ccccc2)c(-c... (method=exact_pref_name_match, frags=1)
2026-07-23 22:11:01 | 02_resolve_smiles | INFO | [903/1211] Resolving: MIRTAZAPINE
2026-07-23 22:11:03 | 02_resolve_smiles | INFO |   OK MIRTAZAPINE -> CN1CCN2c3ncccc3Cc3ccccc3C2C1... (method=exact_pref_name_match, frags=1)
2026-07-23 22:11:03 | 02_resolve_smiles | INFO | [904/1211] Resolving: SEVELAMER CARBONATE
2026-07-23 22:11:06 | 02_resolve_smiles | WARNING |   X SEVELAMER CARBONATE: no_structure --  | No canonical_smiles in ChEMBL response
2026-07-23 22:11:06 | 02_resolve_smiles | INFO | [905/1211] Resolving: CHLORPROMAZINE HYDROCHLORIDE
2026-07-23 22:11:09 | 02_resolve_smiles | INFO |   CHLORPROMAZINE HYDROCHLORIDE: salt stripped (2 frags), removed: ['Cl']
2026-07-23 22:11:09 | 02_resolve_smiles | INFO |   OK CHLORPROMAZINE HYDROCHLORIDE -> CN(C)CCCN1c2ccccc2Sc2ccc(Cl)cc21... (method=exact_pref_name_match, frags=2)
2026-07-23 22:11:09 | 02_resolve_smiles | INFO | [906/1211] Resolving: LACTULOSE
2026-07-23 22:11:11 | 02_resolve_smiles | INFO |   OK LACTULOSE -> OC[C@H]1O[C@@H](O[C@@H]2[C@@H](CO)O[C@](... (method=exact_pref_name_match, frags=1)
2026-07-23 22:11:11 | 02_resolve_smiles | INFO | [907/1211] Resolving: NAPROXEN SODIUM
2026-07-23 22:11:14 | 02_resolve_smiles | INFO |   NAPROXEN SODIUM: salt stripped (2 frags), removed: ['[Na+]']
2026-07-23 22:11:14 | 02_resolve_smiles | INFO |   OK NAPROXEN SODIUM -> COc1ccc2cc([C@H](C)C(=O)[O-])ccc2c1... (method=exact_pref_name_match, frags=2)
2026-07-23 22:11:14 | 02_resolve_smiles | INFO | [908/1211] Resolving: PREDNISOLONE
2026-07-23 22:11:16 | 02_resolve_smiles | INFO |   OK PREDNISOLONE -> C[C@]12C=CC(=O)C=C1CC[C@@H]1[C@@H]2[C@@H... (method=exact_pref_name_match, frags=1)
2026-07-23 22:11:16 | 02_resolve_smiles | INFO | [909/1211] Resolving: TRAMADOL HYDROCHLORIDE
2026-07-23 22:11:19 | 02_resolve_smiles | INFO |   TRAMADOL HYDROCHLORIDE: salt stripped (2 frags), removed: ['Cl']
2026-07-23 22:11:19 | 02_resolve_smiles | INFO |   OK TRAMADOL HYDROCHLORIDE -> COc1cccc(C2(O)CCCCC2CN(C)C)c1... (method=exact_pref_name_match, frags=2)
2026-07-23 22:11:19 | 02_resolve_smiles | INFO | [910/1211] Resolving: LOVASTATIN
2026-07-23 22:11:21 | 02_resolve_smiles | INFO |   OK LOVASTATIN -> CC[C@H](C)C(=O)O[C@H]1C[C@@H](C)C=C2C=C[... (method=exact_pref_name_match, frags=1)
2026-07-23 22:11:21 | 02_resolve_smiles | INFO | [911/1211] Resolving: RIVASTIGMINE TARTRATE
2026-07-23 22:11:23 | 02_resolve_smiles | INFO |   RIVASTIGMINE TARTRATE: salt stripped (2 frags), removed: ['O=C(O)[C@H](O)[C@@H](O)C(=O)O']
2026-07-23 22:11:23 | 02_resolve_smiles | INFO |   OK RIVASTIGMINE TARTRATE -> CCN(C)C(=O)Oc1cccc([C@H](C)N(C)C)c1... (method=exact_pref_name_match, frags=2)
2026-07-23 22:11:23 | 02_resolve_smiles | INFO | [912/1211] Resolving: MEPROBAMATE
2026-07-23 22:11:25 | 02_resolve_smiles | INFO |   OK MEPROBAMATE -> CCCC(C)(COC(N)=O)COC(N)=O... (method=exact_pref_name_match, frags=1)
2026-07-23 22:11:25 | 02_resolve_smiles | INFO | [913/1211] Resolving: CAPTOPRIL
2026-07-23 22:11:26 | 02_resolve_smiles | INFO |   OK CAPTOPRIL -> C[C@H](CS)C(=O)N1CCC[C@H]1C(=O)O... (method=exact_pref_name_match, frags=1)
2026-07-23 22:11:26 | 02_resolve_smiles | INFO | [914/1211] Resolving: FLAVOXATE HYDROCHLORIDE
2026-07-23 22:11:30 | 02_resolve_smiles | INFO |   FLAVOXATE HYDROCHLORIDE: salt stripped (2 frags), removed: ['Cl']
2026-07-23 22:11:30 | 02_resolve_smiles | INFO |   OK FLAVOXATE HYDROCHLORIDE -> Cc1c(-c2ccccc2)oc2c(C(=O)OCCN3CCCCC3)ccc... (method=exact_pref_name_match, frags=2)
2026-07-23 22:11:30 | 02_resolve_smiles | INFO | [915/1211] Resolving: METHAMPHETAMINE HYDROCHLORIDE
2026-07-23 22:11:33 | 02_resolve_smiles | INFO |   METHAMPHETAMINE HYDROCHLORIDE: salt stripped (2 frags), removed: ['Cl']
2026-07-23 22:11:33 | 02_resolve_smiles | INFO |   OK METHAMPHETAMINE HYDROCHLORIDE -> CN[C@@H](C)Cc1ccccc1... (method=exact_pref_name_match, frags=2)
2026-07-23 22:11:33 | 02_resolve_smiles | INFO | [916/1211] Resolving: CEFIXIME
2026-07-23 22:11:35 | 02_resolve_smiles | INFO |   OK CEFIXIME -> C=CC1=C(C(=O)O)N2C(=O)[C@@H](NC(=O)/C(=N... (method=exact_pref_name_match, frags=1)
2026-07-23 22:11:35 | 02_resolve_smiles | INFO | [917/1211] Resolving: CYCLOSERINE
2026-07-23 22:11:36 | 02_resolve_smiles | INFO |   OK CYCLOSERINE -> N[C@@H]1CONC1=O... (method=exact_pref_name_match, frags=1)
2026-07-23 22:11:36 | 02_resolve_smiles | INFO | [918/1211] Resolving: MECLOFENAMATE SODIUM
2026-07-23 22:11:39 | 02_resolve_smiles | INFO |   MECLOFENAMATE SODIUM: salt stripped (3 frags), removed: ['O', '[Na+]']
2026-07-23 22:11:39 | 02_resolve_smiles | INFO |   OK MECLOFENAMATE SODIUM -> Cc1ccc(Cl)c(Nc2ccccc2C(=O)[O-])c1Cl... (method=exact_pref_name_match, frags=3)
2026-07-23 22:11:39 | 02_resolve_smiles | INFO | [919/1211] Resolving: FOLIC ACID
2026-07-23 22:11:42 | 02_resolve_smiles | INFO |   OK FOLIC ACID -> Nc1nc(=O)c2nc(CNc3ccc(C(=O)N[C@@H](CCC(=... (method=exact_pref_name_match, frags=1)
2026-07-23 22:11:42 | 02_resolve_smiles | INFO | [920/1211] Resolving: NITROFURANTOIN
2026-07-23 22:11:44 | 02_resolve_smiles | INFO |   OK NITROFURANTOIN -> O=C1CN(/N=C/c2ccc([N+](=O)[O-])o2)C(=O)N... (method=exact_pref_name_match, frags=1)
2026-07-23 22:11:44 | 02_resolve_smiles | INFO | [921/1211] Resolving: MYCOPHENOLATE MOFETIL
2026-07-23 22:11:46 | 02_resolve_smiles | INFO |   OK MYCOPHENOLATE MOFETIL -> COc1c(C)c2c(c(O)c1C/C=C(\C)CCC(=O)OCCN1C... (method=exact_pref_name_match, frags=1)
2026-07-23 22:11:46 | 02_resolve_smiles | INFO | [922/1211] Resolving: KETOPROFEN
2026-07-23 22:11:48 | 02_resolve_smiles | INFO |   OK KETOPROFEN -> CC(C(=O)O)c1cccc(C(=O)c2ccccc2)c1... (method=exact_pref_name_match, frags=1)
2026-07-23 22:11:48 | 02_resolve_smiles | INFO | [923/1211] Resolving: DULOXETINE HYDROCHLORIDE
2026-07-23 22:11:51 | 02_resolve_smiles | INFO |   DULOXETINE HYDROCHLORIDE: salt stripped (2 frags), removed: ['Cl']
2026-07-23 22:11:51 | 02_resolve_smiles | INFO |   OK DULOXETINE HYDROCHLORIDE -> CNCC[C@H](Oc1cccc2ccccc12)c1cccs1... (method=exact_pref_name_match, frags=2)
2026-07-23 22:11:51 | 02_resolve_smiles | INFO | [924/1211] Resolving: RAMELTEON
2026-07-23 22:11:53 | 02_resolve_smiles | INFO |   OK RAMELTEON -> CCC(=O)NCC[C@@H]1CCc2ccc3c(c21)CCO3... (method=exact_pref_name_match, frags=1)
2026-07-23 22:11:53 | 02_resolve_smiles | INFO | [925/1211] Resolving: FLUCONAZOLE
2026-07-23 22:11:54 | 02_resolve_smiles | INFO |   OK FLUCONAZOLE -> OC(Cn1cncn1)(Cn1cncn1)c1ccc(F)cc1F... (method=exact_pref_name_match, frags=1)
2026-07-23 22:11:54 | 02_resolve_smiles | INFO | [926/1211] Resolving: CYCLOPHOSPHAMIDE
2026-07-23 22:11:56 | 02_resolve_smiles | INFO |   CYCLOPHOSPHAMIDE: salt stripped (2 frags), removed: ['O']
2026-07-23 22:11:56 | 02_resolve_smiles | INFO |   OK CYCLOPHOSPHAMIDE -> O=P1(N(CCCl)CCCl)NCCCO1... (method=exact_pref_name_match, frags=2)
2026-07-23 22:11:56 | 02_resolve_smiles | INFO | [927/1211] Resolving: IMATINIB MESYLATE
2026-07-23 22:11:59 | 02_resolve_smiles | INFO |   IMATINIB MESYLATE: salt stripped (2 frags), removed: ['CS(=O)(=O)O']
2026-07-23 22:11:59 | 02_resolve_smiles | INFO |   OK IMATINIB MESYLATE -> Cc1ccc(NC(=O)c2ccc(CN3CCN(C)CC3)cc2)cc1N... (method=exact_pref_name_match, frags=2)
2026-07-23 22:11:59 | 02_resolve_smiles | INFO | [928/1211] Resolving: IVERMECTIN
2026-07-23 22:12:01 | 02_resolve_smiles | WARNING |   X IVERMECTIN: no_structure --  | No canonical_smiles in ChEMBL response
2026-07-23 22:12:01 | 02_resolve_smiles | INFO | [929/1211] Resolving: RANITIDINE
2026-07-23 22:12:03 | 02_resolve_smiles | INFO |   OK RANITIDINE -> CNC(=C[N+](=O)[O-])NCCSCc1ccc(CN(C)C)o1... (method=exact_pref_name_match, frags=1)
2026-07-23 22:12:03 | 02_resolve_smiles | INFO | [930/1211] Resolving: CORTISONE ACETATE
2026-07-23 22:12:06 | 02_resolve_smiles | INFO |   OK CORTISONE ACETATE -> CC(=O)OCC(=O)[C@@]1(O)CC[C@H]2[C@@H]3CCC... (method=exact_pref_name_match, frags=1)
2026-07-23 22:12:06 | 02_resolve_smiles | INFO | [931/1211] Resolving: AMLODIPINE BESYLATE
2026-07-23 22:12:08 | 02_resolve_smiles | INFO |   AMLODIPINE BESYLATE: salt stripped (2 frags), removed: ['O=S(=O)(O)c1ccccc1']
2026-07-23 22:12:08 | 02_resolve_smiles | INFO |   OK AMLODIPINE BESYLATE -> CCOC(=O)C1=C(COCCN)NC(C)=C(C(=O)OC)C1c1c... (method=exact_pref_name_match, frags=2)
2026-07-23 22:12:08 | 02_resolve_smiles | INFO | [932/1211] Resolving: PAROMOMYCIN SULFATE
2026-07-23 22:12:11 | 02_resolve_smiles | INFO |   PAROMOMYCIN SULFATE: salt stripped (2 frags), removed: ['O=S(=O)(O)O']
2026-07-23 22:12:11 | 02_resolve_smiles | INFO |   OK PAROMOMYCIN SULFATE -> NC[C@@H]1O[C@H](O[C@H]2[C@@H](O)[C@H](O[... (method=exact_pref_name_match, frags=2)
2026-07-23 22:12:11 | 02_resolve_smiles | INFO | [933/1211] Resolving: ROSUVASTATIN CALCIUM
2026-07-23 22:12:13 | 02_resolve_smiles | INFO |   ROSUVASTATIN CALCIUM: salt stripped (3 frags), removed: ['CC(C)c1nc(N(C)S(C)(=O)=O)nc(-c2ccc(F)cc2)c1/C=C/[C@@H](O)C[C@@H](O)CC(=O)[O-]', '[Ca+2]']
2026-07-23 22:12:13 | 02_resolve_smiles | INFO |   OK ROSUVASTATIN CALCIUM -> CC(C)c1nc(N(C)S(C)(=O)=O)nc(-c2ccc(F)cc2... (method=exact_pref_name_match, frags=3)
2026-07-23 22:12:13 | 02_resolve_smiles | INFO | [934/1211] Resolving: PALIPERIDONE
2026-07-23 22:12:15 | 02_resolve_smiles | INFO |   OK PALIPERIDONE -> Cc1nc2n(c(=O)c1CCN1CCC(c3noc4cc(F)ccc34)... (method=exact_pref_name_match, frags=1)
2026-07-23 22:12:15 | 02_resolve_smiles | INFO | [935/1211] Resolving: ARIPIPRAZOLE
2026-07-23 22:12:17 | 02_resolve_smiles | INFO |   OK ARIPIPRAZOLE -> O=C1CCc2ccc(OCCCCN3CCN(c4cccc(Cl)c4Cl)CC... (method=exact_pref_name_match, frags=1)
2026-07-23 22:12:17 | 02_resolve_smiles | INFO | [936/1211] Resolving: VARENICLINE TARTRATE
2026-07-23 22:12:20 | 02_resolve_smiles | INFO |   VARENICLINE TARTRATE: salt stripped (2 frags), removed: ['O=C(O)[C@H](O)[C@@H](O)C(=O)O']
2026-07-23 22:12:20 | 02_resolve_smiles | INFO |   OK VARENICLINE TARTRATE -> c1cnc2cc3c(cc2n1)[C@@H]1CNC[C@H]3C1... (method=exact_pref_name_match, frags=2)
2026-07-23 22:12:20 | 02_resolve_smiles | INFO | [937/1211] Resolving: VALSARTAN
2026-07-23 22:12:22 | 02_resolve_smiles | INFO |   OK VALSARTAN -> CCCCC(=O)N(Cc1ccc(-c2ccccc2-c2nnn[nH]2)c... (method=exact_pref_name_match, frags=1)
2026-07-23 22:12:22 | 02_resolve_smiles | INFO | [938/1211] Resolving: AMOXICILLIN
2026-07-23 22:12:24 | 02_resolve_smiles | INFO |   OK AMOXICILLIN -> CC1(C)S[C@@H]2[C@H](NC(=O)[C@H](N)c3ccc(... (method=exact_pref_name_match, frags=1)
2026-07-23 22:12:24 | 02_resolve_smiles | INFO | [939/1211] Resolving: CIMETIDINE
2026-07-23 22:12:26 | 02_resolve_smiles | INFO |   OK CIMETIDINE -> CN/C(=N\CCSCc1nc[nH]c1C)NC#N... (method=exact_pref_name_match, frags=1)
2026-07-23 22:12:26 | 02_resolve_smiles | INFO | [940/1211] Resolving: DEXAMETHASONE
2026-07-23 22:12:28 | 02_resolve_smiles | INFO |   OK DEXAMETHASONE -> C[C@@H]1C[C@H]2[C@@H]3CCC4=CC(=O)C=C[C@]... (method=exact_pref_name_match, frags=1)
2026-07-23 22:12:28 | 02_resolve_smiles | INFO | [941/1211] Resolving: AMILORIDE HYDROCHLORIDE ANHYDROUS
2026-07-23 22:12:31 | 02_resolve_smiles | WARNING |   AMILORIDE HYDROCHLORIDE ANHYDROUS: fallback to score-based selection -- verify manually if critical
2026-07-23 22:12:31 | 02_resolve_smiles | INFO |   AMILORIDE HYDROCHLORIDE ANHYDROUS: salt stripped (4 frags), removed: ['Cl', 'O', 'O']
2026-07-23 22:12:31 | 02_resolve_smiles | INFO |   OK AMILORIDE HYDROCHLORIDE ANHYDROUS -> N=C(N)NC(=O)c1nc(Cl)c(N)nc1N... (method=fallback_highest_score, frags=4)
2026-07-23 22:12:31 | 02_resolve_smiles | INFO | [942/1211] Resolving: FUROSEMIDE
2026-07-23 22:12:33 | 02_resolve_smiles | INFO |   OK FUROSEMIDE -> NS(=O)(=O)c1cc(C(=O)O)c(NCc2ccco2)cc1Cl... (method=exact_pref_name_match, frags=1)
2026-07-23 22:12:33 | 02_resolve_smiles | INFO | [943/1211] Resolving: LETROZOLE
2026-07-23 22:12:35 | 02_resolve_smiles | INFO |   OK LETROZOLE -> N#Cc1ccc(C(c2ccc(C#N)cc2)n2cncn2)cc1... (method=exact_pref_name_match, frags=1)
2026-07-23 22:12:35 | 02_resolve_smiles | INFO | [944/1211] Resolving: RILUZOLE
2026-07-23 22:12:37 | 02_resolve_smiles | INFO |   OK RILUZOLE -> Nc1nc2ccc(OC(F)(F)F)cc2s1... (method=exact_pref_name_match, frags=1)
2026-07-23 22:12:37 | 02_resolve_smiles | INFO | [945/1211] Resolving: Dronabinol
2026-07-23 22:12:39 | 02_resolve_smiles | INFO |   OK Dronabinol -> CCCCCc1cc(O)c2c(c1)OC(C)(C)[C@@H]1CCC(C)... (method=exact_pref_name_match, frags=1)
2026-07-23 22:12:39 | 02_resolve_smiles | INFO | [946/1211] Resolving: OXANDROLONE
2026-07-23 22:12:41 | 02_resolve_smiles | INFO |   OK OXANDROLONE -> C[C@]12COC(=O)C[C@@H]1CC[C@@H]1[C@@H]2CC... (method=exact_pref_name_match, frags=1)
2026-07-23 22:12:41 | 02_resolve_smiles | INFO | [947/1211] Resolving: FOSFOMYCIN TROMETHAMINE
2026-07-23 22:12:43 | 02_resolve_smiles | INFO |   FOSFOMYCIN TROMETHAMINE: salt stripped (2 frags), removed: ['NC(CO)(CO)CO']
2026-07-23 22:12:43 | 02_resolve_smiles | INFO |   OK FOSFOMYCIN TROMETHAMINE -> C[C@@H]1O[C@@H]1P(=O)(O)O... (method=exact_pref_name_match, frags=2)
2026-07-23 22:12:43 | 02_resolve_smiles | INFO | [948/1211] Resolving: TAMOXIFEN CITRATE
2026-07-23 22:12:45 | 02_resolve_smiles | INFO |   TAMOXIFEN CITRATE: salt stripped (2 frags), removed: ['O=C(O)CC(O)(CC(=O)O)C(=O)O']
2026-07-23 22:12:45 | 02_resolve_smiles | INFO |   OK TAMOXIFEN CITRATE -> CC/C(=C(\c1ccccc1)c1ccc(OCCN(C)C)cc1)c1c... (method=exact_pref_name_match, frags=2)
2026-07-23 22:12:45 | 02_resolve_smiles | INFO | [949/1211] Resolving: VENLAFAXINE HYDROCHLORIDE
2026-07-23 22:12:49 | 02_resolve_smiles | INFO |   VENLAFAXINE HYDROCHLORIDE: salt stripped (2 frags), removed: ['Cl']
2026-07-23 22:12:49 | 02_resolve_smiles | INFO |   OK VENLAFAXINE HYDROCHLORIDE -> COc1ccc(C(CN(C)C)C2(O)CCCCC2)cc1... (method=exact_pref_name_match, frags=2)
2026-07-23 22:12:49 | 02_resolve_smiles | INFO | [950/1211] Resolving: DIFLUNISAL
2026-07-23 22:12:50 | 02_resolve_smiles | INFO |   OK DIFLUNISAL -> O=C(O)c1cc(-c2ccc(F)cc2F)ccc1O... (method=exact_pref_name_match, frags=1)
2026-07-23 22:12:50 | 02_resolve_smiles | INFO |   [Checkpoint saved at 950 compounds]
2026-07-23 22:12:50 | 02_resolve_smiles | INFO | [951/1211] Resolving: LORATADINE
2026-07-23 22:12:53 | 02_resolve_smiles | INFO |   OK LORATADINE -> CCOC(=O)N1CCC(=C2c3ccc(Cl)cc3CCc3cccnc32... (method=exact_pref_name_match, frags=1)
2026-07-23 22:12:53 | 02_resolve_smiles | INFO | [952/1211] Resolving: METFORMIN HYDROCHLORIDE
2026-07-23 22:12:55 | 02_resolve_smiles | INFO |   METFORMIN HYDROCHLORIDE: salt stripped (2 frags), removed: ['Cl']
2026-07-23 22:12:55 | 02_resolve_smiles | INFO |   OK METFORMIN HYDROCHLORIDE -> CN(C)C(=N)NC(=N)N... (method=exact_pref_name_match, frags=2)
2026-07-23 22:12:55 | 02_resolve_smiles | INFO | [953/1211] Resolving: LOPERAMIDE HYDROCHLORIDE
2026-07-23 22:12:59 | 02_resolve_smiles | INFO |   LOPERAMIDE HYDROCHLORIDE: salt stripped (2 frags), removed: ['Cl']
2026-07-23 22:12:59 | 02_resolve_smiles | INFO |   OK LOPERAMIDE HYDROCHLORIDE -> CN(C)C(=O)C(CCN1CCC(O)(c2ccc(Cl)cc2)CC1)... (method=exact_pref_name_match, frags=2)
2026-07-23 22:12:59 | 02_resolve_smiles | INFO | [954/1211] Resolving: FLUTAMIDE
2026-07-23 22:13:00 | 02_resolve_smiles | INFO |   OK FLUTAMIDE -> CC(C)C(=O)Nc1ccc([N+](=O)[O-])c(C(F)(F)F... (method=exact_pref_name_match, frags=1)
2026-07-23 22:13:00 | 02_resolve_smiles | INFO | [955/1211] Resolving: HYDROXYZINE DIHYDROCHLORIDE
2026-07-23 22:13:03 | 02_resolve_smiles | WARNING |   HYDROXYZINE DIHYDROCHLORIDE: fallback to score-based selection -- verify manually if critical
2026-07-23 22:13:03 | 02_resolve_smiles | INFO |   HYDROXYZINE DIHYDROCHLORIDE: salt stripped (3 frags), removed: ['Cl', 'Cl']
2026-07-23 22:13:03 | 02_resolve_smiles | INFO |   OK HYDROXYZINE DIHYDROCHLORIDE -> OCCOCCN1CCN(C(c2ccccc2)c2ccc(Cl)cc2)CC1... (method=fallback_highest_score, frags=3)
2026-07-23 22:13:03 | 02_resolve_smiles | INFO | [956/1211] Resolving: LUBIPROSTONE
2026-07-23 22:13:04 | 02_resolve_smiles | INFO |   OK LUBIPROSTONE -> CCCCC(F)(F)[C@@]1(O)CC[C@H]2[C@@H](CC(=O... (method=exact_pref_name_match, frags=1)
2026-07-23 22:13:04 | 02_resolve_smiles | INFO | [957/1211] Resolving: FLURAZEPAM HYDROCHLORIDE
2026-07-23 22:13:07 | 02_resolve_smiles | INFO |   FLURAZEPAM HYDROCHLORIDE: salt stripped (3 frags), removed: ['Cl', 'Cl']
2026-07-23 22:13:07 | 02_resolve_smiles | INFO |   OK FLURAZEPAM HYDROCHLORIDE -> CCN(CC)CCN1C(=O)CN=C(c2ccccc2F)c2cc(Cl)c... (method=exact_pref_name_match, frags=3)
2026-07-23 22:13:07 | 02_resolve_smiles | INFO | [958/1211] Resolving: ALFUZOSIN HYDROCHLORIDE
2026-07-23 22:13:10 | 02_resolve_smiles | INFO |   ALFUZOSIN HYDROCHLORIDE: salt stripped (2 frags), removed: ['Cl']
2026-07-23 22:13:10 | 02_resolve_smiles | INFO |   OK ALFUZOSIN HYDROCHLORIDE -> COc1cc2nc(N(C)CCCNC(=O)C3CCCO3)nc(N)c2cc... (method=exact_pref_name_match, frags=2)
2026-07-23 22:13:10 | 02_resolve_smiles | INFO | [959/1211] Resolving: TADALAFIL
2026-07-23 22:13:12 | 02_resolve_smiles | INFO |   OK TADALAFIL -> CN1CC(=O)N2[C@H](c3ccc4c(c3)OCO4)c3[nH]c... (method=exact_pref_name_match, frags=1)
2026-07-23 22:13:12 | 02_resolve_smiles | INFO | [960/1211] Resolving: DIGOXIN
2026-07-23 22:13:14 | 02_resolve_smiles | INFO |   OK DIGOXIN -> C[C@H]1O[C@@H](O[C@H]2[C@@H](O)C[C@H](O[... (method=exact_pref_name_match, frags=1)
2026-07-23 22:13:14 | 02_resolve_smiles | INFO | [961/1211] Resolving: THIOTHIXENE
2026-07-23 22:13:15 | 02_resolve_smiles | INFO |   OK THIOTHIXENE -> CN1CCN(CC/C=C2/c3ccccc3Sc3ccc(S(=O)(=O)N... (method=exact_pref_name_match, frags=1)
2026-07-23 22:13:15 | 02_resolve_smiles | INFO | [962/1211] Resolving: URSODIOL
2026-07-23 22:13:17 | 02_resolve_smiles | INFO |   OK URSODIOL -> C[C@H](CCC(=O)O)[C@H]1CC[C@H]2[C@@H]3[C@... (method=exact_pref_name_match, frags=1)
2026-07-23 22:13:17 | 02_resolve_smiles | INFO | [963/1211] Resolving: PROPYLTHIOURACIL
2026-07-23 22:13:19 | 02_resolve_smiles | INFO |   OK PROPYLTHIOURACIL -> CCCc1cc(=O)[nH]c(=S)[nH]1... (method=exact_pref_name_match, frags=1)
2026-07-23 22:13:19 | 02_resolve_smiles | INFO | [964/1211] Resolving: vancomycin hydrochloride
2026-07-23 22:13:22 | 02_resolve_smiles | INFO |   vancomycin hydrochloride: salt stripped (2 frags), removed: ['Cl']
2026-07-23 22:13:22 | 02_resolve_smiles | INFO |   OK vancomycin hydrochloride -> CN[C@H](CC(C)C)C(=O)N[C@H]1C(=O)N[C@@H](... (method=exact_pref_name_match, frags=2)
2026-07-23 22:13:22 | 02_resolve_smiles | INFO | [965/1211] Resolving: SELEGILINE HYDROCHLORIDE
2026-07-23 22:13:25 | 02_resolve_smiles | INFO |   SELEGILINE HYDROCHLORIDE: salt stripped (2 frags), removed: ['Cl']
2026-07-23 22:13:25 | 02_resolve_smiles | INFO |   OK SELEGILINE HYDROCHLORIDE -> C#CCN(C)[C@H](C)Cc1ccccc1... (method=exact_pref_name_match, frags=2)
2026-07-23 22:13:25 | 02_resolve_smiles | INFO | [966/1211] Resolving: TRIFLUOPERAZINE HYDROCHLORIDE
2026-07-23 22:13:28 | 02_resolve_smiles | INFO |   TRIFLUOPERAZINE HYDROCHLORIDE: salt stripped (3 frags), removed: ['Cl', 'Cl']
2026-07-23 22:13:28 | 02_resolve_smiles | INFO |   OK TRIFLUOPERAZINE HYDROCHLORIDE -> CN1CCN(CCCN2c3ccccc3Sc3ccc(C(F)(F)F)cc32... (method=exact_pref_name_match, frags=3)
2026-07-23 22:13:28 | 02_resolve_smiles | INFO | [967/1211] Resolving: LEVOFLOXACIN
2026-07-23 22:13:30 | 02_resolve_smiles | INFO |   LEVOFLOXACIN: salt stripped (3 frags), removed: ['C[C@H]1COc2c(N3CCN(C)CC3)c(F)cc3c(=O)c(C(=O)O)cn1c23', 'O']
2026-07-23 22:13:30 | 02_resolve_smiles | INFO |   OK LEVOFLOXACIN -> C[C@H]1COc2c(N3CCN(C)CC3)c(F)cc3c(=O)c(C... (method=exact_pref_name_match, frags=3)
2026-07-23 22:13:30 | 02_resolve_smiles | INFO | [968/1211] Resolving: TRAZODONE HYDROCHLORIDE
2026-07-23 22:13:34 | 02_resolve_smiles | INFO |   TRAZODONE HYDROCHLORIDE: salt stripped (2 frags), removed: ['Cl']
2026-07-23 22:13:34 | 02_resolve_smiles | INFO |   OK TRAZODONE HYDROCHLORIDE -> O=c1n(CCCN2CCN(c3cccc(Cl)c3)CC2)nc2ccccn... (method=exact_pref_name_match, frags=2)
2026-07-23 22:13:34 | 02_resolve_smiles | INFO | [969/1211] Resolving: CEFDINIR MONOHYDRATE
2026-07-23 22:13:37 | 02_resolve_smiles | WARNING |   CEFDINIR MONOHYDRATE: fallback to score-based selection -- verify manually if critical
2026-07-23 22:13:37 | 02_resolve_smiles | INFO |   OK CEFDINIR MONOHYDRATE -> C=CC1=C(C(=O)O)N2C(=O)[C@@H](NC(=O)/C(=N... (method=fallback_highest_score, frags=1)
2026-07-23 22:13:37 | 02_resolve_smiles | INFO | [970/1211] Resolving: CHLOROQUINE PHOSPHATE
2026-07-23 22:13:39 | 02_resolve_smiles | INFO |   CHLOROQUINE PHOSPHATE: salt stripped (3 frags), removed: ['O=P(O)(O)O', 'O=P(O)(O)O']
2026-07-23 22:13:39 | 02_resolve_smiles | INFO |   OK CHLOROQUINE PHOSPHATE -> CCN(CC)CCCC(C)Nc1ccnc2cc(Cl)ccc12... (method=exact_pref_name_match, frags=3)
2026-07-23 22:13:39 | 02_resolve_smiles | INFO | [971/1211] Resolving: AMPHETAMINE SULFATE
2026-07-23 22:13:42 | 02_resolve_smiles | INFO |   AMPHETAMINE SULFATE: salt stripped (2 frags), removed: ['O=S(=O)(O)O']
2026-07-23 22:13:42 | 02_resolve_smiles | INFO |   OK AMPHETAMINE SULFATE -> CC(N)Cc1ccccc1... (method=exact_pref_name_match, frags=2)
2026-07-23 22:13:42 | 02_resolve_smiles | INFO | [972/1211] Resolving: Tizanidine
2026-07-23 22:13:44 | 02_resolve_smiles | INFO |   OK Tizanidine -> Clc1ccc2nsnc2c1NC1=NCCN1... (method=exact_pref_name_match, frags=1)
2026-07-23 22:13:44 | 02_resolve_smiles | INFO | [973/1211] Resolving: EPLERENONE
2026-07-23 22:13:45 | 02_resolve_smiles | INFO |   OK EPLERENONE -> COC(=O)[C@@H]1CC2=CC(=O)CC[C@]2(C)[C@@]2... (method=exact_pref_name_match, frags=1)
2026-07-23 22:13:45 | 02_resolve_smiles | INFO | [974/1211] Resolving: PHENDIMETRAZINE TARTRATE
2026-07-23 22:13:48 | 02_resolve_smiles | INFO |   PHENDIMETRAZINE TARTRATE: salt stripped (2 frags), removed: ['O=C(O)C(O)C(O)C(=O)O']
2026-07-23 22:13:48 | 02_resolve_smiles | INFO |   OK PHENDIMETRAZINE TARTRATE -> C[C@H]1[C@H](c2ccccc2)OCCN1C... (method=exact_pref_name_match, frags=2)
2026-07-23 22:13:48 | 02_resolve_smiles | INFO | [975/1211] Resolving: PROPAFENONE
2026-07-23 22:13:50 | 02_resolve_smiles | INFO |   OK PROPAFENONE -> CCCNCC(O)COc1ccccc1C(=O)CCc1ccccc1... (method=exact_pref_name_match, frags=1)
2026-07-23 22:13:50 | 02_resolve_smiles | INFO | [976/1211] Resolving: PANTOPRAZOLE SODIUM
2026-07-23 22:13:53 | 02_resolve_smiles | INFO |   PANTOPRAZOLE SODIUM: salt stripped (3 frags), removed: ['O', '[Na+]']
2026-07-23 22:13:53 | 02_resolve_smiles | INFO |   OK PANTOPRAZOLE SODIUM -> COc1ccnc(C[S+]([O-])c2nc3cc(OC(F)F)ccc3[... (method=exact_pref_name_match, frags=3)
2026-07-23 22:13:53 | 02_resolve_smiles | INFO | [977/1211] Resolving: CAPECITABINE
2026-07-23 22:13:55 | 02_resolve_smiles | INFO |   OK CAPECITABINE -> CCCCCOC(=O)Nc1nc(=O)n([C@@H]2O[C@H](C)[C... (method=exact_pref_name_match, frags=1)
2026-07-23 22:13:55 | 02_resolve_smiles | INFO | [978/1211] Resolving: ALVIMOPAN
2026-07-23 22:13:57 | 02_resolve_smiles | INFO |   OK ALVIMOPAN -> C[C@H]1CN(C[C@H](Cc2ccccc2)C(=O)NCC(=O)O... (method=exact_pref_name_match, frags=1)
2026-07-23 22:13:57 | 02_resolve_smiles | INFO | [979/1211] Resolving: PARICALCITOL
2026-07-23 22:13:59 | 02_resolve_smiles | INFO |   OK PARICALCITOL -> C[C@H](/C=C/[C@H](C)C(C)(C)O)[C@H]1CC[C@... (method=exact_pref_name_match, frags=1)
2026-07-23 22:13:59 | 02_resolve_smiles | INFO | [980/1211] Resolving: REPAGLINIDE
2026-07-23 22:14:00 | 02_resolve_smiles | INFO |   OK REPAGLINIDE -> CCOc1cc(CC(=O)N[C@@H](CC(C)C)c2ccccc2N2C... (method=exact_pref_name_match, frags=1)
2026-07-23 22:14:00 | 02_resolve_smiles | INFO | [981/1211] Resolving: CETIRIZINE HYDROCHLORIDE
2026-07-23 22:14:04 | 02_resolve_smiles | INFO |   CETIRIZINE HYDROCHLORIDE: salt stripped (3 frags), removed: ['Cl', 'Cl']
2026-07-23 22:14:04 | 02_resolve_smiles | INFO |   OK CETIRIZINE HYDROCHLORIDE -> O=C(O)COCCN1CCN(C(c2ccccc2)c2ccc(Cl)cc2)... (method=exact_pref_name_match, frags=3)
2026-07-23 22:14:04 | 02_resolve_smiles | INFO | [982/1211] Resolving: PRAZIQUANTEL
2026-07-23 22:14:05 | 02_resolve_smiles | INFO |   OK PRAZIQUANTEL -> O=C(C1CCCCC1)N1CC(=O)N2CCc3ccccc3C2C1... (method=exact_pref_name_match, frags=1)
2026-07-23 22:14:05 | 02_resolve_smiles | INFO | [983/1211] Resolving: DIVALPROEX SODIUM
2026-07-23 22:14:08 | 02_resolve_smiles | INFO |   DIVALPROEX SODIUM: salt stripped (3 frags), removed: ['CCCC(CCC)C(=O)[O-]', '[Na+]']
2026-07-23 22:14:08 | 02_resolve_smiles | INFO |   OK DIVALPROEX SODIUM -> CCCC(CCC)C(=O)O... (method=exact_pref_name_match, frags=3)
2026-07-23 22:14:08 | 02_resolve_smiles | INFO | [984/1211] Resolving: CLORAZEPATE DIPOTASSIUM
2026-07-23 22:14:10 | 02_resolve_smiles | INFO |   CLORAZEPATE DIPOTASSIUM: salt stripped (4 frags), removed: ['[K+]', '[K+]', '[OH-]']
2026-07-23 22:14:10 | 02_resolve_smiles | INFO |   OK CLORAZEPATE DIPOTASSIUM -> O=C([O-])C1N=C(c2ccccc2)c2cc(Cl)ccc2NC1=... (method=exact_pref_name_match, frags=4)
2026-07-23 22:14:10 | 02_resolve_smiles | INFO | [985/1211] Resolving: ALLOPURINOL
2026-07-23 22:14:12 | 02_resolve_smiles | INFO |   OK ALLOPURINOL -> Oc1ncnc2[nH]ncc12... (method=exact_pref_name_match, frags=1)
2026-07-23 22:14:12 | 02_resolve_smiles | INFO | [986/1211] Resolving: PHENYTOIN
2026-07-23 22:14:14 | 02_resolve_smiles | INFO |   OK PHENYTOIN -> O=C1NC(=O)C(c2ccccc2)(c2ccccc2)N1... (method=exact_pref_name_match, frags=1)
2026-07-23 22:14:14 | 02_resolve_smiles | INFO | [987/1211] Resolving: WARFARIN SODIUM
2026-07-23 22:14:17 | 02_resolve_smiles | INFO |   WARFARIN SODIUM: salt stripped (2 frags), removed: ['[Na+]']
2026-07-23 22:14:17 | 02_resolve_smiles | INFO |   OK WARFARIN SODIUM -> CC(=O)CC(c1ccccc1)c1c([O-])c2ccccc2oc1=O... (method=exact_pref_name_match, frags=2)
2026-07-23 22:14:17 | 02_resolve_smiles | INFO | [988/1211] Resolving: VALPROIC ACID
2026-07-23 22:14:19 | 02_resolve_smiles | INFO |   OK VALPROIC ACID -> CCCC(CCC)C(=O)O... (method=exact_pref_name_match, frags=1)
2026-07-23 22:14:19 | 02_resolve_smiles | INFO | [989/1211] Resolving: MEXILETINE HYDROCHLORIDE
2026-07-23 22:14:23 | 02_resolve_smiles | INFO |   MEXILETINE HYDROCHLORIDE: salt stripped (2 frags), removed: ['Cl']
2026-07-23 22:14:23 | 02_resolve_smiles | INFO |   OK MEXILETINE HYDROCHLORIDE -> Cc1cccc(C)c1OCC(C)N... (method=exact_pref_name_match, frags=2)
2026-07-23 22:14:23 | 02_resolve_smiles | INFO | [990/1211] Resolving: MEFLOQUINE HYDROCHLORIDE
2026-07-23 22:14:26 | 02_resolve_smiles | INFO |   MEFLOQUINE HYDROCHLORIDE: salt stripped (2 frags), removed: ['Cl']
2026-07-23 22:14:26 | 02_resolve_smiles | INFO |   OK MEFLOQUINE HYDROCHLORIDE -> OC(c1cc(C(F)(F)F)nc2c(C(F)(F)F)cccc12)C1... (method=exact_pref_name_match, frags=2)
2026-07-23 22:14:26 | 02_resolve_smiles | INFO | [991/1211] Resolving: OXYMORPHONE HYDROCHLORIDE
2026-07-23 22:14:30 | 02_resolve_smiles | INFO |   OXYMORPHONE HYDROCHLORIDE: salt stripped (2 frags), removed: ['Cl']
2026-07-23 22:14:30 | 02_resolve_smiles | INFO |   OK OXYMORPHONE HYDROCHLORIDE -> CN1CC[C@]23c4c5ccc(O)c4O[C@H]2C(=O)CC[C@... (method=exact_pref_name_match, frags=2)
2026-07-23 22:14:30 | 02_resolve_smiles | INFO | [992/1211] Resolving: LEVONORGESTREL
2026-07-23 22:14:31 | 02_resolve_smiles | INFO |   OK LEVONORGESTREL -> C#C[C@]1(O)CC[C@H]2[C@@H]3CCC4=CC(=O)CC[... (method=exact_pref_name_match, frags=1)
2026-07-23 22:14:31 | 02_resolve_smiles | INFO | [993/1211] Resolving: ESCITALOPRAM OXALATE
2026-07-23 22:14:34 | 02_resolve_smiles | INFO |   ESCITALOPRAM OXALATE: salt stripped (2 frags), removed: ['O=C(O)C(=O)O']
2026-07-23 22:14:34 | 02_resolve_smiles | INFO |   OK ESCITALOPRAM OXALATE -> CN(C)CCC[C@@]1(c2ccc(F)cc2)OCc2cc(C#N)cc... (method=exact_pref_name_match, frags=2)
2026-07-23 22:14:34 | 02_resolve_smiles | INFO | [994/1211] Resolving: TOLTERODINE TARTRATE
2026-07-23 22:14:36 | 02_resolve_smiles | INFO |   TOLTERODINE TARTRATE: salt stripped (2 frags), removed: ['O=C(O)C(O)C(O)C(=O)O']
2026-07-23 22:14:36 | 02_resolve_smiles | INFO |   OK TOLTERODINE TARTRATE -> Cc1ccc(O)c([C@H](CCN(C(C)C)C(C)C)c2ccccc... (method=exact_pref_name_match, frags=2)
2026-07-23 22:14:36 | 02_resolve_smiles | INFO | [995/1211] Resolving: CEPHALEXIN ANHYDROUS
2026-07-23 22:14:39 | 02_resolve_smiles | INFO |   OK CEPHALEXIN ANHYDROUS -> CC1=C(C(=O)O)N2C(=O)[C@@H](NC(=O)[C@H](N... (method=exact_pref_name_match, frags=1)
2026-07-23 22:14:39 | 02_resolve_smiles | INFO | [996/1211] Resolving: ETHOSUXIMIDE
2026-07-23 22:14:41 | 02_resolve_smiles | INFO |   OK ETHOSUXIMIDE -> CCC1(C)CC(=O)NC1=O... (method=exact_pref_name_match, frags=1)
2026-07-23 22:14:41 | 02_resolve_smiles | INFO | [997/1211] Resolving: FAMOTIDINE
2026-07-23 22:14:42 | 02_resolve_smiles | INFO |   OK FAMOTIDINE -> NC(N)=Nc1nc(CSCC/C(N)=N/S(N)(=O)=O)cs1... (method=exact_pref_name_match, frags=1)
2026-07-23 22:14:42 | 02_resolve_smiles | INFO | [998/1211] Resolving: CLONAZEPAM
2026-07-23 22:14:44 | 02_resolve_smiles | INFO |   OK CLONAZEPAM -> O=C1CN=C(c2ccccc2Cl)c2cc([N+](=O)[O-])cc... (method=exact_pref_name_match, frags=1)
2026-07-23 22:14:44 | 02_resolve_smiles | INFO | [999/1211] Resolving: BENZONATATE
2026-07-23 22:14:46 | 02_resolve_smiles | INFO |   OK BENZONATATE -> CCCCNc1ccc(C(=O)OCCOCCOCCOCCOCCOCCOCCOCC... (method=exact_pref_name_match, frags=1)
2026-07-23 22:14:46 | 02_resolve_smiles | INFO | [1000/1211] Resolving: VARDENAFIL HYDROCHLORIDE
2026-07-23 22:14:49 | 02_resolve_smiles | INFO |   VARDENAFIL HYDROCHLORIDE: salt stripped (2 frags), removed: ['Cl']
2026-07-23 22:14:49 | 02_resolve_smiles | INFO |   OK VARDENAFIL HYDROCHLORIDE -> CCCc1nc(C)c2c(O)nc(-c3cc(S(=O)(=O)N4CCN(... (method=exact_pref_name_match, frags=2)
2026-07-23 22:14:49 | 02_resolve_smiles | INFO |   [Checkpoint saved at 1000 compounds]
2026-07-23 22:14:49 | 02_resolve_smiles | INFO | [1001/1211] Resolving: FLUVOXAMINE MALEATE
2026-07-23 22:14:52 | 02_resolve_smiles | INFO |   FLUVOXAMINE MALEATE: salt stripped (2 frags), removed: ['O=C(O)/C=C\\C(=O)O']
2026-07-23 22:14:52 | 02_resolve_smiles | INFO |   OK FLUVOXAMINE MALEATE -> COCCCC/C(=N\OCCN)c1ccc(C(F)(F)F)cc1... (method=exact_pref_name_match, frags=2)
2026-07-23 22:14:52 | 02_resolve_smiles | INFO | [1002/1211] Resolving: CARGLUMIC ACID
2026-07-23 22:14:55 | 02_resolve_smiles | INFO |   OK CARGLUMIC ACID -> NC(=O)N[C@@H](CCC(=O)O)C(=O)O... (method=exact_pref_name_match, frags=1)
2026-07-23 22:14:55 | 02_resolve_smiles | INFO | [1003/1211] Resolving: FLURBIPROFEN
2026-07-23 22:14:57 | 02_resolve_smiles | INFO |   OK FLURBIPROFEN -> CC(C(=O)O)c1ccc(-c2ccccc2)c(F)c1... (method=exact_pref_name_match, frags=1)
2026-07-23 22:14:57 | 02_resolve_smiles | INFO | [1004/1211] Resolving: AZITHROMYCIN DIHYDRATE
2026-07-23 22:14:59 | 02_resolve_smiles | WARNING |   AZITHROMYCIN DIHYDRATE: fallback to score-based selection -- verify manually if critical
2026-07-23 22:14:59 | 02_resolve_smiles | INFO |   OK AZITHROMYCIN DIHYDRATE -> CC[C@H]1OC(=O)[C@H](C)[C@@H](O[C@H]2C[C@... (method=fallback_highest_score, frags=1)
2026-07-23 22:14:59 | 02_resolve_smiles | INFO | [1005/1211] Resolving: AMINOSALICYLIC ACID
2026-07-23 22:15:02 | 02_resolve_smiles | INFO |   OK AMINOSALICYLIC ACID -> Nc1ccc(C(=O)O)c(O)c1... (method=exact_pref_name_match, frags=1)
2026-07-23 22:15:02 | 02_resolve_smiles | INFO | [1006/1211] Resolving: MIDODRINE HYDROCHLORIDE
2026-07-23 22:15:05 | 02_resolve_smiles | INFO |   MIDODRINE HYDROCHLORIDE: salt stripped (2 frags), removed: ['Cl']
2026-07-23 22:15:05 | 02_resolve_smiles | INFO |   OK MIDODRINE HYDROCHLORIDE -> COc1ccc(OC)c(C(O)CNC(=O)CN)c1... (method=exact_pref_name_match, frags=2)
2026-07-23 22:15:05 | 02_resolve_smiles | INFO | [1007/1211] Resolving: ENTECAVIR
2026-07-23 22:15:06 | 02_resolve_smiles | INFO |   ENTECAVIR: salt stripped (2 frags), removed: ['O']
2026-07-23 22:15:06 | 02_resolve_smiles | INFO |   OK ENTECAVIR -> C=C1[C@H](CO)[C@@H](O)C[C@@H]1n1cnc2c(=O... (method=exact_pref_name_match, frags=2)
2026-07-23 22:15:06 | 02_resolve_smiles | INFO | [1008/1211] Resolving: MINOXIDIL
2026-07-23 22:15:08 | 02_resolve_smiles | INFO |   OK MINOXIDIL -> Nc1cc(N2CCCCC2)nc(N)[n+]1[O-]... (method=exact_pref_name_match, frags=1)
2026-07-23 22:15:08 | 02_resolve_smiles | INFO | [1009/1211] Resolving: ACAMPROSATE CALCIUM
2026-07-23 22:15:11 | 02_resolve_smiles | INFO |   ACAMPROSATE CALCIUM: salt stripped (3 frags), removed: ['CC(=O)NCCCS(=O)(=O)[O-]', '[Ca+2]']
2026-07-23 22:15:11 | 02_resolve_smiles | INFO |   OK ACAMPROSATE CALCIUM -> CC(=O)NCCCS(=O)(=O)[O-]... (method=exact_pref_name_match, frags=3)
2026-07-23 22:15:11 | 02_resolve_smiles | INFO | [1010/1211] Resolving: NAPROXEN
2026-07-23 22:15:13 | 02_resolve_smiles | INFO |   OK NAPROXEN -> COc1ccc2cc([C@H](C)C(=O)O)ccc2c1... (method=exact_pref_name_match, frags=1)
2026-07-23 22:15:13 | 02_resolve_smiles | INFO | [1011/1211] Resolving: ATOMOXETINE HYDROCHLORIDE
2026-07-23 22:15:15 | 02_resolve_smiles | INFO |   ATOMOXETINE HYDROCHLORIDE: salt stripped (2 frags), removed: ['Cl']
2026-07-23 22:15:15 | 02_resolve_smiles | INFO |   OK ATOMOXETINE HYDROCHLORIDE -> CNCC[C@@H](Oc1ccccc1C)c1ccccc1... (method=exact_pref_name_match, frags=2)
2026-07-23 22:15:15 | 02_resolve_smiles | INFO | [1012/1211] Resolving: NIMODIPINE
2026-07-23 22:15:17 | 02_resolve_smiles | INFO |   OK NIMODIPINE -> COCCOC(=O)C1=C(C)NC(C)=C(C(=O)OC(C)C)C1c... (method=exact_pref_name_match, frags=1)
2026-07-23 22:15:17 | 02_resolve_smiles | INFO | [1013/1211] Resolving: FINASTERIDE
2026-07-23 22:15:19 | 02_resolve_smiles | INFO |   OK FINASTERIDE -> CC(C)(C)NC(=O)[C@H]1CC[C@H]2[C@@H]3CC[C@... (method=exact_pref_name_match, frags=1)
2026-07-23 22:15:19 | 02_resolve_smiles | INFO | [1014/1211] Resolving: METHYLDOPA
2026-07-23 22:15:21 | 02_resolve_smiles | INFO |   OK METHYLDOPA -> C[C@](N)(Cc1ccc(O)c(O)c1)C(=O)O... (method=exact_pref_name_match, frags=1)
2026-07-23 22:15:21 | 02_resolve_smiles | INFO | [1015/1211] Resolving: PREGABALIN
2026-07-23 22:15:22 | 02_resolve_smiles | INFO |   OK PREGABALIN -> CC(C)C[C@H](CN)CC(=O)O... (method=exact_pref_name_match, frags=1)
2026-07-23 22:15:22 | 02_resolve_smiles | INFO | [1016/1211] Resolving: METHIMAZOLE
2026-07-23 22:15:24 | 02_resolve_smiles | INFO |   OK METHIMAZOLE -> Cn1ccnc1S... (method=exact_pref_name_match, frags=1)
2026-07-23 22:15:24 | 02_resolve_smiles | INFO | [1017/1211] Resolving: ATENOLOL
2026-07-23 22:15:26 | 02_resolve_smiles | INFO |   OK ATENOLOL -> CC(C)NCC(O)COc1ccc(CC(N)=O)cc1... (method=exact_pref_name_match, frags=1)
2026-07-23 22:15:26 | 02_resolve_smiles | INFO | [1018/1211] Resolving: THIORIDAZINE HYDROCHLORIDE
2026-07-23 22:15:29 | 02_resolve_smiles | INFO |   THIORIDAZINE HYDROCHLORIDE: salt stripped (2 frags), removed: ['Cl']
2026-07-23 22:15:29 | 02_resolve_smiles | INFO |   OK THIORIDAZINE HYDROCHLORIDE -> CSc1ccc2c(c1)N(CCC1CCCCN1C)c1ccccc1S2... (method=exact_pref_name_match, frags=2)
2026-07-23 22:15:29 | 02_resolve_smiles | INFO | [1019/1211] Resolving: CEFPROZIL
2026-07-23 22:15:30 | 02_resolve_smiles | INFO |   OK CEFPROZIL -> CC=CC1=C(C(=O)O)N2C(=O)[C@@H](NC(=O)[C@H... (method=exact_pref_name_match, frags=1)
2026-07-23 22:15:30 | 02_resolve_smiles | INFO | [1020/1211] Resolving: ESTRADIOL
2026-07-23 22:15:33 | 02_resolve_smiles | WARNING |   ESTRADIOL: fallback to score-based selection -- verify manually if critical
2026-07-23 22:15:33 | 02_resolve_smiles | INFO |   OK ESTRADIOL -> CCCCC(=O)O[C@H]1CC[C@H]2[C@@H]3CCc4cc(O)... (method=fallback_highest_score, frags=1)
2026-07-23 22:15:33 | 02_resolve_smiles | INFO | [1021/1211] Resolving: VALGANCICLOVIR HYDROCHLORIDE
2026-07-23 22:15:36 | 02_resolve_smiles | INFO |   VALGANCICLOVIR HYDROCHLORIDE: salt stripped (2 frags), removed: ['Cl']
2026-07-23 22:15:36 | 02_resolve_smiles | INFO |   OK VALGANCICLOVIR HYDROCHLORIDE -> CC(C)[C@H](N)C(=O)OCC(CO)OCn1cnc2c(=O)nc... (method=exact_pref_name_match, frags=2)
2026-07-23 22:15:36 | 02_resolve_smiles | INFO | [1022/1211] Resolving: ATAZANAVIR SULFATE
2026-07-23 22:15:39 | 02_resolve_smiles | INFO |   ATAZANAVIR SULFATE: salt stripped (2 frags), removed: ['O=S(=O)(O)O']
2026-07-23 22:15:39 | 02_resolve_smiles | INFO |   OK ATAZANAVIR SULFATE -> COC(=O)N[C@H](C(=O)N[C@@H](Cc1ccccc1)[C@... (method=exact_pref_name_match, frags=2)
2026-07-23 22:15:39 | 02_resolve_smiles | INFO | [1023/1211] Resolving: PROGESTERONE
2026-07-23 22:15:42 | 02_resolve_smiles | INFO |   OK PROGESTERONE -> CC(=O)[C@H]1CC[C@H]2[C@@H]3CCC4=CC(=O)CC... (method=exact_pref_name_match, frags=1)
2026-07-23 22:15:42 | 02_resolve_smiles | INFO | [1024/1211] Resolving: KETOROLAC TROMETHAMINE
2026-07-23 22:15:44 | 02_resolve_smiles | INFO |   KETOROLAC TROMETHAMINE: salt stripped (2 frags), removed: ['NC(CO)(CO)CO']
2026-07-23 22:15:44 | 02_resolve_smiles | INFO |   OK KETOROLAC TROMETHAMINE -> O=C(c1ccccc1)c1ccc2n1CCC2C(=O)O... (method=exact_pref_name_match, frags=2)
2026-07-23 22:15:44 | 02_resolve_smiles | INFO | [1025/1211] Resolving: CHOLINE FENOFIBRATE
2026-07-23 22:15:46 | 02_resolve_smiles | INFO |   CHOLINE FENOFIBRATE: salt stripped (2 frags), removed: ['C[N+](C)(C)CCO']
2026-07-23 22:15:46 | 02_resolve_smiles | INFO |   OK CHOLINE FENOFIBRATE -> CC(C)(Oc1ccc(C(=O)c2ccc(Cl)cc2)cc1)C(=O)... (method=exact_pref_name_match, frags=2)
2026-07-23 22:15:46 | 02_resolve_smiles | INFO | [1026/1211] Resolving: CIPROFLOXACIN HYDROCHLORIDE
2026-07-23 22:15:50 | 02_resolve_smiles | INFO |   CIPROFLOXACIN HYDROCHLORIDE: salt stripped (2 frags), removed: ['Cl']
2026-07-23 22:15:50 | 02_resolve_smiles | INFO |   OK CIPROFLOXACIN HYDROCHLORIDE -> O=C(O)c1cn(C2CC2)c2cc(N3CCNCC3)c(F)cc2c1... (method=exact_pref_name_match, frags=2)
2026-07-23 22:15:50 | 02_resolve_smiles | INFO | [1027/1211] Resolving: ZIDOVUDINE
2026-07-23 22:15:52 | 02_resolve_smiles | INFO |   OK ZIDOVUDINE -> Cc1cn([C@H]2C[C@H](N=[N+]=[N-])[C@@H](CO... (method=exact_pref_name_match, frags=1)
2026-07-23 22:15:52 | 02_resolve_smiles | INFO | [1028/1211] Resolving: METHYLPHENIDATE HYDROCHLORIDE
2026-07-23 22:15:55 | 02_resolve_smiles | INFO |   METHYLPHENIDATE HYDROCHLORIDE: salt stripped (2 frags), removed: ['Cl']
2026-07-23 22:15:55 | 02_resolve_smiles | INFO |   OK METHYLPHENIDATE HYDROCHLORIDE -> COC(=O)C(c1ccccc1)C1CCCCN1... (method=exact_pref_name_match, frags=2)
2026-07-23 22:15:55 | 02_resolve_smiles | INFO | [1029/1211] Resolving: Cholestyramine
2026-07-23 22:15:56 | 02_resolve_smiles | WARNING |   X Cholestyramine: no_structure --  | No canonical_smiles in ChEMBL response
2026-07-23 22:15:56 | 02_resolve_smiles | INFO | [1030/1211] Resolving: ONDANSETRON
2026-07-23 22:15:58 | 02_resolve_smiles | INFO |   OK ONDANSETRON -> Cc1nccn1CC1CCc2c(c3ccccc3n2C)C1=O... (method=exact_pref_name_match, frags=1)
2026-07-23 22:15:58 | 02_resolve_smiles | INFO | [1031/1211] Resolving: OSELTAMIVIR PHOSPHATE
2026-07-23 22:16:01 | 02_resolve_smiles | INFO |   OSELTAMIVIR PHOSPHATE: salt stripped (2 frags), removed: ['O=P(O)(O)O']
2026-07-23 22:16:01 | 02_resolve_smiles | INFO |   OK OSELTAMIVIR PHOSPHATE -> CCOC(=O)C1=C[C@@H](OC(CC)CC)[C@H](NC(C)=... (method=exact_pref_name_match, frags=2)
2026-07-23 22:16:01 | 02_resolve_smiles | INFO | [1032/1211] Resolving: MECAMYLAMINE HYDROCHLORIDE
2026-07-23 22:16:04 | 02_resolve_smiles | INFO |   MECAMYLAMINE HYDROCHLORIDE: salt stripped (2 frags), removed: ['Cl']
2026-07-23 22:16:04 | 02_resolve_smiles | INFO |   OK MECAMYLAMINE HYDROCHLORIDE -> CNC1(C)C2CCC(C2)C1(C)C... (method=exact_pref_name_match, frags=2)
2026-07-23 22:16:04 | 02_resolve_smiles | INFO | [1033/1211] Resolving: LANTHANUM CARBONATE
2026-07-23 22:16:07 | 02_resolve_smiles | WARNING |   X LANTHANUM CARBONATE: no_structure --  | No canonical_smiles in ChEMBL response
2026-07-23 22:16:07 | 02_resolve_smiles | INFO | [1034/1211] Resolving: ATORVASTATIN CALCIUM TRIHYDRATE
2026-07-23 22:16:09 | 02_resolve_smiles | WARNING |   ATORVASTATIN CALCIUM TRIHYDRATE: fallback to score-based selection -- verify manually if critical
2026-07-23 22:16:09 | 02_resolve_smiles | INFO |   ATORVASTATIN CALCIUM TRIHYDRATE: salt stripped (3 frags), removed: ['CC(C)c1c(C(=O)Nc2ccccc2)c(-c2ccccc2)c(-c2ccc(F)cc2)n1CC[C@@H](O)C[C@@H](O)CC(=O)[O-]', '[Ca+2]']
2026-07-23 22:16:09 | 02_resolve_smiles | INFO |   OK ATORVASTATIN CALCIUM TRIHYDRATE -> CC(C)c1c(C(=O)Nc2ccccc2)c(-c2ccccc2)c(-c... (method=fallback_highest_score, frags=3)
2026-07-23 22:16:09 | 02_resolve_smiles | INFO | [1035/1211] Resolving: ZONISAMIDE
2026-07-23 22:16:11 | 02_resolve_smiles | INFO |   OK ZONISAMIDE -> NS(=O)(=O)Cc1noc2ccccc12... (method=exact_pref_name_match, frags=1)
2026-07-23 22:16:11 | 02_resolve_smiles | INFO | [1036/1211] Resolving: LEVETIRACETAM
2026-07-23 22:16:13 | 02_resolve_smiles | INFO |   OK LEVETIRACETAM -> CC[C@@H](C(N)=O)N1CCCC1=O... (method=exact_pref_name_match, frags=1)
2026-07-23 22:16:13 | 02_resolve_smiles | INFO | [1037/1211] Resolving: PROTRIPTYLINE HYDROCHLORIDE
2026-07-23 22:16:15 | 02_resolve_smiles | INFO |   PROTRIPTYLINE HYDROCHLORIDE: salt stripped (2 frags), removed: ['Cl']
2026-07-23 22:16:15 | 02_resolve_smiles | INFO |   OK PROTRIPTYLINE HYDROCHLORIDE -> CNCCCC1c2ccccc2C=Cc2ccccc21... (method=exact_pref_name_match, frags=2)
2026-07-23 22:16:15 | 02_resolve_smiles | INFO | [1038/1211] Resolving: BENZPHETAMINE HYDROCHLORIDE
2026-07-23 22:16:18 | 02_resolve_smiles | INFO |   BENZPHETAMINE HYDROCHLORIDE: salt stripped (2 frags), removed: ['Cl']
2026-07-23 22:16:18 | 02_resolve_smiles | INFO |   OK BENZPHETAMINE HYDROCHLORIDE -> C[C@@H](Cc1ccccc1)N(C)Cc1ccccc1... (method=exact_pref_name_match, frags=2)
2026-07-23 22:16:18 | 02_resolve_smiles | INFO | [1039/1211] Resolving: NATEGLINIDE
2026-07-23 22:16:20 | 02_resolve_smiles | INFO |   OK NATEGLINIDE -> CC(C)[C@H]1CC[C@H](C(=O)N[C@H](Cc2ccccc2... (method=exact_pref_name_match, frags=1)
2026-07-23 22:16:20 | 02_resolve_smiles | INFO | [1040/1211] Resolving: PHENYTOIN SODIUM
2026-07-23 22:16:23 | 02_resolve_smiles | INFO |   PHENYTOIN SODIUM: salt stripped (2 frags), removed: ['[Na+]']
2026-07-23 22:16:23 | 02_resolve_smiles | INFO |   OK PHENYTOIN SODIUM -> O=C1N=C([O-])NC1(c1ccccc1)c1ccccc1... (method=exact_pref_name_match, frags=2)
2026-07-23 22:16:23 | 02_resolve_smiles | INFO | [1041/1211] Resolving: ROSUVASTATIN
2026-07-23 22:16:25 | 02_resolve_smiles | INFO |   OK ROSUVASTATIN -> CC(C)c1nc(N(C)S(C)(=O)=O)nc(-c2ccc(F)cc2... (method=exact_pref_name_match, frags=1)
2026-07-23 22:16:25 | 02_resolve_smiles | INFO | [1042/1211] Resolving: ELETRIPTAN HYDROBROMIDE MONOHYDRATE
2026-07-23 22:16:28 | 02_resolve_smiles | WARNING |   ELETRIPTAN HYDROBROMIDE MONOHYDRATE: fallback to score-based selection -- verify manually if critical
2026-07-23 22:16:28 | 02_resolve_smiles | INFO |   ELETRIPTAN HYDROBROMIDE MONOHYDRATE: salt stripped (2 frags), removed: ['Br']
2026-07-23 22:16:28 | 02_resolve_smiles | INFO |   OK ELETRIPTAN HYDROBROMIDE MONOHYDRATE -> CN1CCC[C@@H]1Cc1c[nH]c2ccc(CCS(=O)(=O)c3... (method=fallback_highest_score, frags=2)
2026-07-23 22:16:28 | 02_resolve_smiles | INFO | [1043/1211] Resolving: SULFASALAZINE
2026-07-23 22:16:29 | 02_resolve_smiles | INFO |   OK SULFASALAZINE -> O=C(O)c1cc(/N=N/c2ccc(S(=O)(=O)Nc3ccccn3... (method=exact_pref_name_match, frags=1)
2026-07-23 22:16:29 | 02_resolve_smiles | INFO | [1044/1211] Resolving: DOXEPIN HYDROCHLORIDE
2026-07-23 22:16:32 | 02_resolve_smiles | INFO |   DOXEPIN HYDROCHLORIDE: salt stripped (2 frags), removed: ['Cl']
2026-07-23 22:16:32 | 02_resolve_smiles | INFO |   OK DOXEPIN HYDROCHLORIDE -> CN(C)CCC=C1c2ccccc2COc2ccccc21... (method=exact_pref_name_match, frags=2)
2026-07-23 22:16:32 | 02_resolve_smiles | INFO | [1045/1211] Resolving: LOSARTAN POTASSIUM
2026-07-23 22:16:35 | 02_resolve_smiles | INFO |   LOSARTAN POTASSIUM: salt stripped (2 frags), removed: ['[K+]']
2026-07-23 22:16:35 | 02_resolve_smiles | INFO |   OK LOSARTAN POTASSIUM -> CCCCc1nc(Cl)c(CO)n1Cc1ccc(-c2ccccc2-c2nn... (method=exact_pref_name_match, frags=2)
2026-07-23 22:16:35 | 02_resolve_smiles | INFO | [1046/1211] Resolving: DONEPEZIL HYDROCHLORIDE
2026-07-23 22:16:38 | 02_resolve_smiles | INFO |   DONEPEZIL HYDROCHLORIDE: salt stripped (2 frags), removed: ['Cl']
2026-07-23 22:16:38 | 02_resolve_smiles | INFO |   OK DONEPEZIL HYDROCHLORIDE -> COc1cc2c(cc1OC)C(=O)C(CC1CCN(Cc3ccccc3)C... (method=exact_pref_name_match, frags=2)
2026-07-23 22:16:38 | 02_resolve_smiles | INFO | [1047/1211] Resolving: PRAVASTATIN SODIUM
2026-07-23 22:16:41 | 02_resolve_smiles | INFO |   PRAVASTATIN SODIUM: salt stripped (2 frags), removed: ['[Na+]']
2026-07-23 22:16:41 | 02_resolve_smiles | INFO |   OK PRAVASTATIN SODIUM -> CC[C@H](C)C(=O)O[C@H]1C[C@H](O)C=C2C=C[C... (method=exact_pref_name_match, frags=2)
2026-07-23 22:16:41 | 02_resolve_smiles | INFO | [1048/1211] Resolving: SILDENAFIL
2026-07-23 22:16:43 | 02_resolve_smiles | INFO |   OK SILDENAFIL -> CCCc1nn(C)c2c(=O)[nH]c(-c3cc(S(=O)(=O)N4... (method=exact_pref_name_match, frags=1)
2026-07-23 22:16:43 | 02_resolve_smiles | INFO | [1049/1211] Resolving: RABEPRAZOLE SODIUM
2026-07-23 22:16:46 | 02_resolve_smiles | INFO |   RABEPRAZOLE SODIUM: salt stripped (2 frags), removed: ['[Na+]']
2026-07-23 22:16:46 | 02_resolve_smiles | INFO |   OK RABEPRAZOLE SODIUM -> COCCCOc1ccnc(C[S+]([O-])c2nc3ccccc3[n-]2... (method=exact_pref_name_match, frags=2)
2026-07-23 22:16:46 | 02_resolve_smiles | INFO | [1050/1211] Resolving: METHOTREXATE SODIUM
2026-07-23 22:16:49 | 02_resolve_smiles | INFO |   METHOTREXATE SODIUM: salt stripped (3 frags), removed: ['[Na+]', '[Na+]']
2026-07-23 22:16:49 | 02_resolve_smiles | INFO |   OK METHOTREXATE SODIUM -> CN(Cc1cnc2nc(N)nc(N)c2n1)c1ccc(C(=O)N[C@... (method=exact_pref_name_match, frags=3)
2026-07-23 22:16:49 | 02_resolve_smiles | INFO |   [Checkpoint saved at 1050 compounds]
2026-07-23 22:16:49 | 02_resolve_smiles | INFO | [1051/1211] Resolving: PAROXETINE HYDROCHLORIDE ANHYDROUS
2026-07-23 22:16:51 | 02_resolve_smiles | WARNING |   PAROXETINE HYDROCHLORIDE ANHYDROUS: fallback to score-based selection -- verify manually if critical
2026-07-23 22:16:51 | 02_resolve_smiles | INFO |   PAROXETINE HYDROCHLORIDE ANHYDROUS: salt stripped (5 frags), removed: ['Fc1ccc([C@@H]2CCNC[C@H]2COc2ccc3c(c2)OCO3)cc1', 'Cl', 'Cl', 'O']
2026-07-23 22:16:51 | 02_resolve_smiles | INFO |   OK PAROXETINE HYDROCHLORIDE ANHYDROUS -> Fc1ccc([C@@H]2CCNC[C@H]2COc2ccc3c(c2)OCO... (method=fallback_highest_score, frags=5)
2026-07-23 22:16:51 | 02_resolve_smiles | INFO | [1052/1211] Resolving: PRAMIPEXOLE DIHYDROCHLORIDE
2026-07-23 22:16:54 | 02_resolve_smiles | INFO |   PRAMIPEXOLE DIHYDROCHLORIDE: salt stripped (4 frags), removed: ['Cl', 'Cl', 'O']
2026-07-23 22:16:54 | 02_resolve_smiles | INFO |   OK PRAMIPEXOLE DIHYDROCHLORIDE -> CCCN[C@H]1CCc2nc(N)sc2C1... (method=exact_pref_name_match, frags=4)
2026-07-23 22:16:54 | 02_resolve_smiles | INFO | [1053/1211] Resolving: URSADIOL
2026-07-23 22:16:57 | 02_resolve_smiles | WARNING |   X URSADIOL: no_match -- No ChEMBL candidates returned
2026-07-23 22:16:57 | 02_resolve_smiles | INFO | [1054/1211] Resolving: ESTROGENS, ESTERIFIED
2026-07-23 22:16:59 | 02_resolve_smiles | WARNING |   X ESTROGENS, ESTERIFIED: no_structure --  | No canonical_smiles in ChEMBL response
2026-07-23 22:16:59 | 02_resolve_smiles | INFO | [1055/1211] Resolving: ESTAZOLAM
2026-07-23 22:17:01 | 02_resolve_smiles | INFO |   OK ESTAZOLAM -> Clc1ccc2c(c1)C(c1ccccc1)=NCc1nncn1-2... (method=exact_pref_name_match, frags=1)
2026-07-23 22:17:01 | 02_resolve_smiles | INFO | [1056/1211] Resolving: ESOMEPRAZOLE MAGNESIUM DIHYDRATE
2026-07-23 22:17:03 | 02_resolve_smiles | WARNING |   ESOMEPRAZOLE MAGNESIUM DIHYDRATE: fallback to score-based selection -- verify manually if critical
2026-07-23 22:17:03 | 02_resolve_smiles | INFO |   ESOMEPRAZOLE MAGNESIUM DIHYDRATE: salt stripped (6 frags), removed: ['COc1ccc2[nH]c([S@@+]([O-])Cc3ncc(C)c(OC)c3C)nc2c1', 'O', 'O', 'O', '[Mg+2]']
2026-07-23 22:17:03 | 02_resolve_smiles | INFO |   OK ESOMEPRAZOLE MAGNESIUM DIHYDRATE -> COc1ccc2[nH]c([S@@+]([O-])Cc3ncc(C)c(OC)... (method=fallback_highest_score, frags=6)
2026-07-23 22:17:03 | 02_resolve_smiles | INFO | [1057/1211] Resolving: MEFENAMIC ACID
2026-07-23 22:17:05 | 02_resolve_smiles | INFO |   OK MEFENAMIC ACID -> Cc1cccc(Nc2ccccc2C(=O)O)c1C... (method=exact_pref_name_match, frags=1)
2026-07-23 22:17:05 | 02_resolve_smiles | INFO | [1058/1211] Resolving: PROPAFENONE HYDROCHLORIDE
2026-07-23 22:17:09 | 02_resolve_smiles | INFO |   PROPAFENONE HYDROCHLORIDE: salt stripped (2 frags), removed: ['Cl']
2026-07-23 22:17:09 | 02_resolve_smiles | INFO |   OK PROPAFENONE HYDROCHLORIDE -> CCCNCC(O)COc1ccccc1C(=O)CCc1ccccc1... (method=exact_pref_name_match, frags=2)
2026-07-23 22:17:09 | 02_resolve_smiles | INFO | [1059/1211] Resolving: CARBAMAZEPINE
2026-07-23 22:17:11 | 02_resolve_smiles | INFO |   OK CARBAMAZEPINE -> NC(=O)N1c2ccccc2C=Cc2ccccc21... (method=exact_pref_name_match, frags=1)
2026-07-23 22:17:11 | 02_resolve_smiles | INFO | [1060/1211] Resolving: GRISEOFULVIN
2026-07-23 22:17:13 | 02_resolve_smiles | INFO |   OK GRISEOFULVIN -> COC1=CC(=O)C[C@@H](C)[C@]12Oc1c(Cl)c(OC)... (method=exact_pref_name_match, frags=1)
2026-07-23 22:17:13 | 02_resolve_smiles | INFO | [1061/1211] Resolving: MIFEPRISTONE
2026-07-23 22:17:15 | 02_resolve_smiles | INFO |   OK MIFEPRISTONE -> CC#C[C@]1(O)CC[C@H]2[C@@H]3CCC4=CC(=O)CC... (method=exact_pref_name_match, frags=1)
2026-07-23 22:17:15 | 02_resolve_smiles | INFO | [1062/1211] Resolving: GUANFACINE
2026-07-23 22:17:16 | 02_resolve_smiles | INFO |   OK GUANFACINE -> N=C(N)NC(=O)Cc1c(Cl)cccc1Cl... (method=exact_pref_name_match, frags=1)
2026-07-23 22:17:16 | 02_resolve_smiles | INFO | [1063/1211] Resolving: ITRACONAZOLE
2026-07-23 22:17:18 | 02_resolve_smiles | INFO |   OK ITRACONAZOLE -> CCC(C)n1ncn(-c2ccc(N3CCN(c4ccc(OCC5COC(C... (method=exact_pref_name_match, frags=1)
2026-07-23 22:17:18 | 02_resolve_smiles | INFO | [1064/1211] Resolving: ANASTROZOLE
2026-07-23 22:17:20 | 02_resolve_smiles | INFO |   OK ANASTROZOLE -> CC(C)(C#N)c1cc(Cn2cncn2)cc(C(C)(C)C#N)c1... (method=exact_pref_name_match, frags=1)
2026-07-23 22:17:20 | 02_resolve_smiles | INFO | [1065/1211] Resolving: CYPROHEPTADINE
2026-07-23 22:17:22 | 02_resolve_smiles | INFO |   OK CYPROHEPTADINE -> CN1CCC(=C2c3ccccc3C=Cc3ccccc32)CC1... (method=exact_pref_name_match, frags=1)
2026-07-23 22:17:22 | 02_resolve_smiles | INFO | [1066/1211] Resolving: ALENDRONATE SODIUM
2026-07-23 22:17:24 | 02_resolve_smiles | INFO |   ALENDRONATE SODIUM: salt stripped (2 frags), removed: ['[Na+]']
2026-07-23 22:17:24 | 02_resolve_smiles | INFO |   OK ALENDRONATE SODIUM -> NCCCC(O)(P(=O)([O-])O)P(=O)(O)O... (method=exact_pref_name_match, frags=2)
2026-07-23 22:17:24 | 02_resolve_smiles | INFO | [1067/1211] Resolving: CEFPODOXIME PROXETIL
2026-07-23 22:17:26 | 02_resolve_smiles | INFO |   OK CEFPODOXIME PROXETIL -> COCC1=C(C(=O)OC(C)OC(=O)OC(C)C)N2C(=O)[C... (method=exact_pref_name_match, frags=1)
2026-07-23 22:17:26 | 02_resolve_smiles | INFO | [1068/1211] Resolving: LAMIVUDINE
2026-07-23 22:17:28 | 02_resolve_smiles | INFO |   OK LAMIVUDINE -> Nc1ccn([C@@H]2CS[C@H](CO)O2)c(=O)n1... (method=exact_pref_name_match, frags=1)
2026-07-23 22:17:28 | 02_resolve_smiles | INFO | [1069/1211] Resolving: QUETIAPINE FUMARATE
2026-07-23 22:17:31 | 02_resolve_smiles | INFO |   QUETIAPINE FUMARATE: salt stripped (3 frags), removed: ['OCCOCCN1CCN(C2=Nc3ccccc3Sc3ccccc32)CC1', 'O=C(O)/C=C/C(=O)O']
2026-07-23 22:17:31 | 02_resolve_smiles | INFO |   OK QUETIAPINE FUMARATE -> OCCOCCN1CCN(C2=Nc3ccccc3Sc3ccccc32)CC1... (method=exact_pref_name_match, frags=3)
2026-07-23 22:17:31 | 02_resolve_smiles | INFO | [1070/1211] Resolving: FEXOFENADINE HYDROCHLORIDE
2026-07-23 22:17:34 | 02_resolve_smiles | INFO |   FEXOFENADINE HYDROCHLORIDE: salt stripped (2 frags), removed: ['Cl']
2026-07-23 22:17:34 | 02_resolve_smiles | INFO |   OK FEXOFENADINE HYDROCHLORIDE -> CC(C)(C(=O)O)c1ccc(C(O)CCCN2CCC(C(O)(c3c... (method=exact_pref_name_match, frags=2)
2026-07-23 22:17:34 | 02_resolve_smiles | INFO | [1071/1211] Resolving: CLOBAZAM
2026-07-23 22:17:36 | 02_resolve_smiles | INFO |   OK CLOBAZAM -> CN1C(=O)CC(=O)N(c2ccccc2)c2cc(Cl)ccc21... (method=exact_pref_name_match, frags=1)
2026-07-23 22:17:36 | 02_resolve_smiles | INFO | [1072/1211] Resolving: ETODOLAC
2026-07-23 22:17:38 | 02_resolve_smiles | INFO |   OK ETODOLAC -> CCc1cccc2c3c([nH]c12)C(CC)(CC(=O)O)OCC3... (method=exact_pref_name_match, frags=1)
2026-07-23 22:17:38 | 02_resolve_smiles | INFO | [1073/1211] Resolving: CLOMIPRAMINE HYDROCHLORIDE
2026-07-23 22:17:41 | 02_resolve_smiles | INFO |   CLOMIPRAMINE HYDROCHLORIDE: salt stripped (2 frags), removed: ['Cl']
2026-07-23 22:17:41 | 02_resolve_smiles | INFO |   OK CLOMIPRAMINE HYDROCHLORIDE -> CN(C)CCCN1c2ccccc2CCc2ccc(Cl)cc21... (method=exact_pref_name_match, frags=2)
2026-07-23 22:17:41 | 02_resolve_smiles | INFO | [1074/1211] Resolving: PYRAZINAMIDE
2026-07-23 22:17:42 | 02_resolve_smiles | INFO |   OK PYRAZINAMIDE -> NC(=O)c1cnccn1... (method=exact_pref_name_match, frags=1)
2026-07-23 22:17:42 | 02_resolve_smiles | INFO | [1075/1211] Resolving: ZOLMITRIPTAN
2026-07-23 22:17:44 | 02_resolve_smiles | INFO |   OK ZOLMITRIPTAN -> CN(C)CCc1c[nH]c2ccc(C[C@H]3COC(=O)N3)cc1... (method=exact_pref_name_match, frags=1)
2026-07-23 22:17:44 | 02_resolve_smiles | INFO | [1076/1211] Resolving: ALOSETRON HYDROCHLORIDE
2026-07-23 22:17:47 | 02_resolve_smiles | INFO |   ALOSETRON HYDROCHLORIDE: salt stripped (2 frags), removed: ['Cl']
2026-07-23 22:17:47 | 02_resolve_smiles | INFO |   OK ALOSETRON HYDROCHLORIDE -> Cc1[nH]cnc1CN1CCc2c(c3ccccc3n2C)C1=O... (method=exact_pref_name_match, frags=2)
2026-07-23 22:17:47 | 02_resolve_smiles | INFO | [1077/1211] Resolving: DEFERIPRONE
2026-07-23 22:17:49 | 02_resolve_smiles | INFO |   OK DEFERIPRONE -> Cc1c(O)c(=O)ccn1C... (method=exact_pref_name_match, frags=1)
2026-07-23 22:17:49 | 02_resolve_smiles | INFO | [1078/1211] Resolving: SODIUM IODIDE I-131
2026-07-23 22:17:52 | 02_resolve_smiles | WARNING |   SODIUM IODIDE I-131: fallback to score-based selection -- verify manually if critical
2026-07-23 22:17:52 | 02_resolve_smiles | INFO |   SODIUM IODIDE I-131: salt stripped (2 frags), removed: ['[Na+]']
2026-07-23 22:17:52 | 02_resolve_smiles | INFO |   OK SODIUM IODIDE I-131 -> [131I-]... (method=fallback_highest_score, frags=2)
2026-07-23 22:17:52 | 02_resolve_smiles | INFO | [1079/1211] Resolving: SODIUM IODIDE I-123
2026-07-23 22:17:54 | 02_resolve_smiles | WARNING |   SODIUM IODIDE I-123: fallback to score-based selection -- verify manually if critical
2026-07-23 22:17:54 | 02_resolve_smiles | INFO |   SODIUM IODIDE I-123: salt stripped (2 frags), removed: ['[Na+]']
2026-07-23 22:17:54 | 02_resolve_smiles | INFO |   OK SODIUM IODIDE I-123 -> [123I-]... (method=fallback_highest_score, frags=2)
2026-07-23 22:17:54 | 02_resolve_smiles | INFO | [1080/1211] Resolving: CEFADROXIL
2026-07-23 22:17:56 | 02_resolve_smiles | INFO |   OK CEFADROXIL -> CC1=C(C(=O)O)N2C(=O)[C@@H](NC(=O)[C@H](N... (method=exact_pref_name_match, frags=1)
2026-07-23 22:17:56 | 02_resolve_smiles | INFO | [1081/1211] Resolving: NEFAZODONE HYDROCHLORIDE
2026-07-23 22:17:59 | 02_resolve_smiles | INFO |   NEFAZODONE HYDROCHLORIDE: salt stripped (2 frags), removed: ['Cl']
2026-07-23 22:17:59 | 02_resolve_smiles | INFO |   OK NEFAZODONE HYDROCHLORIDE -> CCc1nn(CCCN2CCN(c3cccc(Cl)c3)CC2)c(=O)n1... (method=exact_pref_name_match, frags=2)
2026-07-23 22:17:59 | 02_resolve_smiles | INFO | [1082/1211] Resolving: SPIRONOLACTONE
2026-07-23 22:18:01 | 02_resolve_smiles | INFO |   OK SPIRONOLACTONE -> CC(=O)S[C@@H]1CC2=CC(=O)CC[C@]2(C)[C@H]2... (method=exact_pref_name_match, frags=1)
2026-07-23 22:18:01 | 02_resolve_smiles | INFO | [1083/1211] Resolving: AMITRIPTYLINE HYDROCHLORIDE
2026-07-23 22:18:04 | 02_resolve_smiles | INFO |   AMITRIPTYLINE HYDROCHLORIDE: salt stripped (2 frags), removed: ['Cl']
2026-07-23 22:18:04 | 02_resolve_smiles | INFO |   OK AMITRIPTYLINE HYDROCHLORIDE -> CN(C)CCC=C1c2ccccc2CCc2ccccc21... (method=exact_pref_name_match, frags=2)
2026-07-23 22:18:04 | 02_resolve_smiles | INFO | [1084/1211] Resolving: TRIMIPRAMINE MALEATE
2026-07-23 22:18:07 | 02_resolve_smiles | INFO |   TRIMIPRAMINE MALEATE: salt stripped (2 frags), removed: ['O=C(O)/C=C\\C(=O)O']
2026-07-23 22:18:07 | 02_resolve_smiles | INFO |   OK TRIMIPRAMINE MALEATE -> CC(CN(C)C)CN1c2ccccc2CCc2ccccc21... (method=exact_pref_name_match, frags=2)
2026-07-23 22:18:07 | 02_resolve_smiles | INFO | [1085/1211] Resolving: niacin
2026-07-23 22:18:09 | 02_resolve_smiles | INFO |   OK niacin -> O=C(O)c1cccnc1... (method=exact_pref_name_match, frags=1)
2026-07-23 22:18:09 | 02_resolve_smiles | INFO | [1086/1211] Resolving: TOREMIFENE CITRATE
2026-07-23 22:18:11 | 02_resolve_smiles | INFO |   TOREMIFENE CITRATE: salt stripped (2 frags), removed: ['O=C(O)CC(O)(CC(=O)O)C(=O)O']
2026-07-23 22:18:11 | 02_resolve_smiles | INFO |   OK TOREMIFENE CITRATE -> CN(C)CCOc1ccc(/C(=C(/CCCl)c2ccccc2)c2ccc... (method=exact_pref_name_match, frags=2)
2026-07-23 22:18:11 | 02_resolve_smiles | INFO | [1087/1211] Resolving: METHADONE HYDROCHLORIDE
2026-07-23 22:18:14 | 02_resolve_smiles | INFO |   METHADONE HYDROCHLORIDE: salt stripped (2 frags), removed: ['Cl']
2026-07-23 22:18:14 | 02_resolve_smiles | INFO |   OK METHADONE HYDROCHLORIDE -> CCC(=O)C(CC(C)N(C)C)(c1ccccc1)c1ccccc1... (method=exact_pref_name_match, frags=2)
2026-07-23 22:18:14 | 02_resolve_smiles | INFO | [1088/1211] Resolving: TOLVAPTAN
2026-07-23 22:18:16 | 02_resolve_smiles | INFO |   OK TOLVAPTAN -> Cc1ccccc1C(=O)Nc1ccc(C(=O)N2CCCC(O)c3cc(... (method=exact_pref_name_match, frags=1)
2026-07-23 22:18:16 | 02_resolve_smiles | INFO | [1089/1211] Resolving: CARISOPRODOL
2026-07-23 22:18:18 | 02_resolve_smiles | INFO |   OK CARISOPRODOL -> CCCC(C)(COC(N)=O)COC(=O)NC(C)C... (method=exact_pref_name_match, frags=1)
2026-07-23 22:18:18 | 02_resolve_smiles | INFO | [1090/1211] Resolving: ZIPRASIDONE HYDROCHLORIDE
2026-07-23 22:18:21 | 02_resolve_smiles | INFO |   ZIPRASIDONE HYDROCHLORIDE: salt stripped (3 frags), removed: ['Cl', 'O']
2026-07-23 22:18:21 | 02_resolve_smiles | INFO |   OK ZIPRASIDONE HYDROCHLORIDE -> O=C1Cc2cc(CCN3CCN(c4nsc5ccccc45)CC3)c(Cl... (method=exact_pref_name_match, frags=3)
2026-07-23 22:18:21 | 02_resolve_smiles | INFO | [1091/1211] Resolving: BUSPIRONE HYDROCHLORIDE
2026-07-23 22:18:24 | 02_resolve_smiles | INFO |   BUSPIRONE HYDROCHLORIDE: salt stripped (2 frags), removed: ['Cl']
2026-07-23 22:18:24 | 02_resolve_smiles | INFO |   OK BUSPIRONE HYDROCHLORIDE -> O=C1CC2(CCCC2)CC(=O)N1CCCCN1CCN(c2ncccn2... (method=exact_pref_name_match, frags=2)
2026-07-23 22:18:24 | 02_resolve_smiles | INFO | [1092/1211] Resolving: DESIPRAMINE HYDROCHLORIDE
2026-07-23 22:18:27 | 02_resolve_smiles | INFO |   DESIPRAMINE HYDROCHLORIDE: salt stripped (2 frags), removed: ['Cl']
2026-07-23 22:18:27 | 02_resolve_smiles | INFO |   OK DESIPRAMINE HYDROCHLORIDE -> CNCCCN1c2ccccc2CCc2ccccc21... (method=exact_pref_name_match, frags=2)
2026-07-23 22:18:27 | 02_resolve_smiles | INFO | [1093/1211] Resolving: BALSALAZIDE DISODIUM
2026-07-23 22:18:30 | 02_resolve_smiles | INFO |   BALSALAZIDE DISODIUM: salt stripped (3 frags), removed: ['[Na+]', '[Na+]']
2026-07-23 22:18:30 | 02_resolve_smiles | INFO |   OK BALSALAZIDE DISODIUM -> O=C([O-])CCNC(=O)c1ccc(/N=N/c2ccc(O)c(C(... (method=exact_pref_name_match, frags=3)
2026-07-23 22:18:30 | 02_resolve_smiles | INFO | [1094/1211] Resolving: RIFABUTIN
2026-07-23 22:18:32 | 02_resolve_smiles | INFO |   OK RIFABUTIN -> CO[C@H]1/C=C/O[C@@]2(C)Oc3c(C)c(O)c4c(c3... (method=exact_pref_name_match, frags=1)
2026-07-23 22:18:32 | 02_resolve_smiles | INFO | [1095/1211] Resolving: TRANDOLAPRIL
2026-07-23 22:18:34 | 02_resolve_smiles | INFO |   OK TRANDOLAPRIL -> CCOC(=O)[C@H](CCc1ccccc1)N[C@@H](C)C(=O)... (method=exact_pref_name_match, frags=1)
2026-07-23 22:18:34 | 02_resolve_smiles | INFO | [1096/1211] Resolving: METAXALONE
2026-07-23 22:18:35 | 02_resolve_smiles | INFO |   OK METAXALONE -> Cc1cc(C)cc(OCC2CNC(=O)O2)c1... (method=exact_pref_name_match, frags=1)
2026-07-23 22:18:35 | 02_resolve_smiles | INFO | [1097/1211] Resolving: APREPITANT
2026-07-23 22:18:37 | 02_resolve_smiles | INFO |   OK APREPITANT -> C[C@@H](O[C@H]1OCCN(Cc2n[nH]c(=O)[nH]2)[... (method=exact_pref_name_match, frags=1)
2026-07-23 22:18:37 | 02_resolve_smiles | INFO | [1098/1211] Resolving: CINACALCET HYDROCHLORIDE
2026-07-23 22:18:40 | 02_resolve_smiles | INFO |   CINACALCET HYDROCHLORIDE: salt stripped (2 frags), removed: ['Cl']
2026-07-23 22:18:40 | 02_resolve_smiles | INFO |   OK CINACALCET HYDROCHLORIDE -> C[C@@H](NCCCc1cccc(C(F)(F)F)c1)c1cccc2cc... (method=exact_pref_name_match, frags=2)
2026-07-23 22:18:40 | 02_resolve_smiles | INFO | [1099/1211] Resolving: TRIAZOLAM
2026-07-23 22:18:42 | 02_resolve_smiles | INFO |   OK TRIAZOLAM -> Cc1nnc2n1-c1ccc(Cl)cc1C(c1ccccc1Cl)=NC2... (method=exact_pref_name_match, frags=1)
2026-07-23 22:18:42 | 02_resolve_smiles | INFO | [1100/1211] Resolving: PIMOZIDE
2026-07-23 22:18:44 | 02_resolve_smiles | INFO |   OK PIMOZIDE -> O=c1[nH]c2ccccc2n1C1CCN(CCCC(c2ccc(F)cc2... (method=exact_pref_name_match, frags=1)
2026-07-23 22:18:44 | 02_resolve_smiles | INFO |   [Checkpoint saved at 1100 compounds]
2026-07-23 22:18:44 | 02_resolve_smiles | INFO | [1101/1211] Resolving: LABETALOL HYDROCHLORIDE
2026-07-23 22:18:47 | 02_resolve_smiles | INFO |   LABETALOL HYDROCHLORIDE: salt stripped (2 frags), removed: ['Cl']
2026-07-23 22:18:47 | 02_resolve_smiles | INFO |   OK LABETALOL HYDROCHLORIDE -> CC(CCc1ccccc1)NCC(O)c1ccc(O)c(C(N)=O)c1... (method=exact_pref_name_match, frags=2)
2026-07-23 22:18:47 | 02_resolve_smiles | INFO | [1102/1211] Resolving: TROSPIUM CHLORIDE
2026-07-23 22:18:49 | 02_resolve_smiles | INFO |   TROSPIUM CHLORIDE: salt stripped (2 frags), removed: ['[Cl-]']
2026-07-23 22:18:49 | 02_resolve_smiles | INFO |   OK TROSPIUM CHLORIDE -> O=C(O[C@H]1C[C@H]2CC[C@@H](C1)[N+]21CCCC... (method=exact_pref_name_match, frags=2)
2026-07-23 22:18:49 | 02_resolve_smiles | INFO | [1103/1211] Resolving: MOLINDONE HYDROCHLORIDE
2026-07-23 22:18:52 | 02_resolve_smiles | INFO |   MOLINDONE HYDROCHLORIDE: salt stripped (2 frags), removed: ['Cl']
2026-07-23 22:18:52 | 02_resolve_smiles | INFO |   OK MOLINDONE HYDROCHLORIDE -> CCc1c(C)[nH]c2c1C(=O)C(CN1CCOCC1)CC2... (method=exact_pref_name_match, frags=2)
2026-07-23 22:18:52 | 02_resolve_smiles | INFO | [1104/1211] Resolving: CLOMIPHENE CITRATE
2026-07-23 22:18:55 | 02_resolve_smiles | INFO |   CLOMIPHENE CITRATE: salt stripped (2 frags), removed: ['O=C(O)CC(O)(CC(=O)O)C(=O)O']
2026-07-23 22:18:55 | 02_resolve_smiles | INFO |   OK CLOMIPHENE CITRATE -> CCN(CC)CCOc1ccc(C(=C(Cl)c2ccccc2)c2ccccc... (method=exact_pref_name_match, frags=2)
2026-07-23 22:18:55 | 02_resolve_smiles | INFO | [1105/1211] Resolving: DIETHYLPROPION HYDROCHLORIDE
2026-07-23 22:18:58 | 02_resolve_smiles | INFO |   DIETHYLPROPION HYDROCHLORIDE: salt stripped (2 frags), removed: ['Cl']
2026-07-23 22:18:58 | 02_resolve_smiles | INFO |   OK DIETHYLPROPION HYDROCHLORIDE -> CCN(CC)C(C)C(=O)c1ccccc1... (method=exact_pref_name_match, frags=2)
2026-07-23 22:18:58 | 02_resolve_smiles | INFO | [1106/1211] Resolving: PERINDOPRIL ERBUMINE
2026-07-23 22:19:01 | 02_resolve_smiles | INFO |   PERINDOPRIL ERBUMINE: salt stripped (2 frags), removed: ['CC(C)(C)N']
2026-07-23 22:19:01 | 02_resolve_smiles | INFO |   OK PERINDOPRIL ERBUMINE -> CCC[C@H](N[C@@H](C)C(=O)N1[C@H](C(=O)O)C... (method=exact_pref_name_match, frags=2)
2026-07-23 22:19:01 | 02_resolve_smiles | INFO | [1107/1211] Resolving: CLEMASTINE FUMARATE
2026-07-23 22:19:04 | 02_resolve_smiles | INFO |   CLEMASTINE FUMARATE: salt stripped (2 frags), removed: ['O=C(O)/C=C/C(=O)O']
2026-07-23 22:19:04 | 02_resolve_smiles | INFO |   OK CLEMASTINE FUMARATE -> CN1CCC[C@@H]1CCO[C@](C)(c1ccccc1)c1ccc(C... (method=exact_pref_name_match, frags=2)
2026-07-23 22:19:04 | 02_resolve_smiles | INFO | [1108/1211] Resolving: SULINDAC
2026-07-23 22:19:06 | 02_resolve_smiles | INFO |   OK SULINDAC -> CC1=C(CC(=O)O)c2cc(F)ccc2/C1=C\c1ccc([S+... (method=exact_pref_name_match, frags=1)
2026-07-23 22:19:06 | 02_resolve_smiles | INFO | [1109/1211] Resolving: DEXMETHYLPHENIDATE HYDROCHLORIDE
2026-07-23 22:19:10 | 02_resolve_smiles | INFO |   DEXMETHYLPHENIDATE HYDROCHLORIDE: salt stripped (2 frags), removed: ['Cl']
2026-07-23 22:19:10 | 02_resolve_smiles | INFO |   OK DEXMETHYLPHENIDATE HYDROCHLORIDE -> COC(=O)[C@H](c1ccccc1)[C@H]1CCCCN1... (method=exact_pref_name_match, frags=2)
2026-07-23 22:19:10 | 02_resolve_smiles | INFO | [1110/1211] Resolving: PIROXICAM
2026-07-23 22:19:12 | 02_resolve_smiles | INFO |   OK PIROXICAM -> CN1C(C(=O)Nc2ccccn2)=C(O)c2ccccc2S1(=O)=... (method=exact_pref_name_match, frags=1)
2026-07-23 22:19:12 | 02_resolve_smiles | INFO | [1111/1211] Resolving: PRIMIDONE
2026-07-23 22:19:13 | 02_resolve_smiles | INFO |   OK PRIMIDONE -> CCC1(c2ccccc2)C(=O)NCNC1=O... (method=exact_pref_name_match, frags=1)
2026-07-23 22:19:14 | 02_resolve_smiles | INFO | [1112/1211] Resolving: METHOCARBAMOL
2026-07-23 22:19:15 | 02_resolve_smiles | INFO |   OK METHOCARBAMOL -> COc1ccccc1OCC(O)COC(N)=O... (method=exact_pref_name_match, frags=1)
2026-07-23 22:19:15 | 02_resolve_smiles | INFO | [1113/1211] Resolving: NARATRIPTAN HYDROCHLORIDE
2026-07-23 22:19:19 | 02_resolve_smiles | INFO |   NARATRIPTAN HYDROCHLORIDE: salt stripped (2 frags), removed: ['Cl']
2026-07-23 22:19:19 | 02_resolve_smiles | INFO |   OK NARATRIPTAN HYDROCHLORIDE -> CNS(=O)(=O)CCc1ccc2[nH]cc(C3CCN(C)CC3)c2... (method=exact_pref_name_match, frags=2)
2026-07-23 22:19:19 | 02_resolve_smiles | INFO | [1114/1211] Resolving: CYCLOBENZAPRINE HYDROCHLORIDE
2026-07-23 22:19:22 | 02_resolve_smiles | INFO |   CYCLOBENZAPRINE HYDROCHLORIDE: salt stripped (2 frags), removed: ['Cl']
2026-07-23 22:19:22 | 02_resolve_smiles | INFO |   OK CYCLOBENZAPRINE HYDROCHLORIDE -> CN(C)CCC=C1c2ccccc2C=Cc2ccccc21... (method=exact_pref_name_match, frags=2)
2026-07-23 22:19:22 | 02_resolve_smiles | INFO | [1115/1211] Resolving: MIGLITOL
2026-07-23 22:19:23 | 02_resolve_smiles | INFO |   OK MIGLITOL -> OCCN1C[C@H](O)[C@@H](O)[C@H](O)[C@H]1CO... (method=exact_pref_name_match, frags=1)
2026-07-23 22:19:23 | 02_resolve_smiles | INFO | [1116/1211] Resolving: LANSOPRAZOLE
2026-07-23 22:19:25 | 02_resolve_smiles | INFO |   OK LANSOPRAZOLE -> Cc1c(OCC(F)(F)F)ccnc1C[S+]([O-])c1nc2ccc... (method=exact_pref_name_match, frags=1)
2026-07-23 22:19:25 | 02_resolve_smiles | INFO | [1117/1211] Resolving: CARVEDILOL
2026-07-23 22:19:27 | 02_resolve_smiles | INFO |   OK CARVEDILOL -> COc1ccccc1OCCNCC(O)COc1cccc2[nH]c3ccccc3... (method=exact_pref_name_match, frags=1)
2026-07-23 22:19:27 | 02_resolve_smiles | INFO | [1118/1211] Resolving: HYDROCHLOROTHIAZIDE
2026-07-23 22:19:29 | 02_resolve_smiles | INFO |   OK HYDROCHLOROTHIAZIDE -> NS(=O)(=O)c1cc2c(cc1Cl)NCNS2(=O)=O... (method=exact_pref_name_match, frags=1)
2026-07-23 22:19:29 | 02_resolve_smiles | INFO | [1119/1211] Resolving: THEOPHYLLINE ANHYDROUS
2026-07-23 22:19:32 | 02_resolve_smiles | INFO |   OK THEOPHYLLINE ANHYDROUS -> Cn1c(=O)c2[nH]cnc2n(C)c1=O... (method=exact_pref_name_match, frags=1)
2026-07-23 22:19:32 | 02_resolve_smiles | INFO | [1120/1211] Resolving: CHENODIOL
2026-07-23 22:19:36 | 02_resolve_smiles | INFO |   OK CHENODIOL -> C[C@H](CCC(=O)O)[C@H]1CC[C@H]2[C@@H]3[C@... (method=exact_pref_name_match, frags=1)
2026-07-23 22:19:36 | 02_resolve_smiles | INFO | [1121/1211] Resolving: MISOPROSTOL
2026-07-23 22:19:38 | 02_resolve_smiles | INFO |   OK MISOPROSTOL -> CCCCC(C)(O)C/C=C/[C@H]1[C@H](O)CC(=O)[C@... (method=exact_pref_name_match, frags=1)
2026-07-23 22:19:38 | 02_resolve_smiles | INFO | [1122/1211] Resolving: CITALOPRAM
2026-07-23 22:19:41 | 02_resolve_smiles | INFO |   OK CITALOPRAM -> CN(C)CCCC1(c2ccc(F)cc2)OCc2cc(C#N)ccc21... (method=exact_pref_name_match, frags=1)
2026-07-23 22:19:41 | 02_resolve_smiles | INFO | [1123/1211] Resolving: ETRAVIRINE
2026-07-23 22:19:42 | 02_resolve_smiles | INFO |   OK ETRAVIRINE -> Cc1cc(C#N)cc(C)c1Oc1nc(Nc2ccc(C#N)cc2)nc... (method=exact_pref_name_match, frags=1)
2026-07-23 22:19:42 | 02_resolve_smiles | INFO | [1124/1211] Resolving: CLOPIDOGREL BISULFATE
2026-07-23 22:19:45 | 02_resolve_smiles | INFO |   CLOPIDOGREL BISULFATE: salt stripped (2 frags), removed: ['O=S(=O)(O)O']
2026-07-23 22:19:45 | 02_resolve_smiles | INFO |   OK CLOPIDOGREL BISULFATE -> COC(=O)[C@H](c1ccccc1Cl)N1CCc2sccc2C1... (method=exact_pref_name_match, frags=2)
2026-07-23 22:19:45 | 02_resolve_smiles | INFO | [1125/1211] Resolving: NEOMYCIN SULFATE
2026-07-23 22:19:48 | 02_resolve_smiles | WARNING |   X NEOMYCIN SULFATE: no_structure --  | No canonical_smiles in ChEMBL response
2026-07-23 22:19:48 | 02_resolve_smiles | INFO | [1126/1211] Resolving: LEVORPHANOL TARTRATE
2026-07-23 22:19:50 | 02_resolve_smiles | INFO |   LEVORPHANOL TARTRATE: salt stripped (4 frags), removed: ['O=C(O)C(O)C(O)C(=O)O', 'O', 'O']
2026-07-23 22:19:50 | 02_resolve_smiles | INFO |   OK LEVORPHANOL TARTRATE -> CN1CC[C@]23CCCC[C@H]2[C@H]1Cc1ccc(O)cc13... (method=exact_pref_name_match, frags=4)
2026-07-23 22:19:50 | 02_resolve_smiles | INFO | [1127/1211] Resolving: TINIDAZOLE
2026-07-23 22:19:52 | 02_resolve_smiles | INFO |   OK TINIDAZOLE -> CCS(=O)(=O)CCn1c([N+](=O)[O-])cnc1C... (method=exact_pref_name_match, frags=1)
2026-07-23 22:19:52 | 02_resolve_smiles | INFO | [1128/1211] Resolving: TOLMETIN SODIUM
2026-07-23 22:19:55 | 02_resolve_smiles | INFO |   TOLMETIN SODIUM: salt stripped (2 frags), removed: ['[Na+]']
2026-07-23 22:19:55 | 02_resolve_smiles | INFO |   OK TOLMETIN SODIUM -> Cc1ccc(C(=O)c2ccc(CC(=O)[O-])n2C)cc1... (method=exact_pref_name_match, frags=2)
2026-07-23 22:19:55 | 02_resolve_smiles | INFO | [1129/1211] Resolving: NORTRIPTYLINE HYDROCHLORIDE
2026-07-23 22:19:58 | 02_resolve_smiles | INFO |   NORTRIPTYLINE HYDROCHLORIDE: salt stripped (2 frags), removed: ['Cl']
2026-07-23 22:19:58 | 02_resolve_smiles | INFO |   OK NORTRIPTYLINE HYDROCHLORIDE -> CNCCC=C1c2ccccc2CCc2ccccc21... (method=exact_pref_name_match, frags=2)
2026-07-23 22:19:58 | 02_resolve_smiles | INFO | [1130/1211] Resolving: MOLNUPIRAVIR
2026-07-23 22:20:00 | 02_resolve_smiles | INFO |   OK MOLNUPIRAVIR -> CC(C)C(=O)OC[C@H]1O[C@@H](n2cc/c(=N\O)[n... (method=exact_pref_name_match, frags=1)
2026-07-23 22:20:00 | 02_resolve_smiles | INFO | [1131/1211] Resolving: secobarbital sodium
2026-07-23 22:20:02 | 02_resolve_smiles | INFO |   secobarbital sodium: salt stripped (2 frags), removed: ['[Na+]']
2026-07-23 22:20:02 | 02_resolve_smiles | INFO |   OK secobarbital sodium -> C=CCC1(C(C)CCC)C(=O)[N-]C(=O)NC1=O... (method=exact_pref_name_match, frags=2)
2026-07-23 22:20:02 | 02_resolve_smiles | INFO | [1132/1211] Resolving: isosorbide
2026-07-23 22:20:05 | 02_resolve_smiles | INFO |   OK isosorbide -> O[C@@H]1CO[C@H]2[C@@H]1OC[C@@H]2O... (method=exact_pref_name_match, frags=1)
2026-07-23 22:20:05 | 02_resolve_smiles | INFO | [1133/1211] Resolving: sotalol
2026-07-23 22:20:07 | 02_resolve_smiles | INFO |   OK sotalol -> CC(C)NCC(O)c1ccc(NS(C)(=O)=O)cc1... (method=exact_pref_name_match, frags=1)
2026-07-23 22:20:07 | 02_resolve_smiles | INFO | [1134/1211] Resolving: lomefloxacin hydrochloride
2026-07-23 22:20:11 | 02_resolve_smiles | INFO |   lomefloxacin hydrochloride: salt stripped (2 frags), removed: ['Cl']
2026-07-23 22:20:11 | 02_resolve_smiles | INFO |   OK lomefloxacin hydrochloride -> CCn1cc(C(=O)O)c(=O)c2cc(F)c(N3CCNC(C)C3)... (method=exact_pref_name_match, frags=2)
2026-07-23 22:20:11 | 02_resolve_smiles | INFO | [1135/1211] Resolving: polythiazide
2026-07-23 22:20:12 | 02_resolve_smiles | INFO |   OK polythiazide -> CN1C(CSCC(F)(F)F)Nc2cc(Cl)c(S(N)(=O)=O)c... (method=exact_pref_name_match, frags=1)
2026-07-23 22:20:12 | 02_resolve_smiles | INFO | [1136/1211] Resolving: pergolide
2026-07-23 22:20:14 | 02_resolve_smiles | INFO |   OK pergolide -> CCCN1C[C@H](CSC)C[C@@H]2c3cccc4[nH]cc(c3... (method=exact_pref_name_match, frags=1)
2026-07-23 22:20:14 | 02_resolve_smiles | INFO | [1137/1211] Resolving: LAROTRECTINIB
2026-07-23 22:20:16 | 02_resolve_smiles | INFO |   OK LAROTRECTINIB -> O=C(Nc1cnn2ccc(N3CCC[C@@H]3c3cc(F)ccc3F)... (method=exact_pref_name_match, frags=1)
2026-07-23 22:20:16 | 02_resolve_smiles | INFO | [1138/1211] Resolving: SODIUM POLYSTYRENE SULFONATE
2026-07-23 22:20:19 | 02_resolve_smiles | WARNING |   X SODIUM POLYSTYRENE SULFONATE: no_structure --  | No canonical_smiles in ChEMBL response
2026-07-23 22:20:19 | 02_resolve_smiles | INFO | [1139/1211] Resolving: METHYLNALTREXONE BROMIDE
2026-07-23 22:20:22 | 02_resolve_smiles | INFO |   METHYLNALTREXONE BROMIDE: salt stripped (2 frags), removed: ['[Br-]']
2026-07-23 22:20:22 | 02_resolve_smiles | INFO |   OK METHYLNALTREXONE BROMIDE -> C[N+]1(CC2CC2)CC[C@]23c4c5ccc(O)c4O[C@H]... (method=exact_pref_name_match, frags=2)
2026-07-23 22:20:22 | 02_resolve_smiles | INFO | [1140/1211] Resolving: ESZOPICLONE
2026-07-23 22:20:23 | 02_resolve_smiles | INFO |   OK ESZOPICLONE -> CN1CCN(C(=O)O[C@H]2c3nccnc3C(=O)N2c2ccc(... (method=exact_pref_name_match, frags=1)
2026-07-23 22:20:23 | 02_resolve_smiles | INFO | [1141/1211] Resolving: VASOPRESSIN
2026-07-23 22:20:26 | 02_resolve_smiles | WARNING |   VASOPRESSIN: fallback to score-based selection -- verify manually if critical
2026-07-23 22:20:26 | 02_resolve_smiles | WARNING |   X VASOPRESSIN: no_structure -- No exact pref_name match; chose highest score (30.0) among 20 candidates | No canonical_smiles in ChEMBL response
2026-07-23 22:20:26 | 02_resolve_smiles | INFO | [1142/1211] Resolving: NALOXONE HYDROCHLORIDE
2026-07-23 22:20:29 | 02_resolve_smiles | INFO |   NALOXONE HYDROCHLORIDE: salt stripped (2 frags), removed: ['Cl']
2026-07-23 22:20:29 | 02_resolve_smiles | INFO |   OK NALOXONE HYDROCHLORIDE -> C=CCN1CC[C@]23c4c5ccc(O)c4O[C@H]2C(=O)CC... (method=exact_pref_name_match, frags=2)
2026-07-23 22:20:29 | 02_resolve_smiles | INFO | [1143/1211] Resolving: PHYTONADIONE
2026-07-23 22:20:31 | 02_resolve_smiles | INFO |   OK PHYTONADIONE -> CC1=C(C/C=C(\C)CCC[C@H](C)CCC[C@H](C)CCC... (method=exact_pref_name_match, frags=1)
2026-07-23 22:20:31 | 02_resolve_smiles | INFO | [1144/1211] Resolving: ALCOHOL
2026-07-23 22:20:33 | 02_resolve_smiles | WARNING |   ALCOHOL: fallback to score-based selection -- verify manually if critical
2026-07-23 22:20:33 | 02_resolve_smiles | INFO |   OK ALCOHOL -> OCc1ccccc1... (method=fallback_highest_score, frags=1)
2026-07-23 22:20:33 | 02_resolve_smiles | INFO | [1145/1211] Resolving: PROCHLORPERAZINE
2026-07-23 22:20:35 | 02_resolve_smiles | INFO |   OK PROCHLORPERAZINE -> CN1CCN(CCCN2c3ccccc3Sc3ccc(Cl)cc32)CC1... (method=exact_pref_name_match, frags=1)
2026-07-23 22:20:35 | 02_resolve_smiles | INFO | [1146/1211] Resolving: INCLISIRAN SODIUM
2026-07-23 22:20:39 | 02_resolve_smiles | WARNING |   X INCLISIRAN SODIUM: no_structure --  | No canonical_smiles in ChEMBL response
2026-07-23 22:20:39 | 02_resolve_smiles | INFO | [1147/1211] Resolving: Pegcetacoplan
2026-07-23 22:20:40 | 02_resolve_smiles | WARNING |   X Pegcetacoplan: no_structure --  | No canonical_smiles in ChEMBL response
2026-07-23 22:20:40 | 02_resolve_smiles | INFO | [1148/1211] Resolving: DEGARELIX
2026-07-23 22:20:43 | 02_resolve_smiles | INFO |   OK DEGARELIX -> CC(=O)N[C@H](Cc1ccc2ccccc2c1)C(=O)N[C@H]... (method=exact_pref_name_match, frags=1)
2026-07-23 22:20:43 | 02_resolve_smiles | INFO | [1149/1211] Resolving: LUMASIRAN
2026-07-23 22:20:45 | 02_resolve_smiles | WARNING |   X LUMASIRAN: no_structure --  | No canonical_smiles in ChEMBL response
2026-07-23 22:20:45 | 02_resolve_smiles | INFO | [1150/1211] Resolving: HISTRELIN ACETATE
2026-07-23 22:20:48 | 02_resolve_smiles | INFO |   HISTRELIN ACETATE: salt stripped (2 frags), removed: ['CC(=O)O']
2026-07-23 22:20:48 | 02_resolve_smiles | INFO |   OK HISTRELIN ACETATE -> CCNC(=O)[C@@H]1CCCN1C(=O)[C@H](CCCNC(=N)... (method=exact_pref_name_match, frags=2)
2026-07-23 22:20:48 | 02_resolve_smiles | INFO |   [Checkpoint saved at 1150 compounds]
2026-07-23 22:20:48 | 02_resolve_smiles | INFO | [1151/1211] Resolving: bremelanotide acetate
2026-07-23 22:20:51 | 02_resolve_smiles | INFO |   bremelanotide acetate: salt stripped (2 frags), removed: ['CC(=O)O']
2026-07-23 22:20:51 | 02_resolve_smiles | INFO |   OK bremelanotide acetate -> CCCC[C@H](NC(C)=O)C(=O)N[C@H]1CC(=O)NCCC... (method=exact_pref_name_match, frags=2)
2026-07-23 22:20:51 | 02_resolve_smiles | INFO | [1152/1211] Resolving: SETMELANOTIDE
2026-07-23 22:20:53 | 02_resolve_smiles | INFO |   OK SETMELANOTIDE -> CC(=O)N[C@@H](CCCNC(=N)N)C(=O)N[C@H]1CSS... (method=exact_pref_name_match, frags=1)
2026-07-23 22:20:53 | 02_resolve_smiles | INFO | [1153/1211] Resolving: LANREOTIDE ACETATE
2026-07-23 22:20:56 | 02_resolve_smiles | INFO |   LANREOTIDE ACETATE: salt stripped (2 frags), removed: ['CC(=O)O']
2026-07-23 22:20:56 | 02_resolve_smiles | INFO |   OK LANREOTIDE ACETATE -> CC(C)[C@@H]1NC(=O)[C@H](CCCCN)NC(=O)[C@@... (method=exact_pref_name_match, frags=2)
2026-07-23 22:20:56 | 02_resolve_smiles | INFO | [1154/1211] Resolving: ABALOPARATIDE
2026-07-23 22:20:58 | 02_resolve_smiles | WARNING |   X ABALOPARATIDE: no_structure --  | No canonical_smiles in ChEMBL response
2026-07-23 22:20:58 | 02_resolve_smiles | INFO | [1155/1211] Resolving: DASIGLUCAGON
2026-07-23 22:20:59 | 02_resolve_smiles | WARNING |   X DASIGLUCAGON: no_structure --  | No canonical_smiles in ChEMBL response
2026-07-23 22:20:59 | 02_resolve_smiles | INFO | [1156/1211] Resolving: exenatide
2026-07-23 22:21:01 | 02_resolve_smiles | INFO |   OK exenatide -> CC[C@H](C)[C@H](NC(=O)[C@H](Cc1ccccc1)NC... (method=exact_pref_name_match, frags=1)
2026-07-23 22:21:01 | 02_resolve_smiles | INFO | [1157/1211] Resolving: INOTERSEN SODIUM
2026-07-23 22:21:05 | 02_resolve_smiles | WARNING |   X INOTERSEN SODIUM: no_structure --  | No canonical_smiles in ChEMBL response
2026-07-23 22:21:05 | 02_resolve_smiles | INFO | [1158/1211] Resolving: LIRAGLUTIDE
2026-07-23 22:21:07 | 02_resolve_smiles | INFO |   OK LIRAGLUTIDE -> CCCCCCCCCCCCCCCC(=O)N[C@@H](CCC(=O)NCCCC... (method=exact_pref_name_match, frags=1)
2026-07-23 22:21:07 | 02_resolve_smiles | INFO | [1159/1211] Resolving: TESTOSTERONE ENANTHATE
2026-07-23 22:21:09 | 02_resolve_smiles | INFO |   OK TESTOSTERONE ENANTHATE -> CCCCCCC(=O)O[C@H]1CC[C@H]2[C@@H]3CCC4=CC... (method=exact_pref_name_match, frags=1)
2026-07-23 22:21:09 | 02_resolve_smiles | INFO | [1160/1211] Resolving: VOSORITIDE
2026-07-23 22:21:11 | 02_resolve_smiles | WARNING |   X VOSORITIDE: no_structure --  | No canonical_smiles in ChEMBL response
2026-07-23 22:21:11 | 02_resolve_smiles | INFO | [1161/1211] Resolving: pramlintide acetate
2026-07-23 22:21:14 | 02_resolve_smiles | INFO |   pramlintide acetate: salt stripped (2 frags), removed: ['CC(=O)O']
2026-07-23 22:21:14 | 02_resolve_smiles | INFO |   OK pramlintide acetate -> CC[C@H](C)[C@H](NC(=O)[C@@H]1CCCN1C(=O)C... (method=exact_pref_name_match, frags=2)
2026-07-23 22:21:14 | 02_resolve_smiles | INFO | [1162/1211] Resolving: goserelin acetate
2026-07-23 22:21:17 | 02_resolve_smiles | INFO |   goserelin acetate: salt stripped (2 frags), removed: ['CC(=O)O']
2026-07-23 22:21:17 | 02_resolve_smiles | INFO |   OK goserelin acetate -> CC(C)C[C@H](NC(=O)[C@@H](COC(C)(C)C)NC(=... (method=exact_pref_name_match, frags=2)
2026-07-23 22:21:17 | 02_resolve_smiles | INFO | [1163/1211] Resolving: OMACETAXINE MEPESUCCINATE
2026-07-23 22:21:19 | 02_resolve_smiles | INFO |   OK OMACETAXINE MEPESUCCINATE -> COC(=O)C[C@](O)(CCCC(C)(C)O)C(=O)O[C@@H]... (method=exact_pref_name_match, frags=1)
2026-07-23 22:21:19 | 02_resolve_smiles | INFO | [1164/1211] Resolving: givosiran sodium
2026-07-23 22:21:22 | 02_resolve_smiles | WARNING |   X givosiran sodium: no_structure --  | No canonical_smiles in ChEMBL response
2026-07-23 22:21:22 | 02_resolve_smiles | INFO | [1165/1211] Resolving: GLATIRAMER ACETATE
2026-07-23 22:21:25 | 02_resolve_smiles | WARNING |   X GLATIRAMER ACETATE: no_structure --  | No canonical_smiles in ChEMBL response
2026-07-23 22:21:25 | 02_resolve_smiles | INFO | [1166/1211] Resolving: SEMAGLUTIDE
2026-07-23 22:21:27 | 02_resolve_smiles | WARNING |   X SEMAGLUTIDE: no_structure --  | No canonical_smiles in ChEMBL response
2026-07-23 22:21:27 | 02_resolve_smiles | INFO | [1167/1211] Resolving: etonogestrel
2026-07-23 22:21:28 | 02_resolve_smiles | INFO |   OK etonogestrel -> C#C[C@]1(O)CC[C@H]2[C@@H]3CCC4=CC(=O)CC[... (method=exact_pref_name_match, frags=1)
2026-07-23 22:21:28 | 02_resolve_smiles | INFO | [1168/1211] Resolving: Enfuvirtide
2026-07-23 22:21:31 | 02_resolve_smiles | INFO |   OK Enfuvirtide -> CC[C@H](C)[C@H](NC(=O)[C@H](CC(C)C)NC(=O... (method=exact_pref_name_match, frags=1)
2026-07-23 22:21:31 | 02_resolve_smiles | INFO | [1169/1211] Resolving: MIPOMERSEN SODIUM
2026-07-23 22:21:34 | 02_resolve_smiles | INFO |   MIPOMERSEN SODIUM: salt stripped (20 frags), removed: ['[Na+]', '[Na+]', '[Na+]', '[Na+]', '[Na+]', '[Na+]', '[Na+]', '[Na+]', '[Na+]', '[Na+]', '[Na+]', '[Na+]', '[Na+]', '[Na+]', '[Na+]', '[Na+]', '[Na+]', '[Na+]', '[Na+]']
2026-07-23 22:21:34 | 02_resolve_smiles | INFO |   OK MIPOMERSEN SODIUM -> COCCO[C@@H]1[C@H](SP(=O)([O-])OC[C@H]2O[... (method=exact_pref_name_match, frags=20)
2026-07-23 22:21:34 | 02_resolve_smiles | INFO | [1170/1211] Resolving: DALTEPARIN SODIUM
2026-07-23 22:21:37 | 02_resolve_smiles | WARNING |   X DALTEPARIN SODIUM: no_structure --  | No canonical_smiles in ChEMBL response
2026-07-23 22:21:37 | 02_resolve_smiles | INFO | [1171/1211] Resolving: Teriparatide
2026-07-23 22:21:39 | 02_resolve_smiles | INFO |   OK Teriparatide -> CC[C@H](C)[C@H](NC(=O)[C@H](CCC(=O)O)NC(... (method=exact_pref_name_match, frags=1)
2026-07-23 22:21:39 | 02_resolve_smiles | INFO | [1172/1211] Resolving: DEOXYCHOLIC ACID
2026-07-23 22:21:42 | 02_resolve_smiles | INFO |   OK DEOXYCHOLIC ACID -> C[C@H](CCC(=O)O)[C@H]1CC[C@H]2[C@@H]3CC[... (method=exact_pref_name_match, frags=1)
2026-07-23 22:21:42 | 02_resolve_smiles | INFO | [1173/1211] Resolving: FONDAPARINUX SODIUM
2026-07-23 22:21:46 | 02_resolve_smiles | INFO |   FONDAPARINUX SODIUM: salt stripped (11 frags), removed: ['[Na+]', '[Na+]', '[Na+]', '[Na+]', '[Na+]', '[Na+]', '[Na+]', '[Na+]', '[Na+]', '[Na+]']
2026-07-23 22:21:46 | 02_resolve_smiles | INFO |   OK FONDAPARINUX SODIUM -> CO[C@H]1O[C@H](COS(=O)(=O)[O-])[C@@H](O[... (method=exact_pref_name_match, frags=11)
2026-07-23 22:21:46 | 02_resolve_smiles | INFO | [1174/1211] Resolving: terbutaline sulfate
2026-07-23 22:21:49 | 02_resolve_smiles | INFO |   terbutaline sulfate: salt stripped (3 frags), removed: ['CC(C)(C)NCC(O)c1cc(O)cc(O)c1', 'O=S(=O)(O)O']
2026-07-23 22:21:49 | 02_resolve_smiles | INFO |   OK terbutaline sulfate -> CC(C)(C)NCC(O)c1cc(O)cc(O)c1... (method=exact_pref_name_match, frags=3)
2026-07-23 22:21:49 | 02_resolve_smiles | INFO | [1175/1211] Resolving: ganirelix acetate
2026-07-23 22:21:52 | 02_resolve_smiles | INFO |   ganirelix acetate: salt stripped (3 frags), removed: ['CC(=O)O', 'CC(=O)O']
2026-07-23 22:21:52 | 02_resolve_smiles | INFO |   OK ganirelix acetate -> CC/N=C(\NCC)NCCCC[C@H](NC(=O)[C@H](CC(C)... (method=exact_pref_name_match, frags=3)
2026-07-23 22:21:52 | 02_resolve_smiles | INFO | [1176/1211] Resolving: ISOSULFAN BLUE
2026-07-23 22:21:54 | 02_resolve_smiles | INFO |   ISOSULFAN BLUE: salt stripped (2 frags), removed: ['[Na+]']
2026-07-23 22:21:54 | 02_resolve_smiles | INFO |   OK ISOSULFAN BLUE -> CCN(CC)c1ccc(C(=C2C=CC(=[N+](CC)CC)C=C2)... (method=exact_pref_name_match, frags=2)
2026-07-23 22:21:54 | 02_resolve_smiles | INFO | [1177/1211] Resolving: ICATIBANT ACETATE
2026-07-23 22:21:57 | 02_resolve_smiles | INFO |   ICATIBANT ACETATE: salt stripped (2 frags), removed: ['CC(=O)O']
2026-07-23 22:21:57 | 02_resolve_smiles | INFO |   OK ICATIBANT ACETATE -> N=C(N)NCCC[C@@H](N)C(=O)N[C@@H](CCCNC(=N... (method=exact_pref_name_match, frags=2)
2026-07-23 22:21:57 | 02_resolve_smiles | INFO | [1178/1211] Resolving: tinzaparin sodium
2026-07-23 22:22:00 | 02_resolve_smiles | WARNING |   X tinzaparin sodium: no_structure --  | No canonical_smiles in ChEMBL response
2026-07-23 22:22:00 | 02_resolve_smiles | INFO | [1179/1211] Resolving: apomorphine hydrochloride
2026-07-23 22:22:03 | 02_resolve_smiles | INFO |   apomorphine hydrochloride: salt stripped (5 frags), removed: ['CN1CCc2cccc3c2[C@H]1Cc1ccc(O)c(O)c1-3', 'Cl', 'Cl', 'O']
2026-07-23 22:22:03 | 02_resolve_smiles | INFO |   OK apomorphine hydrochloride -> CN1CCc2cccc3c2[C@H]1Cc1ccc(O)c(O)c1-3... (method=exact_pref_name_match, frags=5)
2026-07-23 22:22:03 | 02_resolve_smiles | INFO | [1180/1211] Resolving: SUFENTANIL
2026-07-23 22:22:05 | 02_resolve_smiles | INFO |   OK SUFENTANIL -> CCC(=O)N(c1ccccc1)C1(COC)CCN(CCc2cccs2)C... (method=exact_pref_name_match, frags=1)
2026-07-23 22:22:05 | 02_resolve_smiles | INFO | [1181/1211] Resolving: NITROGLYCERIN
2026-07-23 22:22:06 | 02_resolve_smiles | INFO |   OK NITROGLYCERIN -> O=[N+]([O-])OCC(CO[N+](=O)[O-])O[N+](=O)... (method=exact_pref_name_match, frags=1)
2026-07-23 22:22:06 | 02_resolve_smiles | INFO | [1182/1211] Resolving: ASENAPINE MALEATE
2026-07-23 22:22:09 | 02_resolve_smiles | INFO |   ASENAPINE MALEATE: salt stripped (2 frags), removed: ['O=C(O)/C=C\\C(=O)O']
2026-07-23 22:22:09 | 02_resolve_smiles | INFO |   OK ASENAPINE MALEATE -> CN1CC2c3ccccc3Oc3ccc(Cl)cc3C2C1... (method=exact_pref_name_match, frags=2)
2026-07-23 22:22:09 | 02_resolve_smiles | INFO | [1183/1211] Resolving: BUPRENORPHINE HYDROCHLORIDE
2026-07-23 22:22:12 | 02_resolve_smiles | INFO |   BUPRENORPHINE HYDROCHLORIDE: salt stripped (2 frags), removed: ['Cl']
2026-07-23 22:22:12 | 02_resolve_smiles | INFO |   OK BUPRENORPHINE HYDROCHLORIDE -> CO[C@@]12CC[C@@]3(C[C@@H]1[C@](C)(O)C(C)... (method=exact_pref_name_match, frags=2)
2026-07-23 22:22:12 | 02_resolve_smiles | INFO | [1184/1211] Resolving: PRILOCAINE HYDROCHLORIDE
2026-07-23 22:22:14 | 02_resolve_smiles | INFO |   PRILOCAINE HYDROCHLORIDE: salt stripped (2 frags), removed: ['Cl']
2026-07-23 22:22:14 | 02_resolve_smiles | INFO |   OK PRILOCAINE HYDROCHLORIDE -> CCCNC(C)C(=O)Nc1ccccc1C... (method=exact_pref_name_match, frags=2)
2026-07-23 22:22:14 | 02_resolve_smiles | INFO | [1185/1211] Resolving: Etoricoxib
2026-07-23 22:22:16 | 02_resolve_smiles | INFO |   OK Etoricoxib -> Cc1ccc(-c2ncc(Cl)cc2-c2ccc(S(C)(=O)=O)cc... (method=exact_pref_name_match, frags=1)
2026-07-23 22:22:16 | 02_resolve_smiles | INFO | [1186/1211] Resolving: Rofecoxib
2026-07-23 22:22:18 | 02_resolve_smiles | INFO |   OK Rofecoxib -> CS(=O)(=O)c1ccc(C2=C(c3ccccc3)C(=O)OC2)c... (method=exact_pref_name_match, frags=1)
2026-07-23 22:22:18 | 02_resolve_smiles | INFO | [1187/1211] Resolving: Benfluorex
2026-07-23 22:22:21 | 02_resolve_smiles | INFO |   OK Benfluorex -> CC(Cc1cccc(C(F)(F)F)c1)NCCOC(=O)c1ccccc1... (method=exact_pref_name_match, frags=1)
2026-07-23 22:22:21 | 02_resolve_smiles | INFO | [1188/1211] Resolving: Chlorphentermine
2026-07-23 22:22:23 | 02_resolve_smiles | INFO |   OK Chlorphentermine -> CC(C)(N)Cc1ccc(Cl)cc1... (method=exact_pref_name_match, frags=1)
2026-07-23 22:22:23 | 02_resolve_smiles | INFO | [1189/1211] Resolving: Dexfenfluramine
2026-07-23 22:22:25 | 02_resolve_smiles | INFO |   OK Dexfenfluramine -> CCN[C@@H](C)Cc1cccc(C(F)(F)F)c1... (method=exact_pref_name_match, frags=1)
2026-07-23 22:22:25 | 02_resolve_smiles | INFO | [1190/1211] Resolving: Fenfluramine
2026-07-23 22:22:27 | 02_resolve_smiles | INFO |   OK Fenfluramine -> CCNC(C)Cc1cccc(C(F)(F)F)c1... (method=exact_pref_name_match, frags=1)
2026-07-23 22:22:27 | 02_resolve_smiles | INFO | [1191/1211] Resolving: Levomethadyl acetate
2026-07-23 22:22:30 | 02_resolve_smiles | INFO |   OK Levomethadyl acetate -> CC[C@H](OC(C)=O)C(C[C@H](C)N(C)C)(c1cccc... (method=exact_pref_name_match, frags=1)
2026-07-23 22:22:30 | 02_resolve_smiles | INFO | [1192/1211] Resolving: Phentermine
2026-07-23 22:22:32 | 02_resolve_smiles | INFO |   OK Phentermine -> CC(C)(N)Cc1ccccc1... (method=exact_pref_name_match, frags=1)
2026-07-23 22:22:32 | 02_resolve_smiles | INFO | [1193/1211] Resolving: Propoxyphene
2026-07-23 22:22:34 | 02_resolve_smiles | INFO |   OK Propoxyphene -> CCC(=O)O[C@](Cc1ccccc1)(c1ccccc1)[C@H](C... (method=exact_pref_name_match, frags=1)
2026-07-23 22:22:34 | 02_resolve_smiles | INFO | [1194/1211] Resolving: Sertindole
2026-07-23 22:22:36 | 02_resolve_smiles | INFO |   OK Sertindole -> O=C1NCCN1CCN1CCC(c2cn(-c3ccc(F)cc3)c3ccc... (method=exact_pref_name_match, frags=1)
2026-07-23 22:22:36 | 02_resolve_smiles | INFO | [1195/1211] Resolving: Sibutramine
2026-07-23 22:22:37 | 02_resolve_smiles | INFO |   OK Sibutramine -> CC(C)CC(N(C)C)C1(c2ccc(Cl)cc2)CCC1... (method=exact_pref_name_match, frags=1)
2026-07-23 22:22:37 | 02_resolve_smiles | INFO | [1196/1211] Resolving: Cisapride
2026-07-23 22:22:39 | 02_resolve_smiles | INFO |   OK Cisapride -> COc1cc(N)c(Cl)cc1C(=O)NC1CCN(CCCOc2ccc(F... (method=exact_pref_name_match, frags=1)
2026-07-23 22:22:39 | 02_resolve_smiles | INFO | [1197/1211] Resolving: Tegaserod
2026-07-23 22:22:41 | 02_resolve_smiles | INFO |   OK Tegaserod -> CCCCCNC(=N)N/N=C/c1c[nH]c2ccc(OC)cc12... (method=exact_pref_name_match, frags=1)
2026-07-23 22:22:41 | 02_resolve_smiles | INFO | [1198/1211] Resolving: Terodiline
2026-07-23 22:22:43 | 02_resolve_smiles | INFO |   OK Terodiline -> CC(CC(c1ccccc1)c1ccccc1)NC(C)(C)C... (method=exact_pref_name_match, frags=1)
2026-07-23 22:22:43 | 02_resolve_smiles | INFO | [1199/1211] Resolving: Astemizole
2026-07-23 22:22:45 | 02_resolve_smiles | INFO |   OK Astemizole -> COc1ccc(CCN2CCC(Nc3nc4ccccc4n3Cc3ccc(F)c... (method=exact_pref_name_match, frags=1)
2026-07-23 22:22:45 | 02_resolve_smiles | INFO | [1200/1211] Resolving: Terfenadine
2026-07-23 22:22:46 | 02_resolve_smiles | INFO |   OK Terfenadine -> CC(C)(C)c1ccc(C(O)CCCN2CCC(C(O)(c3ccccc3... (method=exact_pref_name_match, frags=1)
2026-07-23 22:22:47 | 02_resolve_smiles | INFO |   [Checkpoint saved at 1200 compounds]
2026-07-23 22:22:47 | 02_resolve_smiles | INFO | [1201/1211] Resolving: Grepafloxacin
2026-07-23 22:22:49 | 02_resolve_smiles | INFO |   OK Grepafloxacin -> Cc1c(F)c(N2CCNC(C)C2)cc2c1c(=O)c(C(=O)O)... (method=exact_pref_name_match, frags=1)
2026-07-23 22:22:49 | 02_resolve_smiles | INFO | [1202/1211] Resolving: Sparfloxacin
2026-07-23 22:22:51 | 02_resolve_smiles | INFO |   OK Sparfloxacin -> C[C@@H]1CN(c2c(F)c(N)c3c(=O)c(C(=O)O)cn(... (method=exact_pref_name_match, frags=1)
2026-07-23 22:22:51 | 02_resolve_smiles | INFO | [1203/1211] Resolving: Buflomedil
2026-07-23 22:22:54 | 02_resolve_smiles | INFO |   OK Buflomedil -> COc1cc(OC)c(C(=O)CCCN2CCCC2)c(OC)c1... (method=exact_pref_name_match, frags=1)
2026-07-23 22:22:54 | 02_resolve_smiles | INFO | [1204/1211] Resolving: Dofetilide
2026-07-23 22:22:55 | 02_resolve_smiles | INFO |   OK Dofetilide -> CN(CCOc1ccc(NS(C)(=O)=O)cc1)CCc1ccc(NS(C... (method=exact_pref_name_match, frags=1)
2026-07-23 22:22:55 | 02_resolve_smiles | INFO | [1205/1211] Resolving: Encainide
2026-07-23 22:22:58 | 02_resolve_smiles | INFO |   OK Encainide -> COc1ccc(C(=O)Nc2ccccc2CCC2CCCCN2C)cc1... (method=exact_pref_name_match, frags=1)
2026-07-23 22:22:58 | 02_resolve_smiles | INFO | [1206/1211] Resolving: Lidoflazine
2026-07-23 22:23:00 | 02_resolve_smiles | INFO |   OK Lidoflazine -> Cc1cccc(C)c1NC(=O)CN1CCN(CCCC(c2ccc(F)cc... (method=exact_pref_name_match, frags=1)
2026-07-23 22:23:00 | 02_resolve_smiles | INFO | [1207/1211] Resolving: Mibefradil
2026-07-23 22:23:02 | 02_resolve_smiles | INFO |   OK Mibefradil -> COCC(=O)O[C@]1(CCN(C)CCCc2nc3ccccc3[nH]2... (method=exact_pref_name_match, frags=1)
2026-07-23 22:23:02 | 02_resolve_smiles | INFO | [1208/1211] Resolving: Orciprenaline
2026-07-23 22:23:04 | 02_resolve_smiles | WARNING |   Orciprenaline: fallback to score-based selection -- verify manually if critical
2026-07-23 22:23:04 | 02_resolve_smiles | INFO |   Orciprenaline: salt stripped (2 frags), removed: ['CC(C)NCC(O)c1cc(O)cc(O)c1']
2026-07-23 22:23:04 | 02_resolve_smiles | INFO |   OK Orciprenaline -> CC(C)NCC(O)c1cc(O)cc(O)c1... (method=fallback_highest_score, frags=2)
2026-07-23 22:23:04 | 02_resolve_smiles | INFO | [1209/1211] Resolving: Prenylamine
2026-07-23 22:23:06 | 02_resolve_smiles | INFO |   OK Prenylamine -> CC(Cc1ccccc1)NCCC(c1ccccc1)c1ccccc1... (method=exact_pref_name_match, frags=1)
2026-07-23 22:23:06 | 02_resolve_smiles | INFO | [1210/1211] Resolving: Probucol
2026-07-23 22:23:07 | 02_resolve_smiles | INFO |   OK Probucol -> CC(C)(Sc1cc(C(C)(C)C)c(O)c(C(C)(C)C)c1)S... (method=exact_pref_name_match, frags=1)
2026-07-23 22:23:07 | 02_resolve_smiles | INFO | [1211/1211] Resolving: Clobutinol
2026-07-23 22:23:09 | 02_resolve_smiles | INFO |   OK Clobutinol -> CC(CN(C)C)C(C)(O)Cc1ccc(Cl)cc1... (method=exact_pref_name_match, frags=1)
2026-07-23 22:23:09 | 02_resolve_smiles | INFO | ============================================================
2026-07-23 22:23:09 | 02_resolve_smiles | INFO | RESOLUTION SUMMARY
2026-07-23 22:23:09 | 02_resolve_smiles | INFO |   Total compounds         : 1211
2026-07-23 22:23:09 | 02_resolve_smiles | INFO |   Successfully resolved   : 1048 (86.5%)
2026-07-23 22:23:09 | 02_resolve_smiles | INFO |   - Newly resolved        : 1048
2026-07-23 22:23:09 | 02_resolve_smiles | INFO |   - From checkpoint       : 0
2026-07-23 22:23:09 | 02_resolve_smiles | INFO |   Failed                  : 163
2026-07-23 22:23:09 | 02_resolve_smiles | INFO |   Salt-stripped compounds : 479 (39.6%)
2026-07-23 22:23:09 | 02_resolve_smiles | INFO |   Fallback-to-score used  : 76
2026-07-23 22:23:09 | 02_resolve_smiles | INFO | ============================================================
2026-07-23 22:23:09 | 02_resolve_smiles | INFO | Output: C:\Users\patel\Desktop\group_project\cardiotox-fusion\data\processed\compounds_with_smiles.csv
2026-07-23 22:23:09 | 02_resolve_smiles | INFO | 02_resolve_smiles.py COMPLETE
